latitude,longitude,elevation,utc_offset_seconds,timezone,timezone_abbreviation
55.782074,37.576374,151.0,10800,Europe/Moscow,GMT+3

time,temperature_2m (°C),relative_humidity_2m (%),apparent_temperature (°C),precipitation (mm),rain (mm),snowfall (cm),snow_depth (m),weather_code (wmo code),wind_speed_10m (km/h),wind_gusts_10m (km/h),cloud_cover (%)
2025-01-01T00:00,-1.9,87,-6.2,0.00,0.00,0.00,0.28,2,11.9,27.7,76
2025-01-01T01:00,-2.2,86,-6.9,0.00,0.00,0.00,0.28,3,13.8,29.5,100
2025-01-01T02:00,-2.5,85,-7.4,0.00,0.00,0.00,0.28,3,14.5,31.7,95
2025-01-01T03:00,-3.5,85,-8.3,0.00,0.00,0.00,0.28,1,13.5,31.3,41
2025-01-01T04:00,-4.2,84,-9.0,0.00,0.00,0.00,0.28,3,12.9,27.4,82
2025-01-01T05:00,-4.7,86,-9.4,0.00,0.00,0.00,0.28,3,12.5,27.4,100
2025-01-01T06:00,-5.4,87,-9.9,0.00,0.00,0.00,0.28,3,10.8,25.9,86
2025-01-01T07:00,-6.2,89,-10.8,0.00,0.00,0.00,0.28,3,10.6,22.3,94
2025-01-01T08:00,-6.8,89,-11.2,0.00,0.00,0.00,0.28,3,8.9,21.2,100
2025-01-01T09:00,-6.5,90,-11.0,0.00,0.00,0.00,0.28,3,9.6,19.8,100
2025-01-01T10:00,-5.6,90,-9.9,0.00,0.00,0.00,0.28,3,9.2,19.4,100
2025-01-01T11:00,-4.8,90,-9.2,0.00,0.00,0.00,0.28,3,10.3,20.9,100
2025-01-01T12:00,-3.8,90,-8.2,0.20,0.00,0.14,0.28,71,11.2,23.4,100
2025-01-01T13:00,-3.1,90,-7.5,0.40,0.00,0.28,0.28,73,12.1,25.9,100
2025-01-01T14:00,-2.4,90,-7.0,0.40,0.00,0.28,0.28,73,14.0,30.2,100
2025-01-01T15:00,-1.5,90,-6.2,0.50,0.00,0.35,0.29,73,14.6,31.0,100
2025-01-01T16:00,-1.4,92,-5.8,0.50,0.00,0.35,0.29,73,13.3,29.5,100
2025-01-01T17:00,-0.5,92,-4.8,0.40,0.00,0.28,0.29,73,13.4,28.4,100
2025-01-01T18:00,0.3,91,-4.2,0.40,0.00,0.28,0.29,73,15.0,32.0,100
2025-01-01T19:00,0.4,91,-4.3,0.30,0.00,0.21,0.30,73,16.5,35.6,100
2025-01-01T20:00,0.5,90,-4.3,0.20,0.00,0.14,0.30,71,17.2,37.4,100
2025-01-01T21:00,0.6,90,-4.3,0.30,0.00,0.21,0.30,73,18.0,38.9,100
2025-01-01T22:00,0.9,90,-4.1,0.20,0.00,0.14,0.30,71,19.1,41.4,100
2025-01-01T23:00,1.3,90,-3.7,0.10,0.10,0.00,0.30,51,19.8,43.2,100
2025-01-02T00:00,1.7,89,-3.4,0.10,0.10,0.00,0.30,51,20.1,43.6,100
2025-01-02T01:00,2.0,88,-3.1,0.00,0.00,0.00,0.30,3,20.7,45.0,100
2025-01-02T02:00,2.1,89,-3.0,0.00,0.00,0.00,0.30,3,20.6,45.0,100
2025-01-02T03:00,2.1,89,-3.0,0.00,0.00,0.00,0.29,3,21.0,46.1,100
2025-01-02T04:00,1.4,90,-3.8,0.10,0.10,0.00,0.29,51,20.6,45.4,100
2025-01-02T05:00,1.4,91,-3.9,0.20,0.20,0.00,0.29,51,21.4,46.8,100
2025-01-02T06:00,1.7,90,-3.5,0.20,0.20,0.00,0.29,51,21.6,47.2,100
2025-01-02T07:00,2.0,89,-3.4,0.10,0.10,0.00,0.29,51,23.1,50.0,100
2025-01-02T08:00,2.4,88,-3.3,0.10,0.10,0.00,0.29,51,24.9,53.6,100
2025-01-02T09:00,2.7,86,-3.2,0.10,0.10,0.00,0.29,51,26.5,58.3,100
2025-01-02T10:00,3.1,84,-2.9,0.00,0.00,0.00,0.28,3,26.8,60.1,100
2025-01-02T11:00,3.0,85,-2.6,0.00,0.00,0.00,0.28,3,24.3,60.5,100
2025-01-02T12:00,3.0,85,-2.3,0.00,0.00,0.00,0.28,3,22.9,51.1,100
2025-01-02T13:00,3.0,85,-2.4,0.00,0.00,0.00,0.28,3,22.6,50.8,100
2025-01-02T14:00,3.0,85,-2.3,0.00,0.00,0.00,0.27,3,22.4,47.9,100
2025-01-02T15:00,2.7,86,-2.2,0.00,0.00,0.00,0.27,3,19.7,47.2,100
2025-01-02T16:00,2.2,85,-2.9,0.00,0.00,0.00,0.27,3,20.0,42.1,100
2025-01-02T17:00,1.8,87,-3.4,0.00,0.00,0.00,0.27,3,20.5,43.9,100
2025-01-02T18:00,1.6,89,-3.4,0.10,0.10,0.00,0.27,51,19.5,44.6,100
2025-01-02T19:00,1.5,91,-3.4,0.20,0.20,0.00,0.27,51,19.1,41.8,100
2025-01-02T20:00,1.7,90,-3.3,0.10,0.10,0.00,0.26,51,20.3,43.2,100
2025-01-02T21:00,1.8,90,-2.8,0.00,0.00,0.00,0.26,3,17.5,45.0,100
2025-01-02T22:00,1.7,91,-2.4,0.20,0.20,0.00,0.26,51,13.9,37.8,100
2025-01-02T23:00,1.3,94,-2.6,0.50,0.40,0.07,0.26,71,12.5,29.5,100
2025-01-03T00:00,1.0,96,-3.0,0.80,0.30,0.35,0.26,73,13.2,28.1,100
2025-01-03T01:00,1.1,95,-3.0,0.20,0.20,0.00,0.26,51,14.1,29.5,100
2025-01-03T02:00,1.2,94,-3.3,0.20,0.20,0.00,0.27,51,16.3,34.6,98
2025-01-03T03:00,1.4,91,-3.6,0.00,0.00,0.00,0.27,3,19.6,42.1,98
2025-01-03T04:00,0.9,93,-3.1,0.10,0.00,0.07,0.28,71,12.4,27.7,100
2025-01-03T05:00,-0.4,96,-4.1,1.00,0.00,0.70,0.28,73,9.6,25.2,100
2025-01-03T06:00,-1.2,93,-5.6,0.80,0.00,0.56,0.28,73,13.7,30.6,100
2025-01-03T07:00,-1.9,91,-6.4,0.30,0.00,0.21,0.28,73,13.1,30.2,100
2025-01-03T08:00,-2.8,91,-7.5,0.10,0.00,0.07,0.28,71,13.9,31.3,100
2025-01-03T09:00,-4.2,84,-9.3,0.00,0.00,0.00,0.28,2,15.0,33.5,66
2025-01-03T10:00,-4.9,79,-9.5,0.00,0.00,0.00,0.28,2,10.7,33.1,65
2025-01-03T11:00,-5.0,80,-8.9,0.00,0.00,0.00,0.28,3,5.5,23.4,99
2025-01-03T12:00,-4.5,80,-8.4,0.00,0.00,0.00,0.28,3,5.9,15.1,87
2025-01-03T13:00,-4.4,81,-8.8,0.00,0.00,0.00,0.28,2,9.6,24.8,79
2025-01-03T14:00,-4.6,80,-8.7,0.00,0.00,0.00,0.28,3,7.6,23.0,100
2025-01-03T15:00,-4.7,81,-8.7,0.00,0.00,0.00,0.28,3,7.2,18.0,100
2025-01-03T16:00,-6.9,78,-10.9,0.00,0.00,0.00,0.28,0,5.4,11.9,1
2025-01-03T17:00,-7.1,80,-11.3,0.00,0.00,0.00,0.28,0,6.7,12.6,9
2025-01-03T18:00,-6.3,82,-10.7,0.00,0.00,0.00,0.28,3,8.6,16.9,100
2025-01-03T19:00,-6.0,85,-10.2,0.00,0.00,0.00,0.28,2,8.0,17.3,52
2025-01-03T20:00,-6.4,85,-10.5,0.00,0.00,0.00,0.28,0,6.7,15.8,0
2025-01-03T21:00,-7.2,86,-11.5,0.00,0.00,0.00,0.28,0,7.4,14.0,0
2025-01-03T22:00,-7.5,87,-12.0,0.00,0.00,0.00,0.28,2,9.1,18.4,50
2025-01-03T23:00,-8.1,85,-12.6,0.00,0.00,0.00,0.28,3,9.1,18.4,100
2025-01-04T00:00,-8.4,84,-12.9,0.00,0.00,0.00,0.28,3,8.2,18.4,100
2025-01-04T01:00,-8.9,84,-13.3,0.00,0.00,0.00,0.28,3,7.9,16.2,100
2025-01-04T02:00,-7.9,84,-12.3,0.00,0.00,0.00,0.28,3,8.0,17.3,100
2025-01-04T03:00,-7.6,84,-11.8,0.00,0.00,0.00,0.28,3,6.7,16.2,100
2025-01-04T04:00,-6.1,78,-10.5,0.00,0.00,0.00,0.28,3,8.0,17.3,100
2025-01-04T05:00,-5.8,79,-10.2,0.00,0.00,0.00,0.28,3,8.5,17.3,100
2025-01-04T06:00,-5.8,81,-10.1,0.00,0.00,0.00,0.28,3,7.8,17.6,100
2025-01-04T07:00,-5.7,83,-9.9,0.00,0.00,0.00,0.28,3,7.6,16.2,100
2025-01-04T08:00,-5.6,85,-9.8,0.00,0.00,0.00,0.28,3,8.3,17.3,100
2025-01-04T09:00,-5.7,87,-10.0,0.00,0.00,0.00,0.28,3,8.7,18.0,100
2025-01-04T10:00,-5.8,87,-9.8,0.10,0.00,0.07,0.28,71,6.8,18.0,100
2025-01-04T11:00,-5.4,86,-9.7,0.00,0.00,0.00,0.28,3,8.8,18.4,100
2025-01-04T12:00,-4.9,84,-9.3,0.00,0.00,0.00,0.28,3,9.4,22.7,95
2025-01-04T13:00,-4.6,82,-8.7,0.00,0.00,0.00,0.28,3,7.7,21.6,82
2025-01-04T14:00,-4.8,82,-8.6,0.00,0.00,0.00,0.28,3,5.8,18.0,100
2025-01-04T15:00,-4.7,85,-8.6,0.10,0.00,0.07,0.28,71,6.6,13.7,100
2025-01-04T16:00,-4.1,85,-8.0,0.10,0.00,0.07,0.28,71,6.9,15.1,100
2025-01-04T17:00,-3.9,85,-7.7,0.00,0.00,0.00,0.28,3,6.8,14.4,100
2025-01-04T18:00,-3.6,86,-7.4,0.00,0.00,0.00,0.28,3,7.0,14.8,100
2025-01-04T19:00,-3.6,87,-7.3,0.10,0.00,0.07,0.28,71,6.7,14.8,100
2025-01-04T20:00,-3.6,89,-7.2,0.20,0.00,0.14,0.28,71,5.8,13.7,100
2025-01-04T21:00,-3.6,91,-7.1,0.10,0.00,0.07,0.28,71,5.2,11.9,100
2025-01-04T22:00,-3.6,91,-7.3,0.10,0.00,0.07,0.28,71,6.1,12.2,100
2025-01-04T23:00,-3.6,91,-7.3,0.00,0.00,0.00,0.28,3,7.1,14.4,100
2025-01-05T00:00,-3.9,91,-7.9,0.00,0.00,0.00,0.28,3,8.5,17.3,100
2025-01-05T01:00,-3.8,90,-8.2,0.00,0.00,0.00,0.28,3,11.1,23.4,100
2025-01-05T02:00,-4.1,89,-8.7,0.10,0.00,0.07,0.29,71,11.9,25.9,100
2025-01-05T03:00,-4.1,90,-8.5,0.10,0.00,0.07,0.29,71,11.0,25.9,100
2025-01-05T04:00,-4.0,91,-8.3,0.00,0.00,0.00,0.29,3,10.1,22.7,94
2025-01-05T05:00,-4.6,88,-9.2,0.00,0.00,0.00,0.29,3,11.6,24.8,99
2025-01-05T06:00,-4.7,86,-9.2,0.00,0.00,0.00,0.29,3,10.5,25.2,100
2025-01-05T07:00,-4.5,87,-9.3,0.10,0.00,0.07,0.29,71,13.4,28.4,86
2025-01-05T08:00,-5.5,80,-10.4,0.00,0.00,0.00,0.29,0,12.7,31.3,0
2025-01-05T09:00,-6.9,82,-11.9,0.00,0.00,0.00,0.29,2,12.4,27.4,76
2025-01-05T10:00,-7.1,85,-12.0,0.00,0.00,0.00,0.29,3,12.0,27.0,95
2025-01-05T11:00,-6.8,86,-11.9,0.00,0.00,0.00,0.29,3,13.4,28.8,100
2025-01-05T12:00,-5.7,85,-10.8,0.00,0.00,0.00,0.29,3,13.9,32.0,99
2025-01-05T13:00,-5.0,83,-10.5,0.00,0.00,0.00,0.29,3,17.0,36.7,100
2025-01-05T14:00,-4.4,82,-9.3,0.00,0.00,0.00,0.29,3,13.8,35.6,100
2025-01-05T15:00,-4.1,82,-9.0,0.00,0.00,0.00,0.29,3,13.9,31.0,100
2025-01-05T16:00,-4.4,86,-9.0,0.10,0.00,0.07,0.29,71,11.7,25.2,100
2025-01-05T17:00,-4.4,84,-9.4,0.10,0.00,0.07,0.29,71,14.6,32.0,100
2025-01-05T18:00,-4.7,82,-9.9,0.00,0.00,0.00,0.29,3,14.9,33.1,100
2025-01-05T19:00,-4.9,82,-10.1,0.00,0.00,0.00,0.29,3,14.6,33.1,100
2025-01-05T20:00,-5.0,80,-10.3,0.00,0.00,0.00,0.29,3,15.2,33.5,100
2025-01-05T21:00,-5.1,81,-10.3,0.00,0.00,0.00,0.29,3,14.4,33.5,100
2025-01-05T22:00,-5.3,82,-10.3,0.00,0.00,0.00,0.29,3,13.8,32.0,100
2025-01-05T23:00,-5.5,83,-10.5,0.00,0.00,0.00,0.29,3,13.5,30.6,100
2025-01-06T00:00,-5.6,82,-10.6,0.00,0.00,0.00,0.29,3,13.7,29.9,100
2025-01-06T01:00,-5.7,83,-10.8,0.00,0.00,0.00,0.29,3,13.8,30.6,100
2025-01-06T02:00,-5.6,84,-10.5,0.00,0.00,0.00,0.29,3,12.7,30.2,100
2025-01-06T03:00,-5.5,84,-10.4,0.00,0.00,0.00,0.29,3,12.4,27.7,100
2025-01-06T04:00,-5.8,84,-10.6,0.00,0.00,0.00,0.29,3,12.1,26.6,100
2025-01-06T05:00,-5.8,83,-10.7,0.00,0.00,0.00,0.29,3,12.4,27.7,100
2025-01-06T06:00,-5.9,84,-10.7,0.00,0.00,0.00,0.29,3,11.9,27.4,100
2025-01-06T07:00,-5.8,85,-10.5,0.00,0.00,0.00,0.29,3,11.0,25.6,100
2025-01-06T08:00,-5.7,84,-10.4,0.00,0.00,0.00,0.29,3,10.8,23.8,100
2025-01-06T09:00,-5.9,82,-10.5,0.00,0.00,0.00,0.29,3,10.6,23.4,100
2025-01-06T10:00,-6.4,82,-11.2,0.00,0.00,0.00,0.29,3,10.9,23.0,86
2025-01-06T11:00,-6.4,80,-11.0,0.00,0.00,0.00,0.29,2,10.1,23.4,58
2025-01-06T12:00,-6.1,80,-10.4,0.00,0.00,0.00,0.29,3,8.0,21.2,93
2025-01-06T13:00,-5.6,83,-9.8,0.00,0.00,0.00,0.29,3,7.7,18.0,100
2025-01-06T14:00,-5.3,80,-9.2,0.00,0.00,0.00,0.29,3,5.5,17.3,98
2025-01-06T15:00,-5.7,81,-9.2,0.00,0.00,0.00,0.29,3,2.7,11.9,100
2025-01-06T16:00,-5.5,79,-9.5,0.00,0.00,0.00,0.29,3,6.1,12.2,100
2025-01-06T17:00,-5.3,81,-9.5,0.00,0.00,0.00,0.29,3,7.5,15.5,98
2025-01-06T18:00,-6.2,83,-10.5,0.00,0.00,0.00,0.29,3,8.6,16.9,95
2025-01-06T19:00,-5.8,87,-10.2,0.00,0.00,0.00,0.29,3,9.5,19.1,100
2025-01-06T20:00,-5.6,87,-10.1,0.00,0.00,0.00,0.29,3,10.2,20.9,96
2025-01-06T21:00,-6.5,88,-11.1,0.00,0.00,0.00,0.29,3,10.6,21.2,92
2025-01-06T22:00,-6.6,88,-11.4,0.00,0.00,0.00,0.29,3,11.5,24.1,100
2025-01-06T23:00,-6.0,86,-10.8,0.00,0.00,0.00,0.29,3,11.7,24.1,100
2025-01-07T00:00,-5.7,85,-10.5,0.00,0.00,0.00,0.29,3,12.3,26.3,100
2025-01-07T01:00,-5.0,84,-9.9,0.10,0.00,0.07,0.29,71,13.0,28.1,100
2025-01-07T02:00,-4.8,83,-9.8,0.10,0.00,0.07,0.29,71,13.9,30.2,100
2025-01-07T03:00,-4.8,84,-9.9,0.10,0.00,0.07,0.29,71,14.3,31.0,100
2025-01-07T04:00,-4.9,86,-9.8,0.20,0.00,0.14,0.29,71,13.4,29.2,100
2025-01-07T05:00,-4.7,88,-9.5,0.20,0.00,0.14,0.29,71,13.0,28.8,100
2025-01-07T06:00,-4.4,89,-9.1,0.30,0.00,0.21,0.29,73,12.5,28.4,100
2025-01-07T07:00,-4.1,90,-8.8,0.30,0.00,0.21,0.29,73,12.7,27.4,100
2025-01-07T08:00,-3.9,90,-8.4,0.70,0.00,0.49,0.29,73,11.9,27.4,100
2025-01-07T09:00,-3.6,91,-7.9,0.80,0.00,0.56,0.30,73,10.8,25.6,100
2025-01-07T10:00,-3.3,92,-7.8,0.60,0.00,0.42,0.30,73,12.2,25.9,100
2025-01-07T11:00,-2.8,91,-7.2,0.10,0.00,0.07,0.30,71,11.9,26.6,100
2025-01-07T12:00,-2.2,91,-6.4,0.00,0.00,0.00,0.30,3,10.7,25.2,100
2025-01-07T13:00,-1.6,92,-5.5,0.00,0.00,0.00,0.30,3,9.6,22.3,100
2025-01-07T14:00,-1.0,92,-4.7,0.00,0.00,0.00,0.30,3,9.0,19.8,100
2025-01-07T15:00,-0.4,93,-4.0,0.00,0.00,0.00,0.30,3,8.5,18.7,100
2025-01-07T16:00,-0.6,94,-4.1,0.00,0.00,0.00,0.30,3,7.7,18.4,100
2025-01-07T17:00,0.1,94,-3.3,0.00,0.00,0.00,0.30,3,7.6,15.5,100
2025-01-07T18:00,0.6,94,-2.7,0.00,0.00,0.00,0.30,3,7.7,15.1,100
2025-01-07T19:00,1.0,95,-2.3,0.10,0.10,0.00,0.30,51,8.2,16.6,100
2025-01-07T20:00,1.2,95,-2.2,0.20,0.20,0.00,0.30,51,8.9,18.0,100
2025-01-07T21:00,1.4,95,-2.0,0.70,0.70,0.00,0.30,53,8.8,18.4,100
2025-01-07T22:00,1.6,95,-1.7,1.50,1.50,0.00,0.30,61,8.3,17.6,100
2025-01-07T23:00,1.6,95,-1.8,0.10,0.10,0.00,0.30,51,9.5,19.1,100
2025-01-08T00:00,1.5,95,-2.0,0.00,0.00,0.00,0.30,3,10.3,20.9,100
2025-01-08T01:00,1.6,95,-2.0,0.10,0.10,0.00,0.30,51,10.4,21.2,100
2025-01-08T02:00,1.6,94,-2.0,0.00,0.00,0.00,0.30,3,10.7,22.0,100
2025-01-08T03:00,1.6,94,-2.1,0.00,0.00,0.00,0.29,3,11.4,23.4,100
2025-01-08T04:00,1.7,95,-2.2,0.00,0.00,0.00,0.29,3,12.9,27.0,100
2025-01-08T05:00,1.8,94,-2.2,0.10,0.10,0.00,0.29,51,14.1,29.2,100
2025-01-08T06:00,1.9,94,-2.3,0.00,0.00,0.00,0.29,3,15.4,32.4,100
2025-01-08T07:00,2.1,94,-2.1,0.00,0.00,0.00,0.29,3,15.5,33.8,100
2025-01-08T08:00,2.1,94,-2.0,0.00,0.00,0.00,0.29,3,14.7,32.8,98
2025-01-08T09:00,1.9,94,-2.2,0.00,0.00,0.00,0.29,3,14.9,31.3,100
2025-01-08T10:00,2.1,93,-2.1,0.00,0.00,0.00,0.29,3,14.8,31.0,100
2025-01-08T11:00,2.5,92,-2.0,0.10,0.10,0.00,0.28,51,17.1,36.0,100
2025-01-08T12:00,2.9,92,-1.6,0.40,0.40,0.00,0.28,51,18.0,38.2,100
2025-01-08T13:00,3.3,92,-1.2,0.20,0.20,0.00,0.28,51,18.6,40.3,100
2025-01-08T14:00,3.3,93,-1.0,0.00,0.00,0.00,0.28,3,17.0,40.0,100
2025-01-08T15:00,3.1,93,-1.1,0.10,0.10,0.00,0.27,51,16.3,36.7,100
2025-01-08T16:00,3.1,93,-1.2,0.00,0.00,0.00,0.27,3,16.5,35.3,100
2025-01-08T17:00,2.8,92,-1.5,0.00,0.00,0.00,0.27,3,16.7,36.0,100
2025-01-08T18:00,2.4,92,-1.9,0.00,0.00,0.00,0.26,3,16.3,35.6,100
2025-01-08T19:00,2.2,91,-2.2,0.00,0.00,0.00,0.26,3,16.6,36.0,100
2025-01-08T20:00,2.0,92,-2.2,0.00,0.00,0.00,0.26,3,14.8,36.4,100
2025-01-08T21:00,1.5,93,-2.7,0.00,0.00,0.00,0.26,3,14.8,32.8,100
2025-01-08T22:00,1.2,93,-2.9,0.00,0.00,0.00,0.26,3,13.0,34.6,100
2025-01-08T23:00,0.9,90,-3.4,0.00,0.00,0.00,0.26,3,14.0,31.7,100
2025-01-09T00:00,0.6,87,-3.8,0.00,0.00,0.00,0.26,3,14.5,32.0,100
2025-01-09T01:00,0.5,86,-3.5,0.00,0.00,0.00,0.26,3,11.2,32.4,100
2025-01-09T02:00,0.2,87,-3.8,0.00,0.00,0.00,0.26,3,10.6,24.1,100
2025-01-09T03:00,0.2,88,-3.5,0.00,0.00,0.00,0.04,3,9.0,22.7,100
2025-01-09T04:00,0.6,88,-3.1,0.00,0.00,0.00,0.04,3,9.9,21.2,100
2025-01-09T05:00,0.7,87,-3.2,0.00,0.00,0.00,0.04,3,10.4,22.7,100
2025-01-09T06:00,0.6,86,-3.2,0.00,0.00,0.00,0.04,3,9.9,22.7,100
2025-01-09T07:00,0.6,84,-3.4,0.00,0.00,0.00,0.04,3,11.0,24.1,100
2025-01-09T08:00,0.4,84,-3.5,0.00,0.00,0.00,0.04,3,10.4,25.2,100
2025-01-09T09:00,0.1,87,-3.6,0.00,0.00,0.00,0.04,3,8.8,22.7,98
2025-01-09T10:00,-0.3,88,-4.0,0.00,0.00,0.00,0.04,3,9.0,19.1,100
2025-01-09T11:00,-0.2,81,-4.4,0.00,0.00,0.00,0.04,3,11.9,28.1,100
2025-01-09T12:00,-0.6,80,-4.7,0.00,0.00,0.00,0.04,3,10.3,29.2,100
2025-01-09T13:00,-0.8,81,-4.9,0.00,0.00,0.00,0.04,3,10.1,25.2,100
2025-01-09T14:00,-1.0,82,-5.2,0.00,0.00,0.00,0.04,3,11.1,27.4,100
2025-01-09T15:00,-1.3,81,-5.4,0.00,0.00,0.00,0.04,3,10.3,26.6,100
2025-01-09T16:00,-0.6,78,-4.6,0.00,0.00,0.00,0.04,3,9.8,23.0,100
2025-01-09T17:00,-0.6,77,-4.9,0.00,0.00,0.00,0.04,3,11.5,25.2,100
2025-01-09T18:00,-0.5,77,-4.8,0.00,0.00,0.00,0.04,3,11.3,26.3,100
2025-01-09T19:00,-0.7,76,-4.7,0.00,0.00,0.00,0.04,3,8.9,25.2,100
2025-01-09T20:00,-1.7,79,-5.8,0.00,0.00,0.00,0.04,3,9.4,18.0,99
2025-01-09T21:00,-2.1,82,-6.6,0.00,0.00,0.00,0.04,3,12.0,23.8,100
2025-01-09T22:00,-2.5,85,-7.0,0.00,0.00,0.00,0.04,3,12.4,26.3,100
2025-01-09T23:00,-2.1,86,-6.5,0.00,0.00,0.00,0.04,3,11.8,25.9,100
2025-01-10T00:00,-1.8,87,-6.0,0.00,0.00,0.00,0.04,3,11.3,26.3,100
2025-01-10T01:00,-1.3,87,-5.3,0.00,0.00,0.00,0.04,3,9.9,24.1,100
2025-01-10T02:00,-0.9,87,-4.9,0.00,0.00,0.00,0.04,3,10.4,22.7,100
2025-01-10T03:00,-0.7,89,-4.7,0.00,0.00,0.00,0.04,3,10.8,24.1,100
2025-01-10T04:00,-0.2,89,-4.2,0.00,0.00,0.00,0.04,3,11.7,25.9,100
2025-01-10T05:00,0.2,88,-4.0,0.00,0.00,0.00,0.04,3,12.5,27.7,100
2025-01-10T06:00,0.5,87,-3.6,0.00,0.00,0.00,0.04,3,12.3,27.7,100
2025-01-10T07:00,0.7,88,-3.4,0.10,0.00,0.07,0.04,71,12.7,28.1,100
2025-01-10T08:00,0.9,90,-3.2,0.10,0.00,0.07,0.04,71,12.8,28.4,100
2025-01-10T09:00,1.1,90,-3.0,0.10,0.10,0.00,0.04,51,12.9,28.1,100
2025-01-10T10:00,1.1,93,-3.0,0.50,0.40,0.07,0.04,71,13.0,28.4,100
2025-01-10T11:00,1.5,91,-2.7,0.70,0.70,0.00,0.04,53,14.2,29.5,100
2025-01-10T12:00,1.5,93,-2.5,0.80,0.80,0.00,0.04,53,13.5,30.2,100
2025-01-10T13:00,1.6,92,-2.5,0.10,0.10,0.00,0.04,51,13.5,28.4,100
2025-01-10T14:00,2.0,91,-2.0,0.00,0.00,0.00,0.04,3,13.5,28.4,100
2025-01-10T15:00,2.1,92,-1.8,0.00,0.00,0.00,0.04,3,13.2,28.8,100
2025-01-10T16:00,1.9,92,-2.0,0.00,0.00,0.00,0.04,3,13.0,27.4,100
2025-01-10T17:00,2.0,93,-1.8,0.00,0.00,0.00,0.04,3,12.3,27.4,100
2025-01-10T18:00,2.0,94,-2.0,0.00,0.00,0.00,0.04,3,13.8,29.2,100
2025-01-10T19:00,1.9,95,-2.0,0.00,0.00,0.00,0.04,3,13.8,30.2,100
2025-01-10T20:00,1.7,96,-2.1,0.00,0.00,0.00,0.04,3,12.6,29.5,100
2025-01-10T21:00,1.7,97,-1.9,0.00,0.00,0.00,0.04,3,11.1,26.6,100
2025-01-10T22:00,1.6,98,-2.0,0.00,0.00,0.00,0.04,3,11.5,24.1,100
2025-01-10T23:00,1.7,98,-2.0,0.00,0.00,0.00,0.04,3,12.3,25.6,100
2025-01-11T00:00,1.8,98,-1.9,0.40,0.40,0.00,0.04,51,12.8,26.3,100
2025-01-11T01:00,2.1,98,-1.8,0.00,0.00,0.00,0.04,3,13.7,27.7,100
2025-01-11T02:00,2.7,98,-1.1,0.10,0.10,0.00,0.04,51,14.2,29.2,100
2025-01-11T03:00,3.3,97,-0.5,0.10,0.10,0.00,0.04,51,15.0,31.0,100
2025-01-11T04:00,3.3,97,-0.4,0.10,0.10,0.00,0.04,51,13.9,29.5,100
2025-01-11T05:00,3.7,97,-0.2,0.30,0.30,0.00,0.04,51,15.4,31.3,100
2025-01-11T06:00,3.8,98,-0.0,0.30,0.30,0.00,0.04,51,15.4,32.8,100
2025-01-11T07:00,3.7,99,-0.0,0.00,0.00,0.00,0.04,3,15.2,32.0,100
2025-01-11T08:00,3.6,99,-0.2,0.00,0.00,0.00,0.04,3,15.3,32.4,100
2025-01-11T09:00,3.3,99,-0.5,0.00,0.00,0.00,0.04,3,15.5,32.8,100
2025-01-11T10:00,3.3,99,-0.6,0.00,0.00,0.00,0.04,3,15.4,33.1,100
2025-01-11T11:00,3.5,98,-0.4,0.10,0.10,0.00,0.04,51,15.6,33.1,100
2025-01-11T12:00,3.7,97,-0.1,0.10,0.10,0.00,0.04,51,15.7,33.8,100
2025-01-11T13:00,3.5,98,-0.3,0.30,0.30,0.00,0.04,51,15.2,33.8,100
2025-01-11T14:00,3.6,98,-0.2,0.50,0.50,0.00,0.04,53,15.2,32.8,100
2025-01-11T15:00,3.3,98,-0.6,0.70,0.70,0.00,0.04,53,15.5,33.1,100
2025-01-11T16:00,3.0,98,-1.0,0.20,0.20,0.00,0.04,51,15.6,33.8,100
2025-01-11T17:00,2.8,98,-1.2,0.60,0.60,0.00,0.04,53,15.7,34.2,100
2025-01-11T18:00,2.8,97,-1.2,0.20,0.20,0.00,0.04,51,14.8,33.8,100
2025-01-11T19:00,2.7,97,-1.2,0.10,0.10,0.00,0.04,51,14.3,31.3,100
2025-01-11T20:00,2.7,97,-1.0,0.20,0.20,0.00,0.04,51,13.3,30.2,100
2025-01-11T21:00,2.6,98,-0.9,0.30,0.30,0.00,0.04,51,11.5,28.1,100
2025-01-11T22:00,1.5,96,-2.5,0.30,0.30,0.00,0.04,51,13.4,30.2,100
2025-01-11T23:00,0.8,95,-3.1,0.10,0.10,0.00,0.04,51,12.2,29.9,100
2025-01-12T00:00,0.4,94,-3.6,0.00,0.00,0.00,0.04,3,11.8,26.3,100
2025-01-12T01:00,0.2,92,-3.8,0.00,0.00,0.00,0.04,3,11.7,26.3,100
2025-01-12T02:00,-0.2,90,-4.2,0.00,0.00,0.00,0.04,3,11.8,25.9,100
2025-01-12T03:00,-0.9,86,-5.3,0.00,0.00,0.00,0.04,3,13.2,30.2,100
2025-01-12T04:00,-1.2,85,-5.6,0.00,0.00,0.00,0.04,3,12.6,28.8,95
2025-01-12T05:00,-1.7,79,-5.9,0.00,0.00,0.00,0.04,3,10.1,29.5,82
2025-01-12T06:00,-1.8,81,-5.5,0.00,0.00,0.00,0.04,3,6.6,22.7,100
2025-01-12T07:00,-1.4,82,-5.3,0.00,0.00,0.00,0.04,3,8.3,18.4,100
2025-01-12T08:00,-1.2,79,-5.2,0.00,0.00,0.00,0.04,3,9.0,20.5,100
2025-01-12T09:00,-1.4,75,-5.4,0.00,0.00,0.00,0.04,3,8.5,20.2,100
2025-01-12T10:00,-1.3,73,-5.3,0.00,0.00,0.00,0.04,3,8.5,19.1,88
2025-01-12T11:00,-1.1,71,-5.2,0.00,0.00,0.00,0.04,3,8.7,23.4,97
2025-01-12T12:00,-0.9,70,-4.8,0.00,0.00,0.00,0.04,3,7.3,21.2,100
2025-01-12T13:00,-0.7,70,-4.4,0.00,0.00,0.00,0.04,3,5.8,18.7,100
2025-01-12T14:00,-0.6,70,-4.0,0.00,0.00,0.00,0.04,3,4.4,15.8,100
2025-01-12T15:00,-0.6,70,-3.8,0.00,0.00,0.00,0.04,3,3.0,11.9,100
2025-01-12T16:00,-0.6,65,-4.2,0.00,0.00,0.00,0.04,1,4.5,7.9,35
2025-01-12T17:00,-1.3,69,-5.1,0.00,0.00,0.00,0.04,1,5.7,10.4,23
2025-01-12T18:00,-1.6,71,-5.2,0.00,0.00,0.00,0.05,1,5.0,10.8,42
2025-01-12T19:00,-1.6,72,-5.1,0.00,0.00,0.00,0.05,3,4.4,9.0,100
2025-01-12T20:00,-1.6,72,-5.1,0.00,0.00,0.00,0.05,3,4.7,9.7,100
2025-01-12T21:00,-1.7,74,-5.4,0.00,0.00,0.00,0.05,3,5.9,12.2,100
2025-01-12T22:00,-1.8,79,-5.8,0.00,0.00,0.00,0.05,3,8.6,19.4,93
2025-01-12T23:00,-2.2,81,-6.4,0.00,0.00,0.00,0.05,0,9.3,22.3,17
2025-01-13T00:00,-3.1,83,-7.1,0.00,0.00,0.00,0.05,2,7.8,21.2,59
2025-01-13T01:00,-3.0,83,-7.0,0.00,0.00,0.00,0.05,3,8.6,19.1,100
2025-01-13T02:00,-2.8,81,-6.9,0.00,0.00,0.00,0.05,3,8.7,20.9,83
2025-01-13T03:00,-3.1,79,-6.9,0.00,0.00,0.00,0.05,3,6.4,19.4,89
2025-01-13T04:00,-3.1,89,-6.7,0.00,0.00,0.00,0.05,3,6.2,12.2,90
2025-01-13T05:00,-3.1,89,-6.8,0.00,0.00,0.00,0.06,3,7.1,13.7,85
2025-01-13T06:00,-2.8,88,-6.6,0.00,0.00,0.00,0.06,3,7.2,14.8,100
2025-01-13T07:00,-2.5,87,-6.3,0.00,0.00,0.00,0.06,3,7.9,16.6,99
2025-01-13T08:00,-2.2,83,-6.2,0.00,0.00,0.00,0.07,3,8.3,17.6,100
2025-01-13T09:00,-2.3,78,-6.2,0.00,0.00,0.00,0.07,3,7.4,17.6,100
2025-01-13T10:00,-2.2,77,-6.1,0.00,0.00,0.00,0.08,3,7.4,16.6,100
2025-01-13T11:00,-2.5,82,-6.6,0.10,0.00,0.07,0.08,71,9.0,20.2,100
2025-01-13T12:00,-2.5,86,-6.8,0.10,0.00,0.07,0.09,71,10.7,24.5,100
2025-01-13T13:00,-1.9,81,-6.0,0.00,0.00,0.00,0.09,3,9.4,26.3,98
2025-01-13T14:00,-1.6,75,-5.9,0.00,0.00,0.00,0.10,3,10.1,24.1,100
2025-01-13T15:00,-1.7,78,-5.9,0.10,0.00,0.07,0.10,71,10.0,24.5,100
2025-01-13T16:00,-2.0,78,-5.9,0.10,0.00,0.07,0.10,71,7.9,16.9,99
2025-01-13T17:00,-2.2,85,-6.2,0.30,0.00,0.21,0.10,73,9.0,20.2,100
2025-01-13T18:00,-1.7,87,-5.6,0.00,0.00,0.00,0.11,3,8.5,20.9,100
2025-01-13T19:00,-1.8,87,-5.9,0.10,0.00,0.07,0.11,71,9.8,22.7,100
2025-01-13T20:00,-2.2,87,-6.3,0.00,0.00,0.00,0.11,3,10.0,23.4,100
2025-01-13T21:00,-2.6,86,-6.7,0.00,0.00,0.00,0.11,3,9.2,23.8,100
2025-01-13T22:00,-3.2,85,-7.6,0.00,0.00,0.00,0.11,3,11.1,28.4,100
2025-01-13T23:00,-4.3,84,-8.8,0.00,0.00,0.00,0.11,3,10.5,27.7,98
2025-01-14T00:00,-5.8,84,-10.3,0.00,0.00,0.00,0.11,3,10.4,26.3,99
2025-01-14T01:00,-7.1,86,-11.7,0.00,0.00,0.00,0.10,3,10.1,25.6,100
2025-01-14T02:00,-7.7,88,-12.1,0.00,0.00,0.00,0.10,3,8.8,23.8,100
2025-01-14T03:00,-7.5,89,-12.0,0.00,0.00,0.00,0.10,3,9.0,22.3,100
2025-01-14T04:00,-7.0,92,-11.3,0.00,0.00,0.00,0.10,3,8.7,24.1,100
2025-01-14T05:00,-6.6,92,-11.0,0.00,0.00,0.00,0.10,3,9.6,23.0,100
2025-01-14T06:00,-6.6,92,-11.4,0.00,0.00,0.00,0.10,3,12.6,29.9,100
2025-01-14T07:00,-6.6,90,-11.6,0.00,0.00,0.00,0.10,3,13.1,31.0,100
2025-01-14T08:00,-6.6,89,-11.6,0.00,0.00,0.00,0.10,3,13.1,31.3,100
2025-01-14T09:00,-6.7,88,-11.8,0.00,0.00,0.00,0.10,3,14.1,33.1,100
2025-01-14T10:00,-6.6,87,-11.9,0.00,0.00,0.00,0.10,3,14.6,37.1,100
2025-01-14T11:00,-6.2,86,-11.3,0.00,0.00,0.00,0.10,3,13.7,33.8,100
2025-01-14T12:00,-5.6,85,-10.7,0.10,0.00,0.07,0.10,71,13.8,32.4,100
2025-01-14T13:00,-4.9,86,-9.7,0.30,0.00,0.21,0.10,73,13.1,33.8,100
2025-01-14T14:00,-4.3,86,-9.3,0.40,0.10,0.21,0.10,73,14.5,37.4,100
2025-01-14T15:00,-3.7,86,-9.0,0.10,0.00,0.07,0.10,71,16.6,38.9,100
2025-01-14T16:00,-4.3,87,-9.7,0.40,0.00,0.28,0.10,73,17.7,38.9,100
2025-01-14T17:00,-3.9,87,-9.2,0.60,0.00,0.42,0.10,73,17.2,40.3,100
2025-01-14T18:00,-3.5,87,-8.6,0.10,0.00,0.07,0.10,71,15.6,38.5,100
2025-01-14T19:00,-3.1,87,-8.1,0.00,0.00,0.00,0.10,3,15.4,34.6,100
2025-01-14T20:00,-2.6,87,-7.5,0.00,0.00,0.00,0.10,3,15.1,34.2,100
2025-01-14T21:00,-2.1,88,-6.9,0.00,0.00,0.00,0.10,3,15.0,33.5,100
2025-01-14T22:00,-1.6,89,-6.3,0.00,0.00,0.00,0.10,3,14.7,33.1,100
2025-01-14T23:00,-1.2,90,-5.8,0.00,0.00,0.00,0.10,3,14.7,32.4,100
2025-01-15T00:00,-0.9,90,-5.4,0.00,0.00,0.00,0.10,3,14.1,32.4,100
2025-01-15T01:00,-0.6,91,-5.0,0.00,0.00,0.00,0.10,3,13.9,31.0,100
2025-01-15T02:00,-0.3,90,-4.7,0.00,0.00,0.00,0.10,3,13.7,31.0,100
2025-01-15T03:00,-0.1,91,-4.4,0.20,0.10,0.07,0.10,71,13.6,29.9,100
2025-01-15T04:00,-0.9,91,-5.3,0.00,0.00,0.00,0.10,3,13.7,30.2,100
2025-01-15T05:00,-0.7,95,-5.0,0.00,0.00,0.00,0.10,3,13.3,30.6,100
2025-01-15T06:00,-0.3,94,-4.4,0.00,0.00,0.00,0.10,3,13.1,30.2,100
2025-01-15T07:00,0.2,93,-4.0,0.00,0.00,0.00,0.10,3,12.8,29.2,100
2025-01-15T08:00,0.5,93,-3.6,0.00,0.00,0.00,0.10,3,12.6,28.1,100
2025-01-15T09:00,0.8,93,-3.1,0.00,0.00,0.00,0.10,3,11.9,27.7,100
2025-01-15T10:00,1.0,93,-2.8,0.00,0.00,0.00,0.10,3,11.4,25.9,100
2025-01-15T11:00,1.2,92,-2.6,0.00,0.00,0.00,0.10,3,11.4,25.2,100
2025-01-15T12:00,1.5,91,-2.2,0.00,0.00,0.00,0.10,3,10.5,25.6,100
2025-01-15T13:00,1.5,91,-2.4,0.00,0.00,0.00,0.10,3,11.8,25.9,100
2025-01-15T14:00,1.4,92,-2.4,0.00,0.00,0.00,0.10,3,11.9,27.4,100
2025-01-15T15:00,1.3,92,-2.5,0.00,0.00,0.00,0.10,3,11.5,26.6,100
2025-01-15T16:00,0.9,90,-2.8,0.00,0.00,0.00,0.10,3,10.2,22.3,100
2025-01-15T17:00,0.7,91,-2.8,0.00,0.00,0.00,0.10,3,9.0,22.7,100
2025-01-15T18:00,0.4,91,-3.9,0.10,0.00,0.07,0.10,71,13.9,29.5,100
2025-01-15T19:00,-1.2,85,-5.7,0.00,0.00,0.00,0.10,3,13.1,33.8,100
2025-01-15T20:00,-1.5,85,-5.6,0.00,0.00,0.00,0.10,3,9.8,28.8,100
2025-01-15T21:00,-1.6,87,-5.6,0.00,0.00,0.00,0.10,3,9.9,23.0,100
2025-01-15T22:00,-2.0,87,-6.1,0.00,0.00,0.00,0.10,3,10.2,23.4,99
2025-01-15T23:00,-2.8,82,-6.9,0.00,0.00,0.00,0.10,3,8.8,23.0,99
2025-01-16T00:00,-3.2,81,-7.1,0.00,0.00,0.00,0.10,3,7.5,20.2,83
2025-01-16T01:00,-3.4,80,-7.3,0.00,0.00,0.00,0.12,2,7.3,17.3,68
2025-01-16T02:00,-3.7,82,-7.5,0.00,0.00,0.00,0.15,2,6.6,16.6,74
2025-01-16T03:00,-4.7,85,-8.2,0.00,0.00,0.00,0.18,3,3.6,14.4,100
2025-01-16T04:00,-3.3,80,-6.7,0.00,0.00,0.00,0.21,3,3.8,10.4,100
2025-01-16T05:00,-3.1,84,-6.5,0.00,0.00,0.00,0.21,3,4.2,10.1,100
2025-01-16T06:00,-3.0,86,-6.9,0.00,0.00,0.00,0.21,3,7.9,19.1,100
2025-01-16T07:00,-3.0,86,-7.1,0.00,0.00,0.00,0.21,3,9.1,23.0,100
2025-01-16T08:00,-3.0,87,-7.0,0.00,0.00,0.00,0.21,3,8.4,22.3,100
2025-01-16T09:00,-2.7,87,-7.0,0.00,0.00,0.00,0.21,3,10.7,24.5,100
2025-01-16T10:00,-2.1,87,-6.5,0.00,0.00,0.00,0.21,3,12.0,27.0,100
2025-01-16T11:00,-1.6,89,-5.9,0.00,0.00,0.00,0.21,3,11.9,29.9,100
2025-01-16T12:00,-1.1,91,-5.4,0.20,0.00,0.14,0.21,71,12.2,27.7,100
2025-01-16T13:00,-0.7,91,-5.1,0.30,0.00,0.21,0.21,73,13.8,30.6,100
2025-01-16T14:00,-0.3,90,-4.7,0.00,0.00,0.00,0.21,3,14.0,32.0,100
2025-01-16T15:00,-0.2,95,-4.5,0.10,0.10,0.00,0.21,51,13.9,31.3,100
2025-01-16T16:00,0.2,92,-4.3,0.10,0.10,0.00,0.21,51,14.6,32.8,100
2025-01-16T17:00,0.3,93,-4.0,0.80,0.00,0.56,0.21,73,14.0,32.4,100
2025-01-16T18:00,0.4,94,-4.0,1.40,0.00,0.98,0.21,75,15.5,34.2,100
2025-01-16T19:00,0.7,93,-3.7,0.70,0.10,0.42,0.21,73,15.7,34.6,100
2025-01-16T20:00,1.1,92,-3.5,0.10,0.10,0.00,0.22,51,16.8,36.7,100
2025-01-16T21:00,1.2,92,-3.4,0.10,0.10,0.00,0.22,51,16.8,37.1,100
2025-01-16T22:00,1.4,92,-3.1,0.00,0.00,0.00,0.22,3,16.1,37.1,100
2025-01-16T23:00,1.5,93,-2.8,0.00,0.00,0.00,0.22,3,15.6,34.9,100
2025-01-17T00:00,1.6,94,-2.7,0.00,0.00,0.00,0.22,3,15.7,34.6,100
2025-01-17T01:00,1.7,95,-2.6,0.00,0.00,0.00,0.22,3,15.7,34.6,100
2025-01-17T02:00,1.8,95,-2.6,0.00,0.00,0.00,0.21,3,16.2,35.6,100
2025-01-17T03:00,2.1,95,-2.5,0.00,0.00,0.00,0.21,3,18.3,40.0,100
2025-01-17T04:00,2.1,94,-2.5,0.00,0.00,0.00,0.21,3,18.4,41.0,100
2025-01-17T05:00,2.4,93,-2.2,0.00,0.00,0.00,0.21,3,18.5,41.8,100
2025-01-17T06:00,2.4,93,-2.0,0.00,0.00,0.00,0.21,3,17.4,41.4,100
2025-01-17T07:00,2.4,94,-2.2,0.00,0.00,0.00,0.20,3,18.1,40.3,100
2025-01-17T08:00,2.5,93,-2.0,0.00,0.00,0.00,0.20,3,18.3,41.4,100
2025-01-17T09:00,2.6,93,-1.8,0.00,0.00,0.00,0.20,3,16.8,41.0,100
2025-01-17T10:00,2.6,92,-1.7,0.00,0.00,0.00,0.20,3,16.4,37.8,100
2025-01-17T11:00,2.9,91,-1.4,0.00,0.00,0.00,0.20,3,16.2,37.4,100
2025-01-17T12:00,3.0,90,-1.3,0.00,0.00,0.00,0.19,3,16.1,36.7,100
2025-01-17T13:00,3.0,89,-1.4,0.00,0.00,0.00,0.19,3,17.0,38.9,100
2025-01-17T14:00,3.1,88,-1.3,0.00,0.00,0.00,0.19,3,16.6,38.9,100
2025-01-17T15:00,3.0,87,-1.3,0.00,0.00,0.00,0.19,3,15.8,37.8,100
2025-01-17T16:00,2.9,88,-1.4,0.00,0.00,0.00,0.18,3,15.8,37.4,100
2025-01-17T17:00,2.7,88,-1.5,0.00,0.00,0.00,0.18,3,14.8,36.0,100
2025-01-17T18:00,2.6,88,-1.4,0.00,0.00,0.00,0.18,3,13.9,33.8,100
2025-01-17T19:00,2.5,89,-1.6,0.00,0.00,0.00,0.18,3,14.0,32.0,100
2025-01-17T20:00,2.2,90,-1.7,0.00,0.00,0.00,0.18,3,13.4,31.7,100
2025-01-17T21:00,1.9,92,-1.9,0.00,0.00,0.00,0.18,3,12.4,30.6,100
2025-01-17T22:00,1.7,94,-1.9,0.00,0.00,0.00,0.18,3,10.3,27.7,100
2025-01-17T23:00,1.5,94,-1.8,0.00,0.00,0.00,0.18,3,8.9,23.0,100
2025-01-18T00:00,1.3,95,-1.9,0.00,0.00,0.00,0.18,3,8.4,20.2,100
2025-01-18T01:00,1.2,96,-2.2,0.00,0.00,0.00,0.18,3,9.2,20.2,100
2025-01-18T02:00,1.1,97,-2.3,0.00,0.00,0.00,0.18,3,9.2,21.6,100
2025-01-18T03:00,1.0,97,-2.4,0.00,0.00,0.00,0.18,3,9.2,20.9,100
2025-01-18T04:00,0.6,98,-3.0,0.00,0.00,0.00,0.18,3,9.8,21.6,100
2025-01-18T05:00,0.5,98,-3.1,0.00,0.00,0.00,0.18,3,9.8,22.3,100
2025-01-18T06:00,0.3,99,-3.4,0.00,0.00,0.00,0.18,3,10.6,23.0,100
2025-01-18T07:00,0.4,99,-3.4,0.00,0.00,0.00,0.18,3,11.7,25.2,100
2025-01-18T08:00,0.5,99,-3.4,0.00,0.00,0.00,0.18,3,12.2,25.9,100
2025-01-18T09:00,0.6,99,-3.3,0.10,0.10,0.00,0.18,51,12.4,28.4,100
2025-01-18T10:00,0.7,98,-3.3,0.30,0.30,0.00,0.18,51,13.0,29.2,100
2025-01-18T11:00,0.8,98,-3.2,0.00,0.00,0.00,0.18,3,13.5,30.2,100
2025-01-18T12:00,1.1,97,-2.9,0.00,0.00,0.00,0.17,3,13.4,31.0,100
2025-01-18T13:00,1.5,95,-2.6,0.10,0.10,0.00,0.17,51,14.1,32.4,100
2025-01-18T14:00,1.7,94,-2.5,0.00,0.00,0.00,0.17,3,15.3,33.8,100
2025-01-18T15:00,2.1,93,-2.2,0.10,0.10,0.00,0.17,51,15.9,38.2,100
2025-01-18T16:00,1.9,93,-2.4,0.00,0.00,0.00,0.17,3,15.8,36.4,100
2025-01-18T17:00,2.0,92,-2.4,0.20,0.20,0.00,0.17,51,16.7,37.4,100
2025-01-18T18:00,2.0,91,-2.6,0.20,0.20,0.00,0.17,51,17.6,40.0,100
2025-01-18T19:00,1.9,90,-2.9,0.20,0.20,0.00,0.17,51,18.2,41.4,100
2025-01-18T20:00,1.6,90,-3.2,0.20,0.20,0.00,0.17,51,18.4,41.8,100
2025-01-18T21:00,1.2,90,-3.6,0.20,0.10,0.07,0.17,71,18.0,41.8,100
2025-01-18T22:00,1.3,86,-3.6,0.10,0.10,0.00,0.17,51,17.5,40.7,100
2025-01-18T23:00,1.3,82,-3.6,0.10,0.10,0.00,0.17,51,17.7,40.3,100
2025-01-19T00:00,1.2,79,-3.8,0.00,0.00,0.00,0.17,3,17.3,40.7,100
2025-01-19T01:00,1.0,76,-4.1,0.00,0.00,0.00,0.17,3,17.6,40.3,100
2025-01-19T02:00,0.6,75,-4.7,0.00,0.00,0.00,0.17,3,18.0,42.1,100
2025-01-19T03:00,0.1,75,-4.9,0.00,0.00,0.00,0.17,3,16.4,41.4,100
2025-01-19T04:00,0.5,71,-4.6,0.00,0.00,0.00,0.17,3,16.4,37.4,100
2025-01-19T05:00,0.3,73,-4.8,0.00,0.00,0.00,0.17,3,16.4,37.4,100
2025-01-19T06:00,0.0,74,-5.1,0.00,0.00,0.00,0.17,3,16.5,37.8,100
2025-01-19T07:00,-0.6,75,-5.7,0.00,0.00,0.00,0.17,3,16.4,38.5,98
2025-01-19T08:00,-1.0,76,-6.0,0.00,0.00,0.00,0.17,3,15.8,37.4,84
2025-01-19T09:00,-1.6,77,-6.7,0.00,0.00,0.00,0.17,0,15.8,36.4,2
2025-01-19T10:00,-1.6,75,-6.6,0.00,0.00,0.00,0.17,0,14.9,35.3,0
2025-01-19T11:00,-1.3,73,-5.8,0.00,0.00,0.00,0.17,0,11.7,34.2,2
2025-01-19T12:00,-1.0,72,-5.7,0.00,0.00,0.00,0.17,0,12.9,30.6,4
2025-01-19T13:00,-0.6,71,-5.2,0.00,0.00,0.00,0.17,0,12.3,30.6,12
2025-01-19T14:00,-0.4,70,-4.8,0.00,0.00,0.00,0.17,1,11.5,29.5,28
2025-01-19T15:00,-0.4,71,-4.8,0.00,0.00,0.00,0.17,0,11.3,26.6,4
2025-01-19T16:00,0.2,68,-4.3,0.00,0.00,0.00,0.17,0,11.2,25.2,0
2025-01-19T17:00,-0.5,71,-5.0,0.00,0.00,0.00,0.17,0,12.0,25.9,0
2025-01-19T18:00,-0.8,73,-5.4,0.00,0.00,0.00,0.17,0,12.5,27.4,0
2025-01-19T19:00,-1.1,75,-5.6,0.00,0.00,0.00,0.17,1,12.4,27.0,32
2025-01-19T20:00,-1.0,75,-5.6,0.00,0.00,0.00,0.17,3,12.6,27.0,99
2025-01-19T21:00,-0.4,71,-5.0,0.00,0.00,0.00,0.17,3,12.7,28.4,99
2025-01-19T22:00,0.1,68,-4.7,0.00,0.00,0.00,0.17,3,13.4,29.5,100
2025-01-19T23:00,-0.2,69,-4.9,0.00,0.00,0.00,0.17,3,13.6,29.9,100
2025-01-20T00:00,-0.5,71,-5.4,0.00,0.00,0.00,0.17,3,14.6,32.0,100
2025-01-20T01:00,-0.6,75,-5.6,0.00,0.00,0.00,0.17,1,15.5,35.3,38
2025-01-20T02:00,-1.3,86,-6.3,0.00,0.00,0.00,0.17,3,16.4,36.7,100
2025-01-20T03:00,-0.8,92,-5.4,0.00,0.00,0.00,0.17,3,15.1,38.2,100
2025-01-20T04:00,0.1,92,-4.5,0.00,0.00,0.00,0.17,3,15.4,35.6,100
2025-01-20T05:00,0.8,92,-3.8,0.00,0.00,0.00,0.17,3,16.1,37.4,100
2025-01-20T06:00,1.2,91,-3.4,0.00,0.00,0.00,0.17,3,17.0,39.6,100
2025-01-20T07:00,1.5,90,-3.1,0.00,0.00,0.00,0.17,3,16.7,40.0,100
2025-01-20T08:00,1.6,89,-3.0,0.00,0.00,0.00,0.17,3,16.3,38.9,100
2025-01-20T09:00,1.6,88,-2.9,0.00,0.00,0.00,0.17,3,16.3,38.2,100
2025-01-20T10:00,1.6,87,-2.9,0.00,0.00,0.00,0.16,3,15.9,38.2,100
2025-01-20T11:00,1.7,85,-2.8,0.00,0.00,0.00,0.16,3,15.7,37.4,100
2025-01-20T12:00,1.7,80,-2.9,0.00,0.00,0.00,0.16,3,15.8,37.8,99
2025-01-20T13:00,1.8,77,-3.0,0.00,0.00,0.00,0.16,3,16.3,39.2,100
2025-01-20T14:00,1.5,76,-3.1,0.00,0.00,0.00,0.16,3,14.8,38.9,97
2025-01-20T15:00,1.3,73,-3.4,0.00,0.00,0.00,0.16,3,14.7,36.4,84
2025-01-20T16:00,1.0,72,-3.5,0.00,0.00,0.00,0.16,3,12.6,33.1,100
2025-01-20T17:00,0.4,74,-4.1,0.00,0.00,0.00,0.16,3,12.2,29.5,100
2025-01-20T18:00,0.0,74,-4.5,0.00,0.00,0.00,0.16,3,12.8,29.9,100
2025-01-20T19:00,-0.5,74,-5.3,0.00,0.00,0.00,0.16,3,14.2,32.4,100
2025-01-20T20:00,-0.9,75,-5.6,0.00,0.00,0.00,0.16,3,13.4,33.1,100
2025-01-20T21:00,-1.2,77,-5.8,0.00,0.00,0.00,0.16,3,12.5,32.4,100
2025-01-20T22:00,-1.6,74,-6.3,0.00,0.00,0.00,0.16,3,12.7,32.8,83
2025-01-20T23:00,-2.3,69,-7.2,0.00,0.00,0.00,0.16,3,13.0,33.1,94
2025-01-21T00:00,-2.6,68,-7.2,0.00,0.00,0.00,0.16,3,11.0,30.2,100
2025-01-21T01:00,-2.5,72,-7.1,0.00,0.00,0.00,0.16,3,10.9,25.9,100
2025-01-21T02:00,-2.8,67,-7.5,0.00,0.00,0.00,0.16,3,11.2,27.0,100
2025-01-21T03:00,-3.8,52,-8.7,0.00,0.00,0.00,0.16,3,10.4,26.6,100
2025-01-21T04:00,-3.1,49,-7.8,0.00,0.00,0.00,0.16,3,8.6,20.5,91
2025-01-21T05:00,-3.7,53,-8.5,0.00,0.00,0.00,0.16,3,9.4,22.3,100
2025-01-21T06:00,-4.9,57,-9.9,0.00,0.00,0.00,0.16,1,11.0,26.3,29
2025-01-21T07:00,-6.2,60,-11.0,0.00,0.00,0.00,0.16,0,9.7,26.6,5
2025-01-21T08:00,-7.0,60,-11.8,0.00,0.00,0.00,0.16,3,9.2,22.3,96
2025-01-21T09:00,-7.4,59,-12.1,0.00,0.00,0.00,0.16,3,8.1,21.6,100
2025-01-21T10:00,-7.6,58,-12.1,0.00,0.00,0.00,0.16,2,7.0,19.8,65
2025-01-21T11:00,-7.4,55,-11.7,0.00,0.00,0.00,0.16,2,5.6,18.4,78
2025-01-21T12:00,-6.9,51,-11.2,0.00,0.00,0.00,0.16,0,4.9,16.9,11
2025-01-21T13:00,-6.4,47,-10.6,0.00,0.00,0.00,0.16,1,4.2,15.8,36
2025-01-21T14:00,-6.0,45,-10.1,0.00,0.00,0.00,0.16,1,3.7,14.8,44
2025-01-21T15:00,-5.9,43,-10.0,0.00,0.00,0.00,0.16,2,3.1,13.3,76
2025-01-21T16:00,-5.5,36,-9.8,0.00,0.00,0.00,0.16,3,4.0,11.5,100
2025-01-21T17:00,-5.8,40,-10.3,0.00,0.00,0.00,0.16,3,5.2,12.6,100
2025-01-21T18:00,-6.1,45,-10.5,0.00,0.00,0.00,0.16,3,5.3,14.4,100
2025-01-21T19:00,-6.4,49,-10.7,0.00,0.00,0.00,0.16,3,4.6,13.7,100
2025-01-21T20:00,-6.8,51,-11.3,0.00,0.00,0.00,0.16,3,6.0,13.0,100
2025-01-21T21:00,-7.2,54,-11.7,0.00,0.00,0.00,0.16,3,6.3,14.8,100
2025-01-21T22:00,-7.3,55,-11.7,0.00,0.00,0.00,0.16,3,6.0,15.1,100
2025-01-21T23:00,-7.5,57,-12.2,0.00,0.00,0.00,0.16,3,7.9,19.4,100
2025-01-22T00:00,-7.7,60,-12.5,0.00,0.00,0.00,0.16,3,8.4,20.9,100
2025-01-22T01:00,-7.7,61,-12.4,0.00,0.00,0.00,0.16,3,7.8,20.9,100
2025-01-22T02:00,-7.7,61,-12.5,0.00,0.00,0.00,0.16,3,8.9,21.2,100
2025-01-22T03:00,-7.6,60,-12.6,0.00,0.00,0.00,0.16,3,10.3,24.8,100
2025-01-22T04:00,-7.3,59,-12.3,0.00,0.00,0.00,0.16,3,10.1,24.8,100
2025-01-22T05:00,-7.3,60,-12.3,0.00,0.00,0.00,0.16,3,10.7,25.9,100
2025-01-22T06:00,-7.2,61,-12.3,0.10,0.00,0.07,0.16,71,11.3,27.0,100
2025-01-22T07:00,-7.1,62,-12.3,0.10,0.00,0.07,0.16,71,12.1,28.1,100
2025-01-22T08:00,-7.0,63,-12.3,0.10,0.00,0.07,0.16,71,12.7,29.5,100
2025-01-22T09:00,-6.9,63,-12.1,0.00,0.00,0.00,0.16,3,12.2,29.5,100
2025-01-22T10:00,-6.6,63,-11.8,0.10,0.00,0.07,0.17,71,12.3,28.4,100
2025-01-22T11:00,-6.3,62,-11.6,0.10,0.00,0.07,0.17,71,13.0,29.9,100
2025-01-22T12:00,-5.9,61,-11.1,0.10,0.00,0.07,0.17,71,12.7,30.2,100
2025-01-22T13:00,-5.5,61,-10.8,0.10,0.00,0.07,0.17,71,13.7,31.7,100
2025-01-22T14:00,-5.2,62,-10.6,0.20,0.00,0.14,0.17,71,14.2,32.8,100
2025-01-22T15:00,-5.0,59,-10.1,0.00,0.00,0.00,0.17,3,12.3,32.4,100
2025-01-22T16:00,-4.0,47,-9.3,0.00,0.00,0.00,0.17,3,12.0,34.2,100
2025-01-22T17:00,-3.9,47,-9.4,0.00,0.00,0.00,0.17,3,14.2,27.4,100
2025-01-22T18:00,-3.2,51,-8.9,0.00,0.00,0.00,0.17,3,15.6,37.4,100
2025-01-22T19:00,-2.8,53,-8.4,0.00,0.00,0.00,0.17,3,16.0,37.1,100
2025-01-22T20:00,-2.6,54,-8.1,0.00,0.00,0.00,0.17,3,15.3,37.4,100
2025-01-22T21:00,-2.4,56,-7.8,0.00,0.00,0.00,0.17,3,14.9,35.3,100
2025-01-22T22:00,-2.2,58,-7.5,0.00,0.00,0.00,0.17,3,14.9,34.6,100
2025-01-22T23:00,-2.1,59,-7.5,0.00,0.00,0.00,0.17,3,15.4,35.3,100
2025-01-23T00:00,-2.1,57,-7.6,0.00,0.00,0.00,0.17,3,15.9,36.7,100
2025-01-23T01:00,-2.1,56,-7.6,0.00,0.00,0.00,0.16,3,15.9,37.1,100
2025-01-23T02:00,-2.1,54,-7.7,0.00,0.00,0.00,0.16,3,15.7,37.1,100
2025-01-23T03:00,-2.2,49,-7.8,0.00,0.00,0.00,0.16,3,15.5,36.7,100
2025-01-23T04:00,-2.7,39,-8.3,0.00,0.00,0.00,0.16,3,14.5,35.3,100
2025-01-23T05:00,-2.7,39,-8.3,0.00,0.00,0.00,0.16,3,13.8,33.8,100
2025-01-23T06:00,-2.8,41,-8.3,0.00,0.00,0.00,0.16,3,13.8,32.4,100
2025-01-23T07:00,-2.8,43,-8.3,0.00,0.00,0.00,0.16,3,13.7,32.4,100
2025-01-23T08:00,-2.8,44,-8.2,0.00,0.00,0.00,0.16,3,12.9,31.7,100
2025-01-23T09:00,-2.8,46,-8.2,0.00,0.00,0.00,0.16,3,13.3,30.6,100
2025-01-23T10:00,-2.8,48,-7.7,0.00,0.00,0.00,0.16,3,10.3,31.0,100
2025-01-23T11:00,-2.6,49,-7.6,0.00,0.00,0.00,0.16,3,11.4,26.3,100
2025-01-23T12:00,-2.5,53,-7.6,0.00,0.00,0.00,0.16,3,12.2,29.2,100
2025-01-23T13:00,-2.5,56,-7.5,0.00,0.00,0.00,0.16,3,12.1,29.2,100
2025-01-23T14:00,-2.3,57,-7.2,0.00,0.00,0.00,0.16,3,11.2,28.4,100
2025-01-23T15:00,-2.2,57,-6.9,0.00,0.00,0.00,0.16,3,10.1,26.3,100
2025-01-23T16:00,-3.0,60,-7.7,0.00,0.00,0.00,0.16,3,10.3,25.2,100
2025-01-23T17:00,-3.1,60,-7.6,0.00,0.00,0.00,0.16,3,9.4,23.8,100
2025-01-23T18:00,-2.9,59,-7.5,0.00,0.00,0.00,0.16,3,9.5,22.0,100
2025-01-23T19:00,-2.8,58,-7.5,0.00,0.00,0.00,0.16,3,10.0,23.0,100
2025-01-23T20:00,-2.9,59,-7.6,0.00,0.00,0.00,0.16,3,10.4,23.8,100
2025-01-23T21:00,-2.8,59,-7.6,0.00,0.00,0.00,0.16,3,10.6,24.5,100
2025-01-23T22:00,-2.9,60,-7.5,0.00,0.00,0.00,0.16,3,9.6,24.1,100
2025-01-23T23:00,-2.7,60,-7.2,0.00,0.00,0.00,0.16,3,8.7,22.0,100
2025-01-24T00:00,-2.7,61,-7.1,0.00,0.00,0.00,0.16,3,8.2,19.8,100
2025-01-24T01:00,-2.9,63,-7.1,0.00,0.00,0.00,0.16,3,7.2,18.7,100
2025-01-24T02:00,-3.0,65,-7.2,0.00,0.00,0.00,0.16,3,7.3,16.2,100
2025-01-24T03:00,-2.8,67,-7.1,0.00,0.00,0.00,0.16,3,8.3,22.0,100
2025-01-24T04:00,-2.5,69,-6.8,0.00,0.00,0.00,0.16,3,9.0,21.2,100
2025-01-24T05:00,-2.5,71,-6.8,0.00,0.00,0.00,0.16,3,9.0,20.9,100
2025-01-24T06:00,-2.5,71,-6.8,0.00,0.00,0.00,0.16,3,9.1,20.5,100
2025-01-24T07:00,-2.5,72,-6.7,0.00,0.00,0.00,0.16,3,8.6,20.5,100
2025-01-24T08:00,-2.5,72,-6.7,0.00,0.00,0.00,0.16,3,8.9,20.2,100
2025-01-24T09:00,-2.5,72,-6.8,0.00,0.00,0.00,0.16,3,8.9,20.5,100
2025-01-24T10:00,-2.5,72,-6.6,0.00,0.00,0.00,0.16,3,8.1,20.2,100
2025-01-24T11:00,-2.3,72,-6.3,0.00,0.00,0.00,0.16,3,7.4,19.1,100
2025-01-24T12:00,-1.9,70,-5.9,0.00,0.00,0.00,0.16,3,7.4,18.7,100
2025-01-24T13:00,-1.5,68,-5.6,0.00,0.00,0.00,0.16,3,8.1,19.8,100
2025-01-24T14:00,-1.4,68,-5.5,0.00,0.00,0.00,0.16,3,8.1,20.2,100
2025-01-24T15:00,-1.2,66,-5.2,0.00,0.00,0.00,0.16,3,7.9,20.2,100
2025-01-24T16:00,-1.3,67,-5.4,0.00,0.00,0.00,0.16,3,8.4,19.4,100
2025-01-24T17:00,-1.4,68,-5.5,0.00,0.00,0.00,0.16,3,8.0,19.1,100
2025-01-24T18:00,-1.6,68,-5.8,0.00,0.00,0.00,0.16,3,8.7,19.8,100
2025-01-24T19:00,-1.6,67,-5.9,0.00,0.00,0.00,0.16,3,8.8,20.2,100
2025-01-24T20:00,-1.6,67,-5.7,0.00,0.00,0.00,0.16,3,7.8,19.8,100
2025-01-24T21:00,-1.5,68,-5.6,0.00,0.00,0.00,0.16,3,7.9,17.6,100
2025-01-24T22:00,-1.5,68,-5.6,0.00,0.00,0.00,0.16,3,8.3,18.7,100
2025-01-24T23:00,-1.6,70,-5.7,0.00,0.00,0.00,0.16,3,8.4,19.1,100
2025-01-25T00:00,-1.6,71,-5.7,0.00,0.00,0.00,0.16,3,7.8,18.4,100
2025-01-25T01:00,-1.7,72,-5.7,0.00,0.00,0.00,0.16,3,7.8,17.3,100
2025-01-25T02:00,-1.6,72,-5.6,0.00,0.00,0.00,0.16,3,7.4,17.3,100
2025-01-25T03:00,-1.6,73,-5.6,0.00,0.00,0.00,0.16,3,7.6,16.9,100
2025-01-25T04:00,-1.8,76,-5.8,0.00,0.00,0.00,0.16,3,8.2,18.4,95
2025-01-25T05:00,-1.9,78,-5.8,0.00,0.00,0.00,0.16,3,7.8,18.4,100
2025-01-25T06:00,-1.8,78,-5.6,0.00,0.00,0.00,0.16,3,7.1,16.9,100
2025-01-25T07:00,-1.6,78,-5.4,0.00,0.00,0.00,0.16,3,7.4,16.2,100
2025-01-25T08:00,-1.5,79,-5.4,0.00,0.00,0.00,0.16,3,8.1,17.6,100
2025-01-25T09:00,-1.4,81,-5.3,0.00,0.00,0.00,0.16,3,8.3,18.7,100
2025-01-25T10:00,-1.2,82,-5.2,0.00,0.00,0.00,0.16,3,9.6,21.2,100
2025-01-25T11:00,-0.9,82,-4.8,0.00,0.00,0.00,0.16,3,9.0,20.9,100
2025-01-25T12:00,-0.3,78,-4.1,0.00,0.00,0.00,0.16,3,7.9,21.2,100
2025-01-25T13:00,0.3,76,-3.5,0.00,0.00,0.00,0.16,3,8.3,20.2,100
2025-01-25T14:00,1.1,76,-3.1,0.00,0.00,0.00,0.16,3,11.9,26.6,100
2025-01-25T15:00,1.5,77,-2.4,0.00,0.00,0.00,0.16,3,9.9,29.2,100
2025-01-25T16:00,0.3,82,-3.4,0.00,0.00,0.00,0.16,3,8.2,24.1,100
2025-01-25T17:00,0.2,83,-3.6,0.00,0.00,0.00,0.16,3,9.1,20.2,100
2025-01-25T18:00,0.3,85,-3.5,0.00,0.00,0.00,0.16,3,9.3,20.5,100
2025-01-25T19:00,0.4,85,-3.5,0.00,0.00,0.00,0.16,3,10.3,23.0,100
2025-01-25T20:00,0.4,87,-3.5,0.00,0.00,0.00,0.16,3,10.9,24.8,100
2025-01-25T21:00,0.4,87,-3.6,0.00,0.00,0.00,0.16,3,11.1,25.2,100
2025-01-25T22:00,0.6,88,-3.5,0.00,0.00,0.00,0.16,3,11.9,27.4,100
2025-01-25T23:00,0.5,90,-3.4,0.00,0.00,0.00,0.16,3,11.1,27.7,100
2025-01-26T00:00,0.6,90,-3.5,0.00,0.00,0.00,0.16,3,12.0,27.0,100
2025-01-26T01:00,0.8,88,-3.3,0.00,0.00,0.00,0.16,3,12.3,28.8,100
2025-01-26T02:00,0.8,89,-3.2,0.00,0.00,0.00,0.16,3,12.2,28.1,100
2025-01-26T03:00,1.0,87,-3.2,0.10,0.00,0.07,0.16,71,12.7,29.5,100
2025-01-26T04:00,0.8,89,-3.3,0.30,0.00,0.21,0.16,73,12.7,28.8,100
2025-01-26T05:00,1.0,90,-3.0,0.30,0.10,0.14,0.16,71,12.7,29.5,100
2025-01-26T06:00,1.1,91,-2.9,0.20,0.10,0.07,0.16,71,13.0,29.2,100
2025-01-26T07:00,1.4,91,-2.8,0.00,0.00,0.00,0.16,3,13.8,31.3,100
2025-01-26T08:00,1.5,91,-2.7,0.00,0.00,0.00,0.16,3,13.7,31.7,100
2025-01-26T09:00,1.5,92,-2.5,0.00,0.00,0.00,0.16,3,13.3,30.6,100
2025-01-26T10:00,1.7,92,-2.2,0.00,0.00,0.00,0.16,3,12.9,30.2,100
2025-01-26T11:00,2.0,91,-1.9,0.00,0.00,0.00,0.16,3,12.6,29.5,100
2025-01-26T12:00,2.3,90,-1.6,0.00,0.00,0.00,0.16,3,12.5,28.8,100
2025-01-26T13:00,2.7,90,-1.1,0.00,0.00,0.00,0.16,3,12.2,28.4,100
2025-01-26T14:00,2.9,89,-0.8,0.00,0.00,0.00,0.16,3,11.8,28.1,100
2025-01-26T15:00,3.0,89,-0.5,0.00,0.00,0.00,0.15,3,11.2,26.6,100
2025-01-26T16:00,2.5,91,-1.0,0.00,0.00,0.00,0.15,3,10.6,24.1,100
2025-01-26T17:00,2.4,92,-1.1,0.00,0.00,0.00,0.15,3,10.3,23.4,100
2025-01-26T18:00,2.3,92,-1.0,0.00,0.00,0.00,0.15,3,9.7,22.7,100
2025-01-26T19:00,2.2,93,-1.1,0.00,0.00,0.00,0.15,3,9.3,21.2,100
2025-01-26T20:00,2.0,94,-1.2,0.00,0.00,0.00,0.15,3,8.7,19.8,100
2025-01-26T21:00,1.8,95,-1.4,0.00,0.00,0.00,0.15,3,8.6,18.7,100
2025-01-26T22:00,1.6,95,-1.7,0.00,0.00,0.00,0.15,3,9.1,19.8,100
2025-01-26T23:00,1.5,95,-1.9,0.00,0.00,0.00,0.15,3,9.7,20.9,100
2025-01-27T00:00,1.5,95,-1.9,0.10,0.10,0.00,0.15,51,9.8,21.2,100
2025-01-27T01:00,1.6,95,-1.8,0.20,0.20,0.00,0.15,51,9.1,21.2,100
2025-01-27T02:00,1.6,96,-1.8,0.50,0.50,0.00,0.15,53,10.1,20.5,100
2025-01-27T03:00,1.8,96,-1.8,0.50,0.50,0.00,0.14,53,11.0,23.0,100
2025-01-27T04:00,2.2,96,-1.5,0.10,0.10,0.00,0.14,51,12.5,25.9,100
2025-01-27T05:00,2.5,96,-1.3,0.50,0.50,0.00,0.14,53,13.3,27.7,100
2025-01-27T06:00,2.7,96,-1.0,0.30,0.30,0.00,0.14,51,13.5,28.8,100
2025-01-27T07:00,2.9,96,-0.9,0.10,0.10,0.00,0.14,51,13.9,29.2,100
2025-01-27T08:00,3.1,96,-0.7,0.00,0.00,0.00,0.14,3,14.3,29.9,100
2025-01-27T09:00,3.4,96,-0.5,0.00,0.00,0.00,0.13,3,15.0,31.7,100
2025-01-27T10:00,3.7,96,-0.2,0.00,0.00,0.00,0.13,3,15.5,32.8,100
2025-01-27T11:00,3.9,95,0.0,0.00,0.00,0.00,0.13,3,15.9,34.2,100
2025-01-27T12:00,4.1,95,0.2,0.00,0.00,0.00,0.13,3,16.0,34.9,100
2025-01-27T13:00,4.3,94,0.4,0.10,0.10,0.00,0.13,51,16.0,35.6,100
2025-01-27T14:00,4.4,93,0.6,0.00,0.00,0.00,0.12,3,15.6,35.3,100
2025-01-27T15:00,4.5,94,0.8,0.00,0.00,0.00,0.12,3,14.8,34.6,100
2025-01-27T16:00,4.4,95,0.8,0.00,0.00,0.00,0.12,3,14.1,32.0,100
2025-01-27T17:00,4.4,95,0.9,0.00,0.00,0.00,0.11,3,13.8,32.0,100
2025-01-27T18:00,4.4,95,0.8,0.00,0.00,0.00,0.11,3,14.1,31.7,100
2025-01-27T19:00,4.5,94,1.0,0.00,0.00,0.00,0.11,3,13.4,31.7,100
2025-01-27T20:00,4.3,95,0.9,0.00,0.00,0.00,0.11,3,13.0,30.2,100
2025-01-27T21:00,4.2,95,0.9,0.00,0.00,0.00,0.10,3,12.3,29.2,100
2025-01-27T22:00,4.1,95,0.9,0.00,0.00,0.00,0.10,3,11.3,27.4,100
2025-01-27T23:00,4.0,96,0.8,0.00,0.00,0.00,0.10,3,11.1,25.2,100
2025-01-28T00:00,3.9,96,0.7,0.00,0.00,0.00,0.10,3,10.8,24.5,100
2025-01-28T01:00,3.8,96,0.6,0.00,0.00,0.00,0.10,3,11.2,24.8,100
2025-01-28T02:00,3.9,95,0.5,0.00,0.00,0.00,0.09,1,12.2,27.0,39
2025-01-28T03:00,3.5,95,0.1,0.00,0.00,0.00,0.09,1,12.2,27.0,44
2025-01-28T04:00,3.6,95,0.6,0.00,0.00,0.00,0.09,3,9.2,23.0,100
2025-01-28T05:00,4.0,94,0.6,0.00,0.00,0.00,0.09,3,12.6,27.0,91
2025-01-28T06:00,3.8,95,0.6,0.00,0.00,0.00,0.09,3,10.7,27.4,96
2025-01-28T07:00,3.0,97,-0.2,0.00,0.00,0.00,0.09,3,10.2,23.0,100
2025-01-28T08:00,3.1,98,0.1,0.00,0.00,0.00,0.09,3,9.2,22.0,100
2025-01-28T09:00,3.2,98,0.3,0.00,0.00,0.00,0.09,3,8.4,19.1,100
2025-01-28T10:00,3.2,98,0.1,0.00,0.00,0.00,0.08,3,9.4,20.2,100
2025-01-28T11:00,3.2,97,-0.0,0.00,0.00,0.00,0.08,3,10.6,23.8,100
2025-01-28T12:00,3.3,96,-0.2,0.00,0.00,0.00,0.08,3,12.1,30.6,100
2025-01-28T13:00,3.4,96,-0.1,0.00,0.00,0.00,0.08,3,12.7,30.2,100
2025-01-28T14:00,3.7,95,0.6,0.00,0.00,0.00,0.08,3,10.2,28.8,100
2025-01-28T15:00,3.8,96,0.8,0.00,0.00,0.00,0.08,3,9.5,24.8,100
2025-01-28T16:00,3.6,96,0.9,0.00,0.00,0.00,0.07,3,7.3,21.2,100
2025-01-28T17:00,3.6,97,1.0,0.00,0.00,0.00,0.07,3,7.2,15.8,100
2025-01-28T18:00,3.7,96,0.9,0.00,0.00,0.00,0.07,3,7.7,16.6,100
2025-01-28T19:00,3.6,96,0.6,0.00,0.00,0.00,0.07,3,9.7,20.9,100
2025-01-28T20:00,3.7,94,0.5,0.00,0.00,0.00,0.07,3,10.1,22.7,100
2025-01-28T21:00,3.0,97,-0.1,0.10,0.10,0.00,0.07,51,9.2,22.3,100
2025-01-28T22:00,2.9,97,-0.2,0.00,0.00,0.00,0.07,3,9.2,20.2,100
2025-01-28T23:00,3.0,96,-0.3,0.00,0.00,0.00,0.07,3,10.4,22.7,100
2025-01-29T00:00,3.0,95,-0.4,0.00,0.00,0.00,0.06,3,10.7,23.0,100
2025-01-29T01:00,2.9,95,-0.5,0.00,0.00,0.00,0.06,3,10.7,24.1,100
2025-01-29T02:00,2.8,95,-0.4,0.00,0.00,0.00,0.06,3,10.0,22.7,100
2025-01-29T03:00,2.8,95,-0.3,0.00,0.00,0.00,0.06,3,9.0,21.6,100
2025-01-29T04:00,3.4,95,0.4,0.00,0.00,0.00,0.06,3,9.0,19.4,100
2025-01-29T05:00,3.3,95,0.1,0.00,0.00,0.00,0.06,3,9.9,21.2,100
2025-01-29T06:00,3.2,95,0.1,0.00,0.00,0.00,0.06,3,9.5,21.6,100
2025-01-29T07:00,3.2,95,0.2,0.00,0.00,0.00,0.06,3,8.4,20.9,100
2025-01-29T08:00,3.0,96,0.1,0.00,0.00,0.00,0.06,3,7.4,18.4,100
2025-01-29T09:00,2.8,97,-0.1,0.00,0.00,0.00,0.06,3,7.9,16.9,100
2025-01-29T10:00,3.1,94,-0.1,0.00,0.00,0.00,0.06,3,9.4,20.5,100
2025-01-29T11:00,3.3,94,0.3,0.00,0.00,0.00,0.06,3,8.5,20.9,100
2025-01-29T12:00,3.3,95,0.4,0.00,0.00,0.00,0.05,3,7.9,19.1,100
2025-01-29T13:00,3.5,94,0.4,0.10,0.10,0.00,0.05,51,9.3,20.9,100
2025-01-29T14:00,3.7,94,0.7,0.00,0.00,0.00,0.05,3,9.0,23.8,100
2025-01-29T15:00,3.8,94,0.7,0.00,0.00,0.00,0.05,3,10.1,23.4,100
2025-01-29T16:00,4.1,95,1.1,0.00,0.00,0.00,0.05,3,9.6,22.3,100
2025-01-29T17:00,4.0,95,0.9,0.00,0.00,0.00,0.05,3,10.1,22.7,100
2025-01-29T18:00,4.0,94,0.9,0.00,0.00,0.00,0.05,3,9.9,22.7,100
2025-01-29T19:00,3.9,94,0.7,0.00,0.00,0.00,0.05,3,10.6,23.8,100
2025-01-29T20:00,3.9,95,0.6,0.00,0.00,0.00,0.04,3,11.5,25.9,100
2025-01-29T21:00,3.7,95,0.5,0.00,0.00,0.00,0.04,3,10.8,25.9,100
2025-01-29T22:00,3.6,95,0.4,0.00,0.00,0.00,0.04,3,10.7,24.5,100
2025-01-29T23:00,3.5,95,0.2,0.00,0.00,0.00,0.04,3,10.7,23.8,100
2025-01-30T00:00,3.4,95,0.1,0.00,0.00,0.00,0.04,3,11.0,24.8,100
2025-01-30T01:00,3.3,96,0.0,0.00,0.00,0.00,0.04,3,11.0,24.8,100
2025-01-30T02:00,3.3,96,0.1,0.00,0.00,0.00,0.04,3,10.6,24.8,100
2025-01-30T03:00,3.4,95,0.1,0.00,0.00,0.00,0.04,3,10.4,23.8,100
2025-01-30T04:00,3.9,96,0.6,0.10,0.10,0.00,0.04,51,11.4,25.2,100
2025-01-30T05:00,3.9,96,0.7,0.00,0.00,0.00,0.04,3,11.4,24.8,100
2025-01-30T06:00,3.9,96,0.6,0.00,0.00,0.00,0.04,3,12.0,26.6,100
2025-01-30T07:00,4.1,96,0.7,0.00,0.00,0.00,0.04,3,12.1,26.6,100
2025-01-30T08:00,4.2,96,0.8,0.00,0.00,0.00,0.04,3,12.8,28.1,100
2025-01-30T09:00,4.5,95,1.2,0.00,0.00,0.00,0.03,3,12.4,28.4,100
2025-01-30T10:00,4.9,95,1.7,0.00,0.00,0.00,0.03,3,12.0,27.0,100
2025-01-30T11:00,5.1,95,1.9,0.00,0.00,0.00,0.03,3,13.0,29.5,100
2025-01-30T12:00,5.3,92,2.0,0.00,0.00,0.00,0.03,3,12.8,30.2,100
2025-01-30T13:00,5.4,90,2.0,0.00,0.00,0.00,0.03,3,13.5,31.7,100
2025-01-30T14:00,5.7,87,2.5,0.00,0.00,0.00,0.03,3,11.7,34.6,100
2025-01-30T15:00,5.8,87,2.8,0.00,0.00,0.00,0.03,3,10.3,27.4,100
2025-01-30T16:00,6.5,86,3.9,0.00,0.00,0.00,0.02,3,8.7,20.9,100
2025-01-30T17:00,5.9,88,3.0,0.00,0.00,0.00,0.02,3,10.4,21.6,100
2025-01-30T18:00,5.4,89,2.1,0.00,0.00,0.00,0.02,3,12.4,26.6,100
2025-01-30T19:00,4.8,90,1.3,0.00,0.00,0.00,0.02,3,13.5,29.9,100
2025-01-30T20:00,4.6,91,1.0,0.00,0.00,0.00,0.02,3,13.4,30.6,100
2025-01-30T21:00,4.4,92,0.9,0.00,0.00,0.00,0.02,1,13.1,29.9,22
2025-01-30T22:00,3.9,93,0.3,0.00,0.00,0.00,0.02,3,13.0,29.2,100
2025-01-30T23:00,4.1,92,0.6,0.00,0.00,0.00,0.02,3,12.6,29.2,100
2025-01-31T00:00,4.3,92,0.9,0.00,0.00,0.00,0.02,3,11.6,28.1,100
2025-01-31T01:00,4.2,92,0.8,0.00,0.00,0.00,0.02,3,12.2,27.0,100
2025-01-31T02:00,4.1,91,0.7,0.00,0.00,0.00,0.02,3,12.0,27.7,100
2025-01-31T03:00,4.1,90,0.8,0.00,0.00,0.00,0.02,3,10.8,27.0,100
2025-01-31T04:00,4.5,85,1.1,0.00,0.00,0.00,0.02,3,11.4,26.3,100
2025-01-31T05:00,4.4,85,1.0,0.00,0.00,0.00,0.02,3,10.9,25.9,100
2025-01-31T06:00,4.2,86,0.9,0.00,0.00,0.00,0.02,3,10.6,24.5,100
2025-01-31T07:00,4.1,84,0.7,0.00,0.00,0.00,0.02,3,10.5,24.8,100
2025-01-31T08:00,3.5,84,0.0,0.00,0.00,0.00,0.02,1,10.4,23.8,33
2025-01-31T09:00,2.7,86,-0.9,0.00,0.00,0.00,0.02,1,10.4,22.7,21
2025-01-31T10:00,2.8,86,-0.8,0.00,0.00,0.00,0.02,0,10.3,22.7,11
2025-01-31T11:00,2.9,88,-0.3,0.00,0.00,0.00,0.02,0,8.2,22.7,5
2025-01-31T12:00,3.6,87,0.6,0.00,0.00,0.00,0.02,3,7.3,19.4,81
2025-01-31T13:00,4.5,86,1.7,0.00,0.00,0.00,0.02,3,7.3,19.4,95
2025-01-31T14:00,5.1,84,2.3,0.00,0.00,0.00,0.01,3,7.8,19.8,99
2025-01-31T15:00,5.3,85,2.6,0.00,0.00,0.00,0.01,3,7.0,19.4,100
2025-01-31T16:00,3.8,84,0.6,0.00,0.00,0.00,0.01,3,8.1,18.7,94
2025-01-31T17:00,3.0,87,-0.4,0.00,0.00,0.00,0.01,1,9.6,20.2,49
2025-01-31T18:00,2.4,89,-1.1,0.00,0.00,0.00,0.01,1,10.1,20.9,41
2025-01-31T19:00,1.8,91,-1.9,0.00,0.00,0.00,0.01,3,10.6,22.0,90
2025-01-31T20:00,1.7,91,-2.0,0.00,0.00,0.00,0.01,3,11.0,23.0,100
2025-01-31T21:00,1.4,91,-2.4,0.00,0.00,0.00,0.01,3,11.4,24.5,93
2025-01-31T22:00,1.0,92,-2.8,0.00,0.00,0.00,0.01,3,11.1,23.8,100
2025-01-31T23:00,1.1,92,-2.8,0.00,0.00,0.00,0.01,3,12.0,26.6,100
2025-02-01T00:00,1.2,94,-2.7,0.00,0.00,0.00,0.01,3,12.1,27.0,100
2025-02-01T01:00,1.4,95,-2.2,0.20,0.20,0.00,0.01,51,10.5,26.6,100
2025-02-01T02:00,1.4,96,-2.2,0.20,0.20,0.00,0.01,51,10.9,23.0,100
2025-02-01T03:00,1.6,96,-2.0,0.20,0.20,0.00,0.01,51,11.0,23.8,100
2025-02-01T04:00,2.1,96,-1.5,0.10,0.10,0.00,0.01,51,11.7,25.6,100
2025-02-01T05:00,2.3,96,-1.4,0.00,0.00,0.00,0.01,3,12.1,26.3,100
2025-02-01T06:00,2.5,95,-1.2,0.00,0.00,0.00,0.01,3,12.5,27.7,100
2025-02-01T07:00,2.5,96,-1.1,0.00,0.00,0.00,0.01,3,12.2,27.7,100
2025-02-01T08:00,2.5,97,-1.0,0.00,0.00,0.00,0.01,3,11.9,27.4,100
2025-02-01T09:00,2.8,96,-0.9,0.00,0.00,0.00,0.01,3,13.0,28.8,100
2025-02-01T10:00,3.0,95,-0.7,0.20,0.20,0.00,0.01,51,13.3,30.2,100
2025-02-01T11:00,3.1,95,-0.7,0.00,0.00,0.00,0.01,3,13.7,30.6,100
2025-02-01T12:00,3.0,95,-0.7,0.00,0.00,0.00,0.01,3,13.3,31.3,100
2025-02-01T13:00,3.2,94,-0.3,0.10,0.10,0.00,0.01,51,12.1,29.9,100
2025-02-01T14:00,3.5,94,0.0,0.10,0.10,0.00,0.01,51,12.1,27.4,100
2025-02-01T15:00,3.7,94,0.2,0.00,0.00,0.00,0.01,3,11.9,27.7,100
2025-02-01T16:00,3.8,94,0.4,0.00,0.00,0.00,0.01,3,12.1,27.0,100
2025-02-01T17:00,3.8,95,0.3,0.00,0.00,0.00,0.01,3,12.5,28.1,100
2025-02-01T18:00,3.7,94,-0.1,0.10,0.10,0.00,0.01,51,14.7,32.8,100
2025-02-01T19:00,3.3,91,-0.7,0.20,0.20,0.00,0.01,51,15.0,33.8,100
2025-02-01T20:00,2.2,85,-1.7,0.00,0.00,0.00,0.01,3,12.0,33.8,100
2025-02-01T21:00,1.7,83,-2.4,0.00,0.00,0.00,0.01,3,12.7,28.4,100
2025-02-01T22:00,1.6,83,-2.6,0.00,0.00,0.00,0.01,3,12.8,29.5,100
2025-02-01T23:00,1.5,84,-2.6,0.00,0.00,0.00,0.01,3,12.5,29.5,100
2025-02-02T00:00,1.5,84,-2.6,0.00,0.00,0.00,0.01,3,12.4,28.8,100
2025-02-02T01:00,1.5,84,-2.4,0.00,0.00,0.00,0.01,3,11.6,28.1,100
2025-02-02T02:00,1.3,87,-2.4,0.00,0.00,0.00,0.01,3,9.9,25.9,100
2025-02-02T03:00,1.3,89,-2.5,0.00,0.00,0.00,0.01,3,10.7,24.5,84
2025-02-02T04:00,0.5,89,-3.4,0.00,0.00,0.00,0.01,0,11.2,23.8,4
2025-02-02T05:00,0.0,92,-3.9,0.00,0.00,0.00,0.01,3,10.9,25.2,100
2025-02-02T06:00,0.3,92,-3.6,0.00,0.00,0.00,0.01,3,10.9,25.2,100
2025-02-02T07:00,0.2,90,-3.8,0.00,0.00,0.00,0.01,3,11.3,25.9,100
2025-02-02T08:00,0.0,89,-4.1,0.00,0.00,0.00,0.01,3,11.6,27.4,100
2025-02-02T09:00,0.0,86,-4.1,0.00,0.00,0.00,0.01,3,11.4,27.4,100
2025-02-02T10:00,0.3,83,-3.8,0.00,0.00,0.00,0.01,3,10.6,27.7,100
2025-02-02T11:00,0.5,81,-4.0,0.00,0.00,0.00,0.01,3,14.2,33.1,100
2025-02-02T12:00,1.0,75,-3.5,0.20,0.00,0.14,0.01,71,13.3,34.2,55
2025-02-02T13:00,1.1,72,-3.4,0.10,0.00,0.07,0.01,71,12.5,32.0,100
2025-02-02T14:00,0.9,67,-3.7,0.00,0.00,0.00,0.01,3,12.9,34.6,100
2025-02-02T15:00,0.7,66,-3.8,0.00,0.00,0.00,0.01,3,11.7,34.9,100
2025-02-02T16:00,0.5,70,-3.4,0.00,0.00,0.00,0.01,3,7.8,24.1,100
2025-02-02T17:00,0.3,73,-3.5,0.00,0.00,0.00,0.01,3,7.9,18.0,100
2025-02-02T18:00,0.1,77,-3.7,0.00,0.00,0.00,0.01,3,8.4,19.1,100
2025-02-02T19:00,-0.1,80,-4.1,0.10,0.00,0.07,0.01,71,9.9,22.3,100
2025-02-02T20:00,-0.2,79,-4.2,0.00,0.00,0.00,0.01,3,10.3,23.4,100
2025-02-02T21:00,-0.4,81,-4.4,0.00,0.00,0.00,0.01,3,9.9,23.4,100
2025-02-02T22:00,-0.7,85,-4.7,0.00,0.00,0.00,0.01,3,10.1,23.4,100
2025-02-02T23:00,-0.8,84,-4.6,0.00,0.00,0.00,0.01,3,8.6,22.7,100
2025-02-03T00:00,-0.8,83,-4.5,0.00,0.00,0.00,0.01,3,7.4,19.1,100
2025-02-03T01:00,-1.0,83,-4.8,0.00,0.00,0.00,0.01,3,8.3,18.0,100
2025-02-03T02:00,-1.3,85,-5.1,0.00,0.00,0.00,0.01,3,8.4,18.7,100
2025-02-03T03:00,-1.1,82,-4.8,0.00,0.00,0.00,0.01,3,7.8,18.0,100
2025-02-03T04:00,-1.3,85,-4.9,0.00,0.00,0.00,0.01,3,6.5,13.3,100
2025-02-03T05:00,-1.5,82,-5.2,0.00,0.00,0.00,0.01,3,7.1,14.0,100
2025-02-03T06:00,-1.3,78,-5.1,0.00,0.00,0.00,0.01,3,7.7,16.9,100
2025-02-03T07:00,-1.3,80,-5.1,0.00,0.00,0.00,0.01,3,7.2,18.0,100
2025-02-03T08:00,-1.7,83,-5.4,0.00,0.00,0.00,0.01,3,7.3,16.6,100
2025-02-03T09:00,-1.5,81,-5.2,0.00,0.00,0.00,0.01,3,7.0,15.1,100
2025-02-03T10:00,-0.9,73,-4.7,0.00,0.00,0.00,0.01,3,7.1,20.9,100
2025-02-03T11:00,-0.4,68,-4.3,0.00,0.00,0.00,0.01,3,7.4,18.7,99
2025-02-03T12:00,0.4,65,-3.8,0.00,0.00,0.00,0.01,3,9.3,24.1,95
2025-02-03T13:00,0.6,62,-3.5,0.00,0.00,0.00,0.01,3,8.7,23.8,100
2025-02-03T14:00,0.7,63,-3.5,0.00,0.00,0.00,0.01,3,8.7,21.6,100
2025-02-03T15:00,0.7,63,-3.3,0.00,0.00,0.00,0.01,3,7.8,22.0,92
2025-02-03T16:00,0.4,59,-3.3,0.00,0.00,0.00,0.01,3,4.9,18.0,100
2025-02-03T17:00,-0.1,63,-3.7,0.00,0.00,0.00,0.01,3,4.8,10.8,99
2025-02-03T18:00,-0.6,71,-4.2,0.10,0.00,0.07,0.01,71,5.9,12.2,96
2025-02-03T19:00,-0.8,75,-4.3,0.00,0.00,0.00,0.01,3,5.4,12.2,100
2025-02-03T20:00,-1.0,75,-4.4,0.00,0.00,0.00,0.01,3,4.7,10.8,88
2025-02-03T21:00,-1.5,77,-4.9,0.00,0.00,0.00,0.01,1,4.5,8.6,25
2025-02-03T22:00,-1.5,76,-5.0,0.00,0.00,0.00,0.01,3,5.2,9.7,82
2025-02-03T23:00,-1.3,73,-5.0,0.00,0.00,0.00,0.01,3,5.6,11.5,100
2025-02-04T00:00,-1.4,70,-5.1,0.00,0.00,0.00,0.01,3,5.9,11.9,100
2025-02-04T01:00,-1.5,71,-5.3,0.00,0.00,0.00,0.01,3,6.4,13.0,100
2025-02-04T02:00,-1.8,75,-5.5,0.00,0.00,0.00,0.01,3,6.2,13.3,100
2025-02-04T03:00,-1.9,80,-5.6,0.00,0.00,0.00,0.01,3,6.1,13.3,98
2025-02-04T04:00,-2.2,80,-5.5,0.00,0.00,0.00,0.01,0,3.2,6.8,0
2025-02-04T05:00,-2.6,85,-5.9,0.00,0.00,0.00,0.01,0,4.0,7.6,0
2025-02-04T06:00,-3.2,89,-6.4,0.00,0.00,0.00,0.01,0,3.4,7.2,0
2025-02-04T07:00,-3.6,91,-6.8,0.00,0.00,0.00,0.01,0,2.9,5.4,0
2025-02-04T08:00,-4.0,93,-7.1,0.00,0.00,0.00,0.01,0,2.2,4.3,6
2025-02-04T09:00,-4.1,93,-7.3,0.00,0.00,0.00,0.01,0,2.8,3.6,8
2025-02-04T10:00,-3.3,91,-6.5,0.00,0.00,0.00,0.01,0,3.2,6.8,2
2025-02-04T11:00,-2.1,84,-5.0,0.00,0.00,0.00,0.01,0,1.5,7.6,0
2025-02-04T12:00,-1.0,77,-3.9,0.00,0.00,0.00,0.01,0,1.5,7.9,2
2025-02-04T13:00,-0.1,71,-3.3,0.00,0.00,0.00,0.01,1,2.9,11.2,42
2025-02-04T14:00,0.3,67,-2.8,0.00,0.00,0.00,0.01,2,1.7,10.8,58
2025-02-04T15:00,0.3,64,-2.7,0.00,0.00,0.00,0.01,2,1.3,7.6,68
2025-02-04T16:00,-0.1,65,-3.3,0.00,0.00,0.00,0.01,0,2.1,5.0,15
2025-02-04T17:00,-0.8,68,-4.1,0.00,0.00,0.00,0.01,0,3.1,6.1,14
2025-02-04T18:00,-1.2,70,-4.6,0.00,0.00,0.00,0.01,0,3.2,7.6,9
2025-02-04T19:00,-1.6,72,-4.8,0.00,0.00,0.00,0.01,1,2.1,6.8,35
2025-02-04T20:00,-1.9,74,-4.9,0.00,0.00,0.00,0.01,2,0.9,2.9,70
2025-02-04T21:00,-2.0,74,-5.5,0.00,0.00,0.00,0.01,3,4.2,6.1,100
2025-02-04T22:00,-2.0,75,-5.7,0.00,0.00,0.00,0.01,3,5.8,11.2,99
2025-02-04T23:00,-2.0,72,-5.8,0.00,0.00,0.00,0.01,2,6.5,12.6,73
2025-02-05T00:00,-2.2,71,-6.0,0.00,0.00,0.00,0.01,3,5.8,12.6,98
2025-02-05T01:00,-2.2,73,-6.1,0.00,0.00,0.00,0.01,3,7.4,15.1,95
2025-02-05T02:00,-2.1,73,-6.3,0.00,0.00,0.00,0.01,3,8.7,17.6,91
2025-02-05T03:00,-2.3,73,-6.5,0.00,0.00,0.00,0.01,1,9.2,19.1,31
2025-02-05T04:00,-2.5,73,-7.1,0.00,0.00,0.00,0.01,1,11.4,23.8,26
2025-02-05T05:00,-2.8,73,-7.6,0.00,0.00,0.00,0.01,3,12.8,28.1,93
2025-02-05T06:00,-2.9,73,-7.8,0.00,0.00,0.00,0.01,3,13.3,29.5,100
2025-02-05T07:00,-2.7,73,-7.6,0.00,0.00,0.00,0.01,3,13.6,31.3,100
2025-02-05T08:00,-2.6,78,-7.3,0.00,0.00,0.00,0.01,3,12.5,31.0,100
2025-02-05T09:00,-2.7,81,-7.3,0.00,0.00,0.00,0.02,3,12.0,32.0,100
2025-02-05T10:00,-2.5,82,-7.2,0.00,0.00,0.00,0.02,3,13.0,29.5,100
2025-02-05T11:00,-1.9,80,-6.4,0.00,0.00,0.00,0.02,3,12.1,30.2,100
2025-02-05T12:00,-0.8,76,-5.8,0.00,0.00,0.00,0.02,3,16.0,40.3,100
2025-02-05T13:00,-0.3,73,-5.2,0.00,0.00,0.00,0.02,3,15.5,38.5,100
2025-02-05T14:00,-0.1,73,-4.8,0.00,0.00,0.00,0.02,3,13.9,37.1,100
2025-02-05T15:00,0.1,73,-4.6,0.00,0.00,0.00,0.02,3,13.0,32.4,100
2025-02-05T16:00,-0.5,76,-4.8,0.00,0.00,0.00,0.02,3,10.9,31.3,100
2025-02-05T17:00,-0.6,78,-4.6,0.00,0.00,0.00,0.02,3,9.1,24.8,100
2025-02-05T18:00,-0.7,80,-4.5,0.00,0.00,0.00,0.02,3,8.5,20.2,100
2025-02-05T19:00,-0.7,81,-4.6,0.00,0.00,0.00,0.02,3,8.9,19.8,100
2025-02-05T20:00,-0.7,81,-4.6,0.00,0.00,0.00,0.02,3,9.4,20.9,100
2025-02-05T21:00,-0.8,80,-4.7,0.00,0.00,0.00,0.02,3,8.7,20.9,100
2025-02-05T22:00,-0.9,79,-4.6,0.00,0.00,0.00,0.02,3,7.6,18.4,100
2025-02-05T23:00,-0.9,79,-4.6,0.00,0.00,0.00,0.02,3,6.7,16.2,100
2025-02-06T00:00,-1.0,79,-4.6,0.00,0.00,0.00,0.02,3,6.1,14.4,100
2025-02-06T01:00,-1.1,79,-4.6,0.00,0.00,0.00,0.02,3,5.5,13.0,100
2025-02-06T02:00,-1.3,81,-4.8,0.00,0.00,0.00,0.02,3,5.8,12.2,100
2025-02-06T03:00,-1.4,82,-4.9,0.00,0.00,0.00,0.02,3,5.8,12.6,100
2025-02-06T04:00,-1.0,80,-4.6,0.00,0.00,0.00,0.02,3,6.2,14.4,100
2025-02-06T05:00,-1.1,81,-4.6,0.00,0.00,0.00,0.02,3,6.1,14.0,100
2025-02-06T06:00,-1.1,80,-4.8,0.00,0.00,0.00,0.02,3,7.2,16.9,100
2025-02-06T07:00,-1.3,79,-5.1,0.00,0.00,0.00,0.02,3,7.6,18.0,100
2025-02-06T08:00,-1.7,80,-5.6,0.00,0.00,0.00,0.02,3,7.8,19.1,100
2025-02-06T09:00,-2.2,81,-6.0,0.00,0.00,0.00,0.02,3,7.2,19.1,100
2025-02-06T10:00,-2.4,81,-6.2,0.00,0.00,0.00,0.02,3,6.7,18.7,100
2025-02-06T11:00,-2.4,79,-6.1,0.00,0.00,0.00,0.02,3,6.0,18.0,100
2025-02-06T12:00,-2.2,75,-5.8,0.00,0.00,0.00,0.02,3,5.1,17.3,99
2025-02-06T13:00,-1.8,71,-5.4,0.00,0.00,0.00,0.02,2,4.6,15.5,75
2025-02-06T14:00,-1.2,66,-4.9,0.00,0.00,0.00,0.02,2,4.9,15.5,73
2025-02-06T15:00,-0.8,63,-4.4,0.00,0.00,0.00,0.02,3,4.2,15.1,88
2025-02-06T16:00,-1.4,68,-5.2,0.00,0.00,0.00,0.02,3,6.1,15.8,96
2025-02-06T17:00,-1.3,67,-4.9,0.00,0.00,0.00,0.02,1,4.4,15.8,45
2025-02-06T18:00,-1.7,69,-5.2,0.00,0.00,0.00,0.02,3,4.0,8.6,100
2025-02-06T19:00,-1.5,70,-5.2,0.00,0.00,0.00,0.02,3,5.1,9.4,100
2025-02-06T20:00,-1.5,71,-5.3,0.00,0.00,0.00,0.02,3,6.4,12.6,98
2025-02-06T21:00,-1.7,74,-5.6,0.00,0.00,0.00,0.02,3,7.2,14.8,100
2025-02-06T22:00,-2.0,77,-5.8,0.00,0.00,0.00,0.02,3,6.5,14.8,96
2025-02-06T23:00,-2.2,79,-6.1,0.00,0.00,0.00,0.02,2,7.4,14.4,69
2025-02-07T00:00,-2.4,82,-6.2,0.00,0.00,0.00,0.02,1,7.3,14.8,38
2025-02-07T01:00,-2.9,85,-6.8,0.00,0.00,0.00,0.02,3,8.0,15.8,93
2025-02-07T02:00,-3.2,85,-7.2,0.00,0.00,0.00,0.02,2,8.8,18.7,65
2025-02-07T03:00,-3.6,85,-7.8,0.00,0.00,0.00,0.02,2,9.3,19.8,73
2025-02-07T04:00,-4.2,77,-8.5,0.00,0.00,0.00,0.02,0,8.7,19.4,0
2025-02-07T05:00,-4.6,79,-8.9,0.00,0.00,0.00,0.02,1,8.3,19.1,30
2025-02-07T06:00,-4.6,78,-8.7,0.00,0.00,0.00,0.02,2,7.1,18.0,70
2025-02-07T07:00,-4.4,77,-8.5,0.00,0.00,0.00,0.02,3,7.3,16.6,84
2025-02-07T08:00,-4.5,78,-8.6,0.00,0.00,0.00,0.02,3,7.7,16.6,100
2025-02-07T09:00,-4.5,77,-8.9,0.00,0.00,0.00,0.02,3,9.6,22.7,97
2025-02-07T10:00,-4.5,75,-9.0,0.00,0.00,0.00,0.02,3,9.2,23.0,91
2025-02-07T11:00,-4.2,70,-9.0,0.00,0.00,0.00,0.02,3,11.8,28.8,83
2025-02-07T12:00,-3.7,65,-8.7,0.00,0.00,0.00,0.02,3,12.6,31.7,99
2025-02-07T13:00,-3.8,64,-8.6,0.00,0.00,0.00,0.02,3,11.1,32.0,99
2025-02-07T14:00,-4.0,64,-8.7,0.00,0.00,0.00,0.02,3,9.7,29.2,100
2025-02-07T15:00,-4.1,63,-8.6,0.00,0.00,0.00,0.02,3,8.7,25.9,99
2025-02-07T16:00,-3.5,65,-7.7,0.00,0.00,0.00,0.02,3,6.9,19.8,92
2025-02-07T17:00,-3.5,67,-7.6,0.00,0.00,0.00,0.02,3,7.2,18.7,100
2025-02-07T18:00,-3.5,69,-7.5,0.00,0.00,0.00,0.02,3,6.2,17.6,100
2025-02-07T19:00,-3.4,69,-7.3,0.00,0.00,0.00,0.02,3,5.8,14.8,100
2025-02-07T20:00,-3.2,70,-7.0,0.00,0.00,0.00,0.02,3,4.9,13.7,100
2025-02-07T21:00,-3.2,70,-7.0,0.00,0.00,0.00,0.02,3,5.1,11.9,96
2025-02-07T22:00,-3.3,70,-7.2,0.00,0.00,0.00,0.02,3,6.0,12.6,98
2025-02-07T23:00,-3.5,70,-7.4,0.00,0.00,0.00,0.02,3,5.8,13.0,99
2025-02-08T00:00,-3.8,72,-7.7,0.00,0.00,0.00,0.02,2,5.9,12.2,78
2025-02-08T01:00,-4.2,74,-8.3,0.00,0.00,0.00,0.02,3,6.7,13.0,100
2025-02-08T02:00,-4.3,75,-8.4,0.00,0.00,0.00,0.02,3,7.1,14.8,100
2025-02-08T03:00,-4.4,77,-8.6,0.00,0.00,0.00,0.02,3,7.5,15.5,97
2025-02-08T04:00,-4.8,80,-8.6,0.00,0.00,0.00,0.02,3,4.8,10.1,100
2025-02-08T05:00,-4.8,80,-8.4,0.00,0.00,0.00,0.02,3,4.3,10.1,100
2025-02-08T06:00,-4.8,81,-8.4,0.00,0.00,0.00,0.02,3,3.9,10.1,100
2025-02-08T07:00,-4.8,81,-8.3,0.00,0.00,0.00,0.02,3,3.7,9.7,100
2025-02-08T08:00,-4.7,81,-8.4,0.00,0.00,0.00,0.02,3,4.8,12.2,100
2025-02-08T09:00,-4.6,80,-8.4,0.00,0.00,0.00,0.02,3,5.5,14.0,100
2025-02-08T10:00,-4.5,79,-8.2,0.00,0.00,0.00,0.02,3,5.0,14.8,100
2025-02-08T11:00,-4.2,77,-7.7,0.00,0.00,0.00,0.02,3,3.8,14.0,100
2025-02-08T12:00,-3.8,75,-7.3,0.00,0.00,0.00,0.02,3,3.3,12.6,100
2025-02-08T13:00,-3.5,74,-7.1,0.00,0.00,0.00,0.02,3,4.0,13.7,100
2025-02-08T14:00,-3.3,73,-7.0,0.00,0.00,0.00,0.02,3,4.4,14.4,100
2025-02-08T15:00,-3.2,73,-6.8,0.00,0.00,0.00,0.02,3,3.6,14.0,100
2025-02-08T16:00,-3.6,76,-6.8,0.00,0.00,0.00,0.02,3,1.5,8.6,100
2025-02-08T17:00,-3.6,76,-7.0,0.00,0.00,0.00,0.02,3,2.7,9.0,100
2025-02-08T18:00,-3.7,77,-7.2,0.00,0.00,0.00,0.02,3,3.9,10.4,100
2025-02-08T19:00,-3.7,78,-7.2,0.00,0.00,0.00,0.02,3,3.9,11.5,100
2025-02-08T20:00,-3.7,78,-7.1,0.00,0.00,0.00,0.02,3,3.4,10.8,100
2025-02-08T21:00,-3.7,78,-7.2,0.00,0.00,0.00,0.02,3,3.5,10.1,100
2025-02-08T22:00,-3.7,78,-7.2,0.00,0.00,0.00,0.02,3,3.9,10.4,100
2025-02-08T23:00,-3.7,78,-7.1,0.00,0.00,0.00,0.02,3,2.9,10.1,100
2025-02-09T00:00,-3.7,78,-7.2,0.00,0.00,0.00,0.02,3,3.4,9.7,100
2025-02-09T01:00,-3.8,78,-7.1,0.00,0.00,0.00,0.02,3,2.7,9.7,100
2025-02-09T02:00,-3.8,78,-7.2,0.00,0.00,0.00,0.02,3,2.9,8.3,100
2025-02-09T03:00,-3.8,78,-7.3,0.00,0.00,0.00,0.02,3,3.6,9.4,100
2025-02-09T04:00,-5.1,86,-8.3,0.00,0.00,0.00,0.02,3,1.9,5.8,100
2025-02-09T05:00,-5.2,88,-8.3,0.00,0.00,0.00,0.02,3,1.0,5.4,100
2025-02-09T06:00,-5.1,87,-8.2,0.00,0.00,0.00,0.02,3,1.1,3.6,100
2025-02-09T07:00,-5.0,87,-8.2,0.00,0.00,0.00,0.02,3,1.5,4.7,100
2025-02-09T08:00,-5.1,88,-8.2,0.00,0.00,0.00,0.02,3,1.0,4.3,100
2025-02-09T09:00,-4.9,87,-8.2,0.00,0.00,0.00,0.02,3,2.2,6.1,100
2025-02-09T10:00,-5.0,87,-8.2,0.00,0.00,0.00,0.02,3,2.0,7.6,100
2025-02-09T11:00,-4.8,87,-8.2,0.00,0.00,0.00,0.02,3,2.7,9.4,100
2025-02-09T12:00,-4.6,86,-7.9,0.00,0.00,0.00,0.02,3,2.5,10.1,100
2025-02-09T13:00,-4.5,85,-7.7,0.00,0.00,0.00,0.02,3,1.8,9.4,100
2025-02-09T14:00,-4.3,85,-7.5,0.00,0.00,0.00,0.02,3,1.5,7.9,100
2025-02-09T15:00,-4.2,84,-7.3,0.00,0.00,0.00,0.02,3,1.5,7.2,100
2025-02-09T16:00,-4.4,84,-7.5,0.00,0.00,0.00,0.02,3,1.4,8.3,100
2025-02-09T17:00,-4.4,84,-7.5,0.00,0.00,0.00,0.02,3,1.6,6.5,100
2025-02-09T18:00,-4.3,84,-7.5,0.00,0.00,0.00,0.02,3,1.5,5.0,100
2025-02-09T19:00,-4.4,86,-7.4,0.00,0.00,0.00,0.02,3,1.2,5.4,100
2025-02-09T20:00,-4.2,84,-7.5,0.00,0.00,0.00,0.02,3,2.3,6.5,100
2025-02-09T21:00,-4.2,85,-7.3,0.00,0.00,0.00,0.02,3,1.4,6.8,100
2025-02-09T22:00,-4.2,86,-7.3,0.00,0.00,0.00,0.02,3,1.4,6.1,100
2025-02-09T23:00,-4.3,86,-7.4,0.00,0.00,0.00,0.02,3,1.1,5.4,100
2025-02-10T00:00,-4.3,87,-7.3,0.00,0.00,0.00,0.02,3,0.7,4.3,100
2025-02-10T01:00,-4.3,85,-7.4,0.00,0.00,0.00,0.02,3,1.0,5.0,100
2025-02-10T02:00,-4.4,84,-7.6,0.00,0.00,0.00,0.02,3,1.8,5.8,100
2025-02-10T03:00,-4.5,85,-7.6,0.00,0.00,0.00,0.02,3,1.3,6.1,100
2025-02-10T04:00,-6.1,86,-9.6,0.00,0.00,0.00,0.02,3,2.6,9.4,100
2025-02-10T05:00,-6.1,86,-9.6,0.00,0.00,0.00,0.02,3,3.1,9.0,100
2025-02-10T06:00,-6.0,86,-9.5,0.00,0.00,0.00,0.02,3,2.7,8.6,100
2025-02-10T07:00,-6.0,86,-9.4,0.00,0.00,0.00,0.02,3,2.6,8.3,100
2025-02-10T08:00,-5.8,86,-9.2,0.00,0.00,0.00,0.02,3,2.7,8.3,100
2025-02-10T09:00,-5.6,86,-9.1,0.00,0.00,0.00,0.02,3,3.3,9.0,100
2025-02-10T10:00,-5.3,85,-8.9,0.00,0.00,0.00,0.02,3,4.2,11.2,100
2025-02-10T11:00,-5.0,85,-8.8,0.00,0.00,0.00,0.02,3,5.7,15.1,100
2025-02-10T12:00,-4.8,85,-8.5,0.00,0.00,0.00,0.02,3,5.5,15.8,100
2025-02-10T13:00,-4.5,83,-8.1,0.00,0.00,0.00,0.02,3,4.9,15.1,100
2025-02-10T14:00,-4.2,82,-7.8,0.00,0.00,0.00,0.02,3,4.7,14.0,100
2025-02-10T15:00,-4.0,82,-7.7,0.00,0.00,0.00,0.02,3,5.1,14.0,100
2025-02-10T16:00,-4.7,79,-8.5,0.00,0.00,0.00,0.02,3,4.9,13.7,100
2025-02-10T17:00,-4.8,80,-8.6,0.00,0.00,0.00,0.02,3,4.8,13.7,100
2025-02-10T18:00,-5.0,80,-8.8,0.00,0.00,0.00,0.02,3,5.6,13.7,100
2025-02-10T19:00,-5.1,80,-9.0,0.00,0.00,0.00,0.02,3,5.9,14.4,100
2025-02-10T20:00,-5.2,80,-9.1,0.00,0.00,0.00,0.02,3,5.9,14.4,100
2025-02-10T21:00,-5.2,81,-9.1,0.00,0.00,0.00,0.02,3,5.8,14.8,100
2025-02-10T22:00,-5.2,82,-9.2,0.00,0.00,0.00,0.02,3,6.1,14.4,100
2025-02-10T23:00,-5.3,82,-9.4,0.00,0.00,0.00,0.02,3,6.7,16.2,100
2025-02-11T00:00,-5.4,83,-9.4,0.00,0.00,0.00,0.02,3,6.6,16.9,100
2025-02-11T01:00,-5.5,83,-9.4,0.00,0.00,0.00,0.02,3,6.0,15.8,100
2025-02-11T02:00,-5.5,83,-9.4,0.00,0.00,0.00,0.02,3,5.8,14.8,100
2025-02-11T03:00,-5.5,83,-9.4,0.00,0.00,0.00,0.02,3,5.4,13.7,100
2025-02-11T04:00,-6.3,84,-10.0,0.00,0.00,0.00,0.02,3,4.6,10.8,100
2025-02-11T05:00,-6.2,84,-9.9,0.00,0.00,0.00,0.02,3,4.1,10.8,100
2025-02-11T06:00,-6.1,84,-9.9,0.00,0.00,0.00,0.02,3,4.8,11.2,100
2025-02-11T07:00,-6.0,83,-9.7,0.00,0.00,0.00,0.02,3,4.3,11.5,100
2025-02-11T08:00,-6.0,83,-9.8,0.00,0.00,0.00,0.02,3,4.8,11.5,100
2025-02-11T09:00,-6.0,82,-9.7,0.00,0.00,0.00,0.02,3,4.2,11.5,100
2025-02-11T10:00,-5.8,80,-9.4,0.00,0.00,0.00,0.02,3,3.8,11.5,100
2025-02-11T11:00,-5.6,79,-9.3,0.00,0.00,0.00,0.02,3,4.2,13.3,100
2025-02-11T12:00,-5.4,78,-9.2,0.00,0.00,0.00,0.02,3,4.4,13.7,100
2025-02-11T13:00,-5.2,77,-9.0,0.00,0.00,0.00,0.02,3,4.9,14.8,100
2025-02-11T14:00,-4.9,76,-8.7,0.00,0.00,0.00,0.02,3,4.9,15.5,100
2025-02-11T15:00,-4.6,74,-8.3,0.00,0.00,0.00,0.02,3,4.5,14.8,100
2025-02-11T16:00,-5.9,74,-10.0,0.00,0.00,0.00,0.02,3,6.1,16.2,100
2025-02-11T17:00,-5.9,74,-9.9,0.00,0.00,0.00,0.02,3,5.4,16.2,100
2025-02-11T18:00,-6.1,74,-10.2,0.00,0.00,0.00,0.02,3,5.6,14.0,100
2025-02-11T19:00,-6.3,74,-10.5,0.00,0.00,0.00,0.02,3,6.4,15.5,100
2025-02-11T20:00,-6.7,75,-10.8,0.00,0.00,0.00,0.02,3,5.8,15.8,100
2025-02-11T21:00,-6.8,75,-10.8,0.00,0.00,0.00,0.02,3,4.7,14.0,100
2025-02-11T22:00,-6.9,76,-10.8,0.00,0.00,0.00,0.02,3,4.0,11.5,99
2025-02-11T23:00,-6.9,77,-10.7,0.00,0.00,0.00,0.02,3,3.5,10.1,100
2025-02-12T00:00,-7.1,78,-10.8,0.00,0.00,0.00,0.02,3,3.3,9.4,100
2025-02-12T01:00,-7.2,79,-10.9,0.00,0.00,0.00,0.02,3,3.6,9.4,100
2025-02-12T02:00,-7.2,79,-11.1,0.00,0.00,0.00,0.02,3,4.5,11.5,100
2025-02-12T03:00,-7.2,80,-11.0,0.00,0.00,0.00,0.02,3,3.6,11.5,100
2025-02-12T04:00,-8.0,82,-12.0,0.00,0.00,0.00,0.02,3,5.2,12.2,100
2025-02-12T05:00,-7.9,82,-11.9,0.00,0.00,0.00,0.02,3,5.4,14.0,100
2025-02-12T06:00,-7.8,82,-12.0,0.00,0.00,0.00,0.02,3,6.2,15.1,100
2025-02-12T07:00,-7.8,84,-12.1,0.00,0.00,0.00,0.02,3,7.2,17.6,100
2025-02-12T08:00,-7.8,85,-12.1,0.00,0.00,0.00,0.02,3,6.9,18.7,100
2025-02-12T09:00,-7.7,84,-12.0,0.00,0.00,0.00,0.02,3,7.6,18.7,100
2025-02-12T10:00,-7.4,83,-11.8,0.00,0.00,0.00,0.02,3,8.3,20.9,100
2025-02-12T11:00,-6.9,81,-11.3,0.00,0.00,0.00,0.02,3,8.1,21.6,100
2025-02-12T12:00,-6.3,78,-10.5,0.00,0.00,0.00,0.02,3,7.0,21.2,100
2025-02-12T13:00,-5.8,76,-10.1,0.00,0.00,0.00,0.02,3,7.2,20.5,100
2025-02-12T14:00,-5.5,75,-9.9,0.00,0.00,0.00,0.02,3,8.3,22.3,100
2025-02-12T15:00,-5.2,73,-9.6,0.00,0.00,0.00,0.02,3,8.7,22.7,100
2025-02-12T16:00,-6.1,77,-10.7,0.00,0.00,0.00,0.02,3,9.9,24.8,100
2025-02-12T17:00,-6.1,77,-10.8,0.00,0.00,0.00,0.02,3,10.4,24.8,100
2025-02-12T18:00,-6.1,78,-10.7,0.00,0.00,0.00,0.02,3,9.4,24.5,100
2025-02-12T19:00,-6.2,80,-10.7,0.00,0.00,0.00,0.02,3,8.8,23.8,100
2025-02-12T20:00,-6.4,81,-10.8,0.00,0.00,0.00,0.02,3,8.5,22.3,100
2025-02-12T21:00,-6.6,82,-11.1,0.00,0.00,0.00,0.02,3,9.0,21.6,100
2025-02-12T22:00,-6.8,83,-11.4,0.00,0.00,0.00,0.02,3,9.4,22.3,100
2025-02-12T23:00,-7.0,83,-11.5,0.00,0.00,0.00,0.02,3,9.0,22.7,100
2025-02-13T00:00,-7.1,83,-11.5,0.00,0.00,0.00,0.02,3,8.6,21.2,100
2025-02-13T01:00,-7.1,82,-11.5,0.00,0.00,0.00,0.02,3,7.8,20.9,100
2025-02-13T02:00,-7.2,83,-11.4,0.00,0.00,0.00,0.02,3,6.5,18.7,100
2025-02-13T03:00,-7.3,83,-11.4,0.00,0.00,0.00,0.02,3,5.8,15.8,100
2025-02-13T04:00,-8.2,82,-12.4,0.00,0.00,0.00,0.02,3,6.4,15.8,100
2025-02-13T05:00,-8.1,83,-12.2,0.00,0.00,0.00,0.02,3,5.8,15.1,100
2025-02-13T06:00,-7.9,82,-11.9,0.00,0.00,0.00,0.02,3,5.2,13.7,100
2025-02-13T07:00,-7.8,82,-11.7,0.00,0.00,0.00,0.02,3,4.7,12.2,100
2025-02-13T08:00,-7.7,82,-11.6,0.00,0.00,0.00,0.02,3,4.4,11.5,100
2025-02-13T09:00,-7.5,79,-11.4,0.00,0.00,0.00,0.02,3,4.4,11.9,100
2025-02-13T10:00,-7.3,76,-11.2,0.00,0.00,0.00,0.02,3,4.7,13.3,100
2025-02-13T11:00,-7.0,75,-11.0,0.00,0.00,0.00,0.02,3,5.0,14.8,100
2025-02-13T12:00,-6.7,73,-10.7,0.00,0.00,0.00,0.02,3,4.9,15.1,100
2025-02-13T13:00,-6.4,72,-10.5,0.00,0.00,0.00,0.02,3,5.8,16.9,100
2025-02-13T14:00,-6.2,72,-10.3,0.00,0.00,0.00,0.02,3,6.1,17.3,100
2025-02-13T15:00,-6.0,71,-10.2,0.00,0.00,0.00,0.02,3,6.4,18.0,100
2025-02-13T16:00,-6.9,72,-11.2,0.00,0.00,0.00,0.02,3,6.4,16.9,100
2025-02-13T17:00,-7.0,72,-11.2,0.00,0.00,0.00,0.02,3,6.5,16.9,100
2025-02-13T18:00,-7.0,73,-11.2,0.00,0.00,0.00,0.02,3,6.2,16.2,100
2025-02-13T19:00,-7.0,73,-11.3,0.00,0.00,0.00,0.02,3,6.7,15.8,100
2025-02-13T20:00,-7.0,74,-11.3,0.00,0.00,0.00,0.02,3,7.0,16.2,100
2025-02-13T21:00,-7.1,74,-11.3,0.00,0.00,0.00,0.02,3,6.6,16.6,100
2025-02-13T22:00,-7.1,75,-11.2,0.00,0.00,0.00,0.02,3,6.1,15.5,100
2025-02-13T23:00,-7.1,77,-11.2,0.00,0.00,0.00,0.02,3,5.3,14.0,100
2025-02-14T00:00,-7.1,79,-11.0,0.00,0.00,0.00,0.02,3,4.5,11.9,100
2025-02-14T01:00,-7.1,79,-11.0,0.00,0.00,0.00,0.02,3,4.3,10.4,100
2025-02-14T02:00,-7.1,80,-11.1,0.00,0.00,0.00,0.02,3,5.5,13.3,100
2025-02-14T03:00,-6.8,82,-10.7,0.00,0.00,0.00,0.02,3,5.5,13.0,99
2025-02-14T04:00,-7.7,84,-11.8,0.00,0.00,0.00,0.02,3,5.8,12.2,100
2025-02-14T05:00,-7.6,82,-11.8,0.00,0.00,0.00,0.02,3,6.6,14.4,100
2025-02-14T06:00,-7.5,82,-11.7,0.00,0.00,0.00,0.02,3,6.7,14.8,100
2025-02-14T07:00,-7.4,83,-11.6,0.00,0.00,0.00,0.02,3,6.3,14.8,100
2025-02-14T08:00,-7.2,84,-11.4,0.00,0.00,0.00,0.02,3,6.6,14.0,100
2025-02-14T09:00,-6.9,85,-10.9,0.00,0.00,0.00,0.02,3,6.1,16.6,100
2025-02-14T10:00,-6.5,85,-10.6,0.00,0.00,0.00,0.02,3,7.1,16.6,100
2025-02-14T11:00,-5.9,81,-10.2,0.00,0.00,0.00,0.02,3,8.4,20.5,100
2025-02-14T12:00,-5.4,71,-10.0,0.00,0.00,0.00,0.02,3,9.9,24.1,100
2025-02-14T13:00,-5.2,71,-9.5,0.00,0.00,0.00,0.02,3,7.6,23.4,100
2025-02-14T14:00,-5.1,72,-9.3,0.00,0.00,0.00,0.02,3,6.7,18.4,100
2025-02-14T15:00,-5.2,72,-9.2,0.10,0.00,0.07,0.02,71,6.0,16.9,100
2025-02-14T16:00,-6.1,72,-10.3,0.00,0.00,0.00,0.02,3,6.0,15.5,100
2025-02-14T17:00,-6.2,72,-10.3,0.00,0.00,0.00,0.02,3,5.8,15.5,100
2025-02-14T18:00,-6.6,74,-10.8,0.10,0.00,0.07,0.02,71,6.0,15.1,100
2025-02-14T19:00,-7.1,73,-11.5,0.00,0.00,0.07,0.02,71,7.4,18.0,100
2025-02-14T20:00,-7.6,74,-12.0,0.00,0.00,0.00,0.02,3,6.8,17.6,97
2025-02-14T21:00,-8.1,75,-12.6,0.00,0.00,0.00,0.02,2,7.5,17.3,59
2025-02-14T22:00,-8.3,74,-12.4,0.00,0.00,0.00,0.02,1,5.1,17.3,48
2025-02-14T23:00,-10.0,78,-14.0,0.00,0.00,0.00,0.02,2,4.3,11.9,52
2025-02-15T00:00,-9.5,81,-13.6,0.00,0.00,0.00,0.02,3,4.8,11.2,96
2025-02-15T01:00,-8.4,84,-12.5,0.00,0.00,0.00,0.02,3,5.4,13.0,100
2025-02-15T02:00,-7.7,85,-12.0,0.00,0.00,0.00,0.02,3,7.6,16.2,100
2025-02-15T03:00,-7.9,85,-12.4,0.00,0.00,0.00,0.02,3,9.0,20.2,90
2025-02-15T04:00,-7.9,87,-12.4,0.00,0.00,0.00,0.02,3,8.8,22.0,100
2025-02-15T05:00,-7.7,87,-12.3,0.00,0.00,0.00,0.02,3,9.5,20.9,100
2025-02-15T06:00,-7.6,85,-12.5,0.10,0.00,0.07,0.02,71,11.4,26.3,100
2025-02-15T07:00,-8.1,83,-13.1,0.10,0.00,0.07,0.02,71,11.9,28.4,100
2025-02-15T08:00,-8.7,81,-13.6,0.00,0.00,0.00,0.02,3,11.2,29.2,99
2025-02-15T09:00,-8.8,77,-13.9,0.00,0.00,0.00,0.02,3,11.9,28.8,100
2025-02-15T10:00,-8.9,75,-14.0,0.00,0.00,0.00,0.03,3,11.9,28.4,100
2025-02-15T11:00,-8.8,72,-13.9,0.00,0.00,0.00,0.03,3,11.4,29.2,100
2025-02-15T12:00,-8.6,70,-13.7,0.00,0.00,0.00,0.03,3,11.6,29.2,100
2025-02-15T13:00,-8.3,69,-13.4,0.00,0.00,0.00,0.03,3,11.1,28.1,100
2025-02-15T14:00,-8.1,66,-13.2,0.00,0.00,0.00,0.03,3,10.9,27.0,100
2025-02-15T15:00,-8.2,64,-13.2,0.00,0.00,0.00,0.03,3,10.8,27.0,100
2025-02-15T16:00,-8.1,63,-13.3,0.00,0.00,0.00,0.03,3,11.2,28.1,100
2025-02-15T17:00,-8.3,64,-13.4,0.00,0.00,0.00,0.03,3,11.0,27.4,100
2025-02-15T18:00,-8.3,66,-12.9,0.00,0.00,0.00,0.03,3,7.5,29.5,100
2025-02-15T19:00,-8.3,68,-12.7,0.00,0.00,0.00,0.03,3,6.5,18.0,100
2025-02-15T20:00,-8.6,69,-13.3,0.00,0.00,0.00,0.03,3,8.8,20.2,100
2025-02-15T21:00,-9.4,67,-14.2,0.00,0.00,0.00,0.03,2,8.7,21.2,73
2025-02-15T22:00,-10.1,72,-14.7,0.00,0.00,0.00,0.03,1,7.6,20.2,20
2025-02-15T23:00,-10.3,77,-14.9,0.00,0.00,0.00,0.03,1,7.2,16.9,34
2025-02-16T00:00,-10.9,81,-15.2,0.00,0.00,0.00,0.03,1,6.2,16.2,38
2025-02-16T01:00,-11.2,83,-15.5,0.00,0.00,0.00,0.03,3,5.6,14.4,98
2025-02-16T02:00,-12.0,85,-16.3,0.00,0.00,0.00,0.03,3,5.0,12.6,100
2025-02-16T03:00,-12.6,86,-16.9,0.00,0.00,0.00,0.03,3,5.1,11.5,100
2025-02-16T04:00,-11.0,75,-15.4,0.10,0.00,0.07,0.03,71,5.8,13.3,100
2025-02-16T05:00,-11.4,78,-15.8,0.10,0.00,0.07,0.03,71,5.9,13.7,100
2025-02-16T06:00,-11.9,82,-16.3,0.00,0.00,0.00,0.03,3,5.6,13.3,100
2025-02-16T07:00,-12.1,84,-16.4,0.00,0.00,0.00,0.03,3,5.7,13.3,100
2025-02-16T08:00,-11.9,86,-16.2,0.00,0.00,0.00,0.03,3,6.1,13.7,100
2025-02-16T09:00,-10.8,84,-15.3,0.00,0.00,0.00,0.03,3,7.7,20.2,100
2025-02-16T10:00,-10.1,83,-14.8,0.00,0.00,0.00,0.03,3,8.6,20.5,100
2025-02-16T11:00,-9.6,79,-14.5,0.00,0.00,0.00,0.03,3,9.8,24.1,100
2025-02-16T12:00,-9.4,75,-14.3,0.00,0.00,0.00,0.03,3,10.5,25.9,100
2025-02-16T13:00,-9.2,73,-14.3,0.00,0.00,0.00,0.03,3,11.3,27.7,100
2025-02-16T14:00,-9.2,71,-14.3,0.00,0.00,0.00,0.03,3,11.1,27.7,100
2025-02-16T15:00,-9.0,69,-14.3,0.00,0.00,0.00,0.03,3,12.4,29.2,100
2025-02-16T16:00,-9.8,68,-15.1,0.00,0.00,0.00,0.03,3,11.8,28.8,100
2025-02-16T17:00,-10.1,68,-15.4,0.00,0.00,0.00,0.03,3,12.1,28.8,100
2025-02-16T18:00,-10.3,68,-15.8,0.10,0.00,0.07,0.03,71,13.0,29.9,100
2025-02-16T19:00,-10.6,67,-16.0,0.10,0.00,0.07,0.03,71,12.3,34.6,100
2025-02-16T20:00,-10.6,67,-15.7,0.10,0.00,0.07,0.03,71,10.4,32.0,100
2025-02-16T21:00,-10.7,71,-15.7,0.00,0.00,0.00,0.03,3,9.4,23.8,96
2025-02-16T22:00,-11.5,74,-16.4,0.00,0.00,0.00,0.03,3,9.0,22.3,80
2025-02-16T23:00,-12.4,76,-17.2,0.00,0.00,0.00,0.03,3,8.6,20.5,100
2025-02-17T00:00,-12.4,76,-17.4,0.00,0.00,0.00,0.03,3,9.2,21.2,87
2025-02-17T01:00,-12.6,77,-17.5,0.00,0.00,0.00,0.03,1,8.9,20.9,49
2025-02-17T02:00,-13.4,79,-18.2,0.00,0.00,0.00,0.03,2,7.9,20.2,69
2025-02-17T03:00,-14.2,81,-18.9,0.00,0.00,0.00,0.03,1,7.1,18.0,36
2025-02-17T04:00,-15.0,80,-19.6,0.00,0.00,0.00,0.03,0,6.1,14.0,3
2025-02-17T05:00,-14.9,79,-19.6,0.00,0.00,0.00,0.03,2,7.0,15.8,59
2025-02-17T06:00,-14.7,79,-19.4,0.00,0.00,0.00,0.03,3,7.2,16.9,99
2025-02-17T07:00,-13.9,80,-18.5,0.00,0.00,0.00,0.03,3,6.7,16.9,99
2025-02-17T08:00,-12.6,81,-17.3,0.00,0.00,0.00,0.03,3,7.9,16.9,100
2025-02-17T09:00,-11.5,79,-16.6,0.00,0.00,0.00,0.03,3,10.4,22.7,100
2025-02-17T10:00,-11.5,74,-17.0,0.00,0.00,0.00,0.03,3,13.3,31.3,100
2025-02-17T11:00,-11.7,71,-17.3,0.00,0.00,0.00,0.03,3,13.9,33.1,100
2025-02-17T12:00,-11.3,70,-17.0,0.00,0.00,0.00,0.03,3,14.6,35.3,100
2025-02-17T13:00,-10.7,68,-16.5,0.00,0.00,0.00,0.03,3,14.7,35.3,100
2025-02-17T14:00,-10.2,66,-15.9,0.00,0.00,0.00,0.03,3,14.6,35.6,100
2025-02-17T15:00,-9.9,65,-15.5,0.00,0.00,0.00,0.03,3,14.0,34.9,100
2025-02-17T16:00,-10.4,65,-15.8,0.00,0.00,0.00,0.03,3,12.2,29.9,100
2025-02-17T17:00,-10.5,66,-15.8,0.00,0.00,0.00,0.03,3,11.6,29.2,99
2025-02-17T18:00,-10.5,68,-15.4,0.00,0.00,0.00,0.03,3,9.4,30.6,100
2025-02-17T19:00,-10.3,70,-15.3,0.00,0.00,0.00,0.03,2,9.8,22.7,51
2025-02-17T20:00,-11.5,73,-16.4,0.00,0.00,0.00,0.03,0,9.4,23.0,0
2025-02-17T21:00,-12.2,75,-17.0,0.00,0.00,0.00,0.03,0,8.3,21.2,0
2025-02-17T22:00,-13.3,77,-17.9,0.00,0.00,0.00,0.03,0,6.2,18.4,0
2025-02-17T23:00,-14.7,79,-19.2,0.00,0.00,0.00,0.03,1,5.7,13.7,26
2025-02-18T00:00,-15.2,79,-19.8,0.00,0.00,0.00,0.03,1,5.6,11.9,38
2025-02-18T01:00,-15.4,79,-19.9,0.00,0.00,0.00,0.03,2,5.2,11.5,53
2025-02-18T02:00,-15.4,79,-19.7,0.00,0.00,0.00,0.03,2,3.8,10.4,59
2025-02-18T03:00,-15.8,81,-20.0,0.00,0.00,0.00,0.03,0,3.7,7.9,17
2025-02-18T04:00,-15.4,84,-19.8,0.00,0.00,0.00,0.03,3,4.7,10.1,100
2025-02-18T05:00,-15.0,84,-19.4,0.00,0.00,0.00,0.03,3,4.9,10.1,100
2025-02-18T06:00,-13.9,83,-18.2,0.00,0.00,0.00,0.03,3,4.7,10.1,100
2025-02-18T07:00,-12.2,84,-16.3,0.10,0.00,0.07,0.03,71,4.0,12.2,100
2025-02-18T08:00,-12.0,84,-16.0,0.10,0.00,0.07,0.03,71,2.9,8.3,99
2025-02-18T09:00,-11.8,84,-15.9,0.00,0.00,0.00,0.03,3,4.6,9.7,100
2025-02-18T10:00,-10.5,83,-14.8,0.00,0.00,0.00,0.03,3,5.8,14.8,100
2025-02-18T11:00,-9.8,81,-14.1,0.00,0.00,0.00,0.03,3,6.1,15.8,100
2025-02-18T12:00,-8.8,79,-13.1,0.00,0.00,0.00,0.03,3,6.3,17.3,100
2025-02-18T13:00,-7.9,70,-12.4,0.00,0.00,0.00,0.03,3,7.4,19.4,100
2025-02-18T14:00,-7.5,68,-12.1,0.00,0.00,0.00,0.03,3,8.2,20.9,100
2025-02-18T15:00,-7.3,67,-11.9,0.00,0.00,0.00,0.03,3,8.1,20.9,100
2025-02-18T16:00,-6.6,61,-11.1,0.00,0.00,0.00,0.03,1,7.3,18.7,37
2025-02-18T17:00,-7.8,64,-11.9,0.00,0.00,0.00,0.03,0,4.5,18.4,3
2025-02-18T18:00,-9.5,66,-13.9,0.00,0.00,0.00,0.03,2,6.0,12.6,65
2025-02-18T19:00,-8.7,74,-13.3,0.00,0.00,0.00,0.03,3,8.2,18.4,97
2025-02-18T20:00,-9.3,80,-13.6,0.00,0.00,0.00,0.03,3,5.9,17.6,100
2025-02-18T21:00,-9.0,83,-13.1,0.10,0.00,0.07,0.03,71,5.5,13.3,100
2025-02-18T22:00,-8.4,83,-12.6,0.00,0.00,0.00,0.03,3,6.2,13.0,100
2025-02-18T23:00,-7.7,85,-12.1,0.00,0.00,0.00,0.03,3,7.9,16.6,85
2025-02-19T00:00,-8.8,87,-12.8,0.00,0.00,0.00,0.03,3,5.5,16.6,80
2025-02-19T01:00,-10.3,90,-14.4,0.00,0.00,0.00,0.03,3,5.1,11.2,98
2025-02-19T02:00,-9.5,90,-13.5,0.00,0.00,0.00,0.03,3,4.8,10.1,100
2025-02-19T03:00,-8.6,90,-12.5,0.00,0.00,0.00,0.04,3,4.5,10.1,100
2025-02-19T04:00,-9.3,92,-13.3,0.00,0.00,0.00,0.04,3,5.0,10.1,100
2025-02-19T05:00,-9.1,91,-13.0,0.00,0.00,0.00,0.04,3,4.2,9.4,100
2025-02-19T06:00,-7.6,89,-11.7,0.00,0.00,0.00,0.04,3,6.9,13.7,100
2025-02-19T07:00,-7.3,87,-11.7,0.00,0.00,0.00,0.04,3,8.2,16.9,100
2025-02-19T08:00,-7.6,87,-12.1,0.00,0.00,0.00,0.04,3,9.0,19.4,99
2025-02-19T09:00,-7.7,87,-12.1,0.00,0.00,0.00,0.04,1,8.3,19.4,34
2025-02-19T10:00,-7.6,84,-11.5,0.00,0.00,0.00,0.04,0,4.7,18.4,17
2025-02-19T11:00,-6.7,79,-10.5,0.00,0.00,0.00,0.04,3,3.8,12.2,100
2025-02-19T12:00,-5.9,74,-9.8,0.00,0.00,0.00,0.04,3,5.0,14.8,100
2025-02-19T13:00,-5.3,70,-9.1,0.00,0.00,0.00,0.04,3,4.3,14.8,100
2025-02-19T14:00,-4.9,67,-8.4,0.00,0.00,0.00,0.04,3,2.3,13.3,100
2025-02-19T15:00,-4.8,67,-8.2,0.00,0.00,0.00,0.04,3,1.3,8.6,100
2025-02-19T16:00,-5.3,67,-8.7,0.00,0.00,0.00,0.04,3,1.5,6.8,100
2025-02-19T17:00,-5.7,71,-9.2,0.10,0.00,0.07,0.04,71,1.8,5.8,100
2025-02-19T18:00,-6.8,74,-10.4,0.00,0.00,0.00,0.04,3,2.6,5.8,100
2025-02-19T19:00,-7.3,75,-10.9,0.00,0.00,0.00,0.04,3,2.5,5.4,99
2025-02-19T20:00,-9.4,78,-13.7,0.00,0.00,0.00,0.04,0,6.2,11.2,8
2025-02-19T21:00,-8.4,83,-13.0,0.00,0.00,0.00,0.04,2,8.7,18.0,73
2025-02-19T22:00,-8.0,85,-12.5,0.00,0.00,0.00,0.04,3,8.6,18.7,100
2025-02-19T23:00,-7.9,85,-12.3,0.00,0.00,0.00,0.04,3,8.3,18.0,98
2025-02-20T00:00,-8.4,86,-12.8,0.00,0.00,0.00,0.04,3,7.6,17.3,95
2025-02-20T01:00,-9.1,86,-13.6,0.00,0.00,0.00,0.04,3,7.8,16.2,96
2025-02-20T02:00,-9.3,86,-13.8,0.00,0.00,0.00,0.04,3,7.6,16.6,96
2025-02-20T03:00,-9.4,86,-13.7,0.00,0.00,0.00,0.04,3,6.8,15.8,99
2025-02-20T04:00,-10.6,86,-14.7,0.00,0.00,0.00,0.04,3,4.7,12.6,82
2025-02-20T05:00,-11.6,88,-15.8,0.00,0.00,0.00,0.04,2,5.2,10.8,60
2025-02-20T06:00,-12.9,89,-17.2,0.00,0.00,0.00,0.04,1,5.0,11.2,34
2025-02-20T07:00,-13.7,88,-18.0,0.00,0.00,0.00,0.04,1,4.9,10.1,40
2025-02-20T08:00,-12.9,86,-17.1,0.00,0.00,0.00,0.04,3,4.6,9.7,100
2025-02-20T09:00,-10.1,84,-14.2,0.00,0.00,0.00,0.04,3,5.2,11.5,100
2025-02-20T10:00,-8.8,82,-12.8,0.00,0.00,0.00,0.04,3,4.6,13.0,96
2025-02-20T11:00,-7.8,75,-11.6,0.00,0.00,0.00,0.04,2,3.2,11.2,77
2025-02-20T12:00,-7.1,64,-11.5,0.00,0.00,0.00,0.04,3,7.1,18.4,100
2025-02-20T13:00,-6.7,64,-11.2,0.00,0.00,0.00,0.04,3,7.6,19.4,100
2025-02-20T14:00,-6.5,65,-11.0,0.00,0.00,0.00,0.04,3,7.4,19.4,100
2025-02-20T15:00,-6.4,66,-11.0,0.00,0.00,0.00,0.04,3,8.0,19.4,100
2025-02-20T16:00,-7.5,65,-12.1,0.00,0.00,0.00,0.04,3,8.1,19.4,100
2025-02-20T17:00,-7.7,67,-12.1,0.00,0.00,0.00,0.04,3,6.3,21.2,100
2025-02-20T18:00,-8.3,71,-12.2,0.00,0.00,0.00,0.04,3,3.7,14.0,100
2025-02-20T19:00,-8.9,72,-12.8,0.00,0.00,0.00,0.04,3,3.1,7.6,100
2025-02-20T20:00,-8.9,70,-12.5,0.00,0.00,0.00,0.04,3,1.1,5.8,100
2025-02-20T21:00,-9.3,70,-12.8,0.00,0.00,0.00,0.04,3,0.3,2.5,100
2025-02-20T22:00,-9.1,73,-12.7,0.00,0.00,0.00,0.04,3,0.9,2.5,100
2025-02-20T23:00,-9.4,74,-13.4,0.00,0.00,0.00,0.04,3,3.8,7.6,100
2025-02-21T00:00,-9.4,77,-13.4,0.00,0.00,0.00,0.04,3,3.8,9.0,99
2025-02-21T01:00,-9.6,78,-13.5,0.00,0.00,0.00,0.04,3,3.1,7.2,100
2025-02-21T02:00,-9.2,78,-13.2,0.00,0.00,0.00,0.04,3,4.5,9.0,100
2025-02-21T03:00,-9.4,79,-13.5,0.00,0.00,0.00,0.04,3,5.2,10.8,99
2025-02-21T04:00,-9.0,78,-13.1,0.00,0.00,0.00,0.04,3,5.1,10.4,81
2025-02-21T05:00,-9.9,81,-14.0,0.00,0.00,0.00,0.04,2,4.7,10.4,52
2025-02-21T06:00,-11.0,83,-15.2,0.00,0.00,0.00,0.04,1,5.0,9.7,28
2025-02-21T07:00,-11.7,85,-16.0,0.00,0.00,0.00,0.04,0,5.6,11.2,1
2025-02-21T08:00,-12.1,85,-16.5,0.00,0.00,0.00,0.04,2,6.0,11.5,64
2025-02-21T09:00,-10.6,80,-15.0,0.00,0.00,0.00,0.04,1,6.4,13.3,38
2025-02-21T10:00,-9.2,77,-13.8,0.00,0.00,0.00,0.04,0,7.9,14.4,16
2025-02-21T11:00,-7.7,74,-12.0,0.00,0.00,0.00,0.04,3,7.0,16.2,97
2025-02-21T12:00,-6.3,74,-10.7,0.00,0.00,0.00,0.04,1,7.9,19.1,33
2025-02-21T13:00,-5.1,72,-9.5,0.00,0.00,0.00,0.04,3,8.4,20.5,87
2025-02-21T14:00,-4.4,69,-8.8,0.00,0.00,0.00,0.04,3,8.8,21.2,92
2025-02-21T15:00,-3.9,69,-8.3,0.00,0.00,0.00,0.04,2,8.8,21.2,62
2025-02-21T16:00,-3.2,63,-7.4,0.00,0.00,0.00,0.04,3,6.7,18.0,100
2025-02-21T17:00,-4.1,67,-8.3,0.00,0.00,0.00,0.04,3,7.1,15.8,94
2025-02-21T18:00,-5.1,72,-9.5,0.00,0.00,0.00,0.04,3,8.4,16.9,100
2025-02-21T19:00,-5.6,75,-10.1,0.00,0.00,0.00,0.04,3,9.4,19.4,98
2025-02-21T20:00,-6.2,79,-10.7,0.00,0.00,0.00,0.04,3,9.6,19.8,100
2025-02-21T21:00,-6.7,81,-11.2,0.00,0.00,0.00,0.04,3,9.5,20.2,100
2025-02-21T22:00,-7.1,82,-11.5,0.00,0.00,0.00,0.04,3,8.3,19.8,98
2025-02-21T23:00,-7.3,83,-11.6,0.00,0.00,0.00,0.04,3,7.9,16.9,96
2025-02-22T00:00,-7.9,84,-12.2,0.00,0.00,0.00,0.04,2,7.4,16.2,72
2025-02-22T01:00,-8.7,85,-13.0,0.00,0.00,0.00,0.04,0,6.8,15.1,12
2025-02-22T02:00,-9.2,85,-13.6,0.00,0.00,0.00,0.04,1,7.4,14.8,38
2025-02-22T03:00,-9.3,84,-13.8,0.00,0.00,0.00,0.04,2,8.1,16.9,50
2025-02-22T04:00,-8.2,82,-12.5,0.00,0.00,0.00,0.04,2,7.0,16.9,51
2025-02-22T05:00,-8.7,82,-12.9,0.00,0.00,0.00,0.04,3,6.5,14.4,85
2025-02-22T06:00,-9.2,84,-13.5,0.00,0.00,0.00,0.04,3,7.1,14.4,93
2025-02-22T07:00,-9.3,84,-13.7,0.00,0.00,0.00,0.04,3,7.4,15.5,92
2025-02-22T08:00,-9.6,84,-14.0,0.00,0.00,0.00,0.04,3,7.6,15.5,94
2025-02-22T09:00,-9.1,83,-13.4,0.00,0.00,0.00,0.04,3,7.0,15.5,97
2025-02-22T10:00,-8.0,81,-12.2,0.00,0.00,0.00,0.04,3,6.0,14.8,97
2025-02-22T11:00,-6.7,78,-10.7,0.00,0.00,0.00,0.04,3,5.7,14.4,93
2025-02-22T12:00,-5.4,74,-9.4,0.00,0.00,0.00,0.04,3,5.8,15.5,89
2025-02-22T13:00,-4.2,70,-8.2,0.00,0.00,0.00,0.04,2,6.0,15.8,76
2025-02-22T14:00,-3.4,66,-7.4,0.00,0.00,0.00,0.04,2,6.0,15.8,56
2025-02-22T15:00,-3.1,64,-6.9,0.00,0.00,0.00,0.04,0,5.1,15.5,14
2025-02-22T16:00,-2.7,57,-6.6,0.00,0.00,0.00,0.04,0,4.2,15.5,0
2025-02-22T17:00,-4.5,60,-8.3,0.00,0.00,0.00,0.04,0,3.3,11.2,0
2025-02-22T18:00,-6.2,61,-10.0,0.00,0.00,0.00,0.04,0,3.0,7.2,0
2025-02-22T19:00,-7.6,67,-11.8,0.00,0.00,0.00,0.04,0,5.6,9.7,0
2025-02-22T20:00,-8.2,73,-12.4,0.00,0.00,0.00,0.04,0,5.6,11.2,0
2025-02-22T21:00,-8.9,77,-13.0,0.00,0.00,0.00,0.04,0,4.5,10.8,0
2025-02-22T22:00,-9.6,80,-13.5,0.00,0.00,0.00,0.04,0,3.8,7.9,0
2025-02-22T23:00,-10.2,83,-14.0,0.00,0.00,0.00,0.04,0,3.1,7.9,0
2025-02-23T00:00,-10.9,85,-14.6,0.00,0.00,0.00,0.04,0,2.3,6.1,0
2025-02-23T01:00,-11.6,88,-15.3,0.00,0.00,0.00,0.04,0,1.9,4.7,0
2025-02-23T02:00,-12.2,90,-15.9,0.00,0.00,0.00,0.04,0,1.7,3.6,0
2025-02-23T03:00,-12.6,91,-16.2,0.00,0.00,0.00,0.04,0,1.3,3.6,0
2025-02-23T04:00,-12.8,88,-16.6,0.00,0.00,0.00,0.04,0,2.1,4.0,0
2025-02-23T05:00,-13.1,86,-17.1,0.00,0.00,0.00,0.04,0,2.8,5.4,0
2025-02-23T06:00,-13.8,85,-18.1,0.00,0.00,0.00,0.04,0,4.8,9.0,0
2025-02-23T07:00,-14.1,85,-18.5,0.00,0.00,0.00,0.04,0,5.2,9.7,0
2025-02-23T08:00,-13.6,85,-18.0,0.00,0.00,0.00,0.04,0,5.7,11.2,0
2025-02-23T09:00,-11.5,84,-15.7,0.00,0.00,0.00,0.04,0,4.7,11.2,0
2025-02-23T10:00,-9.7,81,-13.7,0.00,0.00,0.00,0.04,0,4.3,10.1,0
2025-02-23T11:00,-8.1,80,-11.8,0.00,0.00,0.00,0.04,0,3.1,10.1,0
2025-02-23T12:00,-6.5,78,-10.1,0.00,0.00,0.00,0.04,0,2.8,10.4,0
2025-02-23T13:00,-5.4,75,-8.9,0.00,0.00,0.00,0.04,0,2.8,10.1,0
2025-02-23T14:00,-4.6,71,-8.3,0.00,0.00,0.00,0.04,0,3.3,10.8,1
2025-02-23T15:00,-4.2,68,-7.9,0.00,0.00,0.00,0.04,0,3.3,10.4,1
2025-02-23T16:00,-3.7,62,-7.4,0.00,0.00,0.00,0.04,0,3.3,10.8,1
2025-02-23T17:00,-5.3,62,-9.0,0.00,0.00,0.00,0.04,0,2.3,10.1,0
2025-02-23T18:00,-7.1,63,-10.9,0.00,0.00,0.00,0.04,0,2.4,5.8,0
2025-02-23T19:00,-8.2,66,-12.2,0.00,0.00,0.00,0.04,0,4.2,7.2,0
2025-02-23T20:00,-8.8,71,-13.2,0.00,0.00,0.00,0.04,0,6.6,13.0,0
2025-02-23T21:00,-10.0,76,-14.4,0.00,0.00,0.00,0.04,0,6.2,13.3,0
2025-02-23T22:00,-11.8,80,-16.0,0.00,0.00,0.00,0.04,0,5.0,12.2,0
2025-02-23T23:00,-12.2,81,-16.2,0.00,0.00,0.00,0.04,0,2.6,9.4,0
2025-02-24T00:00,-12.9,82,-16.8,0.00,0.00,0.00,0.04,0,2.7,5.8,0
2025-02-24T01:00,-13.6,84,-17.7,0.00,0.00,0.00,0.04,0,3.6,7.2,0
2025-02-24T02:00,-14.2,86,-18.4,0.00,0.00,0.00,0.04,0,4.0,7.9,0
2025-02-24T03:00,-14.9,88,-19.2,0.00,0.00,0.00,0.04,0,4.7,9.0,0
2025-02-24T04:00,-14.7,92,-19.1,0.00,0.00,0.00,0.04,0,5.4,10.8,0
2025-02-24T05:00,-15.2,91,-19.6,0.00,0.00,0.00,0.04,0,5.4,10.4,0
2025-02-24T06:00,-15.6,90,-20.0,0.00,0.00,0.00,0.04,0,5.3,10.4,0
2025-02-24T07:00,-16.0,89,-20.5,0.00,0.00,0.00,0.04,0,5.4,10.1,1
2025-02-24T08:00,-16.0,86,-20.5,0.00,0.00,0.00,0.04,0,5.9,11.5,0
2025-02-24T09:00,-13.6,80,-18.1,0.00,0.00,0.00,0.04,0,5.6,12.6,0
2025-02-24T10:00,-11.7,74,-16.0,0.00,0.00,0.00,0.04,0,5.3,12.6,2
2025-02-24T11:00,-9.8,70,-13.9,0.00,0.00,0.00,0.04,0,3.9,12.6,0
2025-02-24T12:00,-7.8,66,-11.8,0.00,0.00,0.00,0.04,0,4.3,12.6,0
2025-02-24T13:00,-5.7,60,-9.9,0.00,0.00,0.00,0.04,0,5.6,14.8,0
2025-02-24T14:00,-4.3,55,-8.7,0.00,0.00,0.00,0.04,0,7.1,18.4,0
2025-02-24T15:00,-3.8,52,-8.3,0.00,0.00,0.00,0.04,0,7.2,19.1,0
2025-02-24T16:00,-3.2,46,-7.7,0.00,0.00,0.00,0.04,0,7.3,20.9,0
2025-02-24T17:00,-4.4,51,-8.9,0.00,0.00,0.00,0.04,0,7.6,18.0,0
2025-02-24T18:00,-6.2,56,-10.9,0.00,0.00,0.00,0.04,0,8.0,17.3,0
2025-02-24T19:00,-7.3,59,-12.0,0.00,0.00,0.00,0.04,0,7.7,17.3,0
2025-02-24T20:00,-8.5,61,-13.0,0.00,0.00,0.00,0.04,0,6.7,16.6,0
2025-02-24T21:00,-9.9,63,-14.4,0.00,0.00,0.00,0.04,0,6.1,14.0,0
2025-02-24T22:00,-11.1,64,-15.4,0.00,0.00,0.00,0.04,0,5.0,11.9,0
2025-02-24T23:00,-11.7,65,-16.0,0.00,0.00,0.00,0.04,0,4.5,9.7,0
2025-02-25T00:00,-12.3,66,-16.6,0.00,0.00,0.00,0.04,0,4.4,9.0,0
2025-02-25T01:00,-12.7,67,-16.8,0.00,0.00,0.00,0.04,0,3.1,9.0,0
2025-02-25T02:00,-13.0,68,-17.0,0.00,0.00,0.00,0.04,0,2.1,6.5,0
2025-02-25T03:00,-13.5,70,-17.4,0.00,0.00,0.00,0.04,0,1.1,4.3,0
2025-02-25T04:00,-13.5,77,-17.4,0.00,0.00,0.00,0.04,0,1.9,5.0,0
2025-02-25T05:00,-14.0,79,-17.9,0.00,0.00,0.00,0.04,0,2.0,4.7,0
2025-02-25T06:00,-14.5,81,-18.4,0.00,0.00,0.00,0.04,0,1.9,4.7,0
2025-02-25T07:00,-15.1,82,-19.2,0.00,0.00,0.00,0.04,0,2.7,6.1,0
2025-02-25T08:00,-15.2,82,-19.3,0.00,0.00,0.00,0.04,0,2.7,6.8,0
2025-02-25T09:00,-13.3,77,-17.1,0.00,0.00,0.00,0.04,0,1.5,5.8,0
2025-02-25T10:00,-10.9,68,-14.9,0.00,0.00,0.00,0.04,0,3.1,8.3,0
2025-02-25T11:00,-8.8,65,-12.4,0.00,0.00,0.00,0.04,0,0.4,7.6,0
2025-02-25T12:00,-6.9,60,-10.5,0.00,0.00,0.00,0.04,0,1.4,7.9,0
2025-02-25T13:00,-5.2,54,-9.0,0.00,0.00,0.00,0.04,0,2.3,9.4,0
2025-02-25T14:00,-4.0,48,-7.9,0.00,0.00,0.00,0.04,1,3.1,10.4,22
2025-02-25T15:00,-3.2,45,-7.1,0.00,0.00,0.00,0.04,0,3.1,11.2,2
2025-02-25T16:00,-2.0,46,-5.6,0.00,0.00,0.00,0.04,0,1.7,10.4,0
2025-02-25T17:00,-3.2,34,-6.9,0.00,0.00,0.00,0.04,0,0.4,5.8,0
2025-02-25T18:00,-5.5,35,-9.3,0.00,0.00,0.00,0.04,0,0.8,2.2,2
2025-02-25T19:00,-6.5,38,-10.4,0.00,0.00,0.00,0.04,0,1.5,2.9,6
2025-02-25T20:00,-7.7,40,-11.7,0.00,0.00,0.00,0.04,0,2.2,3.2,0
2025-02-25T21:00,-8.8,44,-12.9,0.00,0.00,0.00,0.04,0,2.8,5.0,4
2025-02-25T22:00,-9.6,49,-13.7,0.00,0.00,0.00,0.04,1,2.7,6.1,31
2025-02-25T23:00,-10.0,52,-14.1,0.00,0.00,0.00,0.04,3,2.8,5.8,89
2025-02-26T00:00,-10.4,53,-14.6,0.00,0.00,0.00,0.04,1,3.2,6.1,32
2025-02-26T01:00,-10.5,55,-15.0,0.00,0.00,0.00,0.04,3,5.1,9.7,98
2025-02-26T02:00,-9.1,58,-13.3,0.00,0.00,0.00,0.04,3,4.6,10.1,100
2025-02-26T03:00,-9.2,58,-13.5,0.00,0.00,0.00,0.04,3,4.6,8.3,97
2025-02-26T04:00,-10.0,61,-14.2,0.00,0.00,0.00,0.04,3,4.4,8.6,84
2025-02-26T05:00,-9.6,63,-13.9,0.00,0.00,0.00,0.04,3,5.1,10.1,100
2025-02-26T06:00,-8.7,67,-12.8,0.00,0.00,0.00,0.04,3,4.7,10.1,93
2025-02-26T07:00,-9.4,69,-13.5,0.00,0.00,0.00,0.04,1,4.2,9.0,36
2025-02-26T08:00,-10.5,75,-14.8,0.00,0.00,0.00,0.04,3,5.1,10.1,92
2025-02-26T09:00,-7.7,76,-11.8,0.00,0.00,0.00,0.04,0,5.5,12.2,14
2025-02-26T10:00,-6.6,74,-10.5,0.00,0.00,0.00,0.04,0,4.1,11.2,13
2025-02-26T11:00,-5.1,72,-8.8,0.00,0.00,0.00,0.04,0,3.3,11.2,0
2025-02-26T12:00,-3.7,68,-7.3,0.00,0.00,0.00,0.04,0,3.6,12.2,0
2025-02-26T13:00,-2.6,64,-6.4,0.00,0.00,0.00,0.04,0,4.6,14.8,0
2025-02-26T14:00,-2.0,63,-5.8,0.00,0.00,0.00,0.04,0,5.2,15.8,0
2025-02-26T15:00,-1.6,62,-5.4,0.00,0.00,0.00,0.04,0,5.2,15.8,0
2025-02-26T16:00,-1.2,57,-4.9,0.00,0.00,0.00,0.04,0,4.5,16.2,0
2025-02-26T17:00,-2.7,63,-6.4,0.00,0.00,0.00,0.04,0,3.6,13.0,0
2025-02-26T18:00,-4.8,62,-8.6,0.00,0.00,0.00,0.04,0,3.9,8.6,0
2025-02-26T19:00,-5.8,65,-9.9,0.00,0.00,0.00,0.04,0,5.2,9.4,0
2025-02-26T20:00,-6.1,67,-10.3,0.00,0.00,0.00,0.04,0,6.1,11.9,0
2025-02-26T21:00,-6.5,70,-10.7,0.00,0.00,0.00,0.04,0,6.0,12.6,0
2025-02-26T22:00,-7.6,75,-11.8,0.00,0.00,0.00,0.04,0,5.7,12.6,0
2025-02-26T23:00,-8.2,78,-12.4,0.00,0.00,0.00,0.04,0,5.7,11.5,0
2025-02-27T00:00,-8.9,81,-13.0,0.00,0.00,0.00,0.04,0,5.2,11.5,0
2025-02-27T01:00,-9.4,82,-13.5,0.00,0.00,0.00,0.04,0,5.5,10.4,0
2025-02-27T02:00,-9.7,83,-13.9,0.00,0.00,0.00,0.04,0,5.8,11.2,0
2025-02-27T03:00,-9.8,82,-14.0,0.00,0.00,0.00,0.04,0,5.8,12.2,0
2025-02-27T04:00,-10.5,88,-14.7,0.00,0.00,0.00,0.04,0,5.3,11.2,0
2025-02-27T05:00,-10.9,88,-15.1,0.00,0.00,0.00,0.04,0,5.4,10.8,0
2025-02-27T06:00,-11.2,87,-15.4,0.00,0.00,0.00,0.04,0,5.3,11.2,0
2025-02-27T07:00,-11.7,87,-15.9,0.00,0.00,0.00,0.04,0,5.1,11.2,0
2025-02-27T08:00,-11.4,86,-15.6,0.00,0.00,0.00,0.04,0,5.1,11.2,0
2025-02-27T09:00,-9.4,82,-13.5,0.00,0.00,0.00,0.04,0,5.1,11.9,0
2025-02-27T10:00,-7.7,77,-11.5,0.00,0.00,0.00,0.04,0,3.8,11.9,0
2025-02-27T11:00,-5.5,72,-9.0,0.00,0.00,0.00,0.04,0,2.4,10.8,1
2025-02-27T12:00,-3.3,65,-6.8,0.00,0.00,0.00,0.03,0,3.0,11.2,5
2025-02-27T13:00,-1.2,55,-4.9,0.00,0.00,0.00,0.03,0,3.4,11.5,9
2025-02-27T14:00,0.0,47,-3.7,0.00,0.00,0.00,0.03,0,3.1,11.5,12
2025-02-27T15:00,0.6,45,-3.2,0.00,0.00,0.00,0.03,0,3.3,10.4,0
2025-02-27T16:00,0.8,43,-3.0,0.00,0.00,0.00,0.03,0,3.2,11.9,0
2025-02-27T17:00,-0.8,42,-4.4,0.00,0.00,0.00,0.03,0,1.9,10.1,0
2025-02-27T18:00,-3.1,42,-7.2,0.00,0.00,0.00,0.03,0,3.9,7.6,0
2025-02-27T19:00,-4.0,46,-8.3,0.00,0.00,0.00,0.03,0,5.5,10.8,0
2025-02-27T20:00,-5.1,50,-9.3,0.00,0.00,0.00,0.03,0,4.9,10.4,0
2025-02-27T21:00,-6.1,54,-10.3,0.00,0.00,0.00,0.03,0,4.7,9.7,0
2025-02-27T22:00,-7.0,58,-11.1,0.00,0.00,0.00,0.03,0,4.0,9.4,0
2025-02-27T23:00,-7.9,62,-11.9,0.00,0.00,0.00,0.03,0,3.6,7.6,0
2025-02-28T00:00,-8.9,66,-13.0,0.00,0.00,0.00,0.03,0,4.0,7.9,0
2025-02-28T01:00,-9.3,68,-13.2,0.00,0.00,0.00,0.03,0,2.7,7.9,0
2025-02-28T02:00,-9.9,70,-13.6,0.00,0.00,0.00,0.03,0,1.6,5.8,0
2025-02-28T03:00,-10.5,72,-14.3,0.00,0.00,0.00,0.03,0,2.0,4.3,0
2025-02-28T04:00,-10.7,74,-14.7,0.00,0.00,0.00,0.03,0,3.2,7.6,0
2025-02-28T05:00,-11.0,75,-14.8,0.00,0.00,0.00,0.03,0,2.1,6.8,0
2025-02-28T06:00,-11.3,76,-15.1,0.00,0.00,0.00,0.03,0,1.8,4.3,0
2025-02-28T07:00,-11.5,76,-15.4,0.00,0.00,0.00,0.03,0,2.5,5.4,0
2025-02-28T08:00,-11.1,75,-15.0,0.00,0.00,0.00,0.03,0,2.3,5.4,0
2025-02-28T09:00,-8.4,72,-12.4,0.00,0.00,0.00,0.03,0,3.9,8.3,0
2025-02-28T10:00,-5.0,63,-9.2,0.00,0.00,0.00,0.03,0,6.1,10.4,0
2025-02-28T11:00,-2.5,60,-6.1,0.00,0.00,0.00,0.03,0,3.1,11.2,0
2025-02-28T12:00,-0.4,56,-3.9,0.00,0.00,0.00,0.03,0,3.5,10.8,0
2025-02-28T13:00,1.2,54,-2.5,0.00,0.00,0.00,0.03,0,4.2,12.6,0
2025-02-28T14:00,2.0,52,-1.6,0.00,0.00,0.00,0.03,0,4.4,14.0,4
2025-02-28T15:00,2.5,50,-1.2,0.00,0.00,0.00,0.03,2,4.3,14.0,53
2025-02-28T16:00,3.3,35,-0.8,0.00,0.00,0.00,0.03,1,5.5,13.3,35
2025-02-28T17:00,2.5,40,-1.5,0.00,0.00,0.00,0.03,3,4.7,13.0,95
2025-02-28T18:00,1.3,42,-2.9,0.00,0.00,0.00,0.03,3,6.3,11.5,98
2025-02-28T19:00,0.5,44,-4.0,0.00,0.00,0.00,0.03,3,8.1,14.4,100
2025-02-28T20:00,-0.1,47,-4.5,0.00,0.00,0.00,0.03,3,8.2,14.4,100
2025-02-28T21:00,-0.5,51,-5.0,0.00,0.00,0.00,0.03,3,8.7,16.2,100
2025-02-28T22:00,-1.2,58,-5.5,0.00,0.00,0.00,0.03,3,8.5,16.2,100
2025-02-28T23:00,-1.8,66,-6.0,0.00,0.00,0.00,0.03,3,8.4,15.5,96
2025-03-01T00:00,-2.5,71,-6.6,0.00,0.00,0.00,0.03,3,8.2,15.5,91
2025-03-01T01:00,-3.1,76,-7.2,0.00,0.00,0.00,0.03,1,8.3,15.5,32
2025-03-01T02:00,-3.7,79,-7.9,0.00,0.00,0.00,0.03,0,8.8,16.6,9
2025-03-01T03:00,-4.2,82,-8.4,0.00,0.00,0.00,0.03,0,8.7,16.9,10
2025-03-01T04:00,-3.3,77,-7.5,0.00,0.00,0.00,0.03,2,8.5,15.8,57
2025-03-01T05:00,-3.2,79,-7.2,0.00,0.00,0.00,0.03,3,8.0,16.6,100
2025-03-01T06:00,-3.0,80,-7.0,0.00,0.00,0.00,0.03,3,8.0,16.2,100
2025-03-01T07:00,-2.9,81,-6.9,0.00,0.00,0.00,0.03,3,8.1,16.6,100
2025-03-01T08:00,-2.5,80,-6.5,0.00,0.00,0.00,0.03,3,7.9,16.6,99
2025-03-01T09:00,-2.2,79,-6.0,0.00,0.00,0.00,0.03,3,7.2,16.9,97
2025-03-01T10:00,-1.4,75,-5.1,0.00,0.00,0.00,0.03,3,6.5,16.9,100
2025-03-01T11:00,0.0,70,-3.7,0.00,0.00,0.00,0.03,3,6.5,17.3,100
2025-03-01T12:00,1.2,65,-2.8,0.00,0.00,0.00,0.03,3,8.4,21.6,100
2025-03-01T13:00,1.7,62,-2.3,0.00,0.00,0.00,0.02,3,8.0,22.3,100
2025-03-01T14:00,2.5,57,-1.5,0.00,0.00,0.00,0.02,3,7.5,20.2,100
2025-03-01T15:00,3.2,54,-0.7,0.00,0.00,0.00,0.02,3,7.4,19.8,100
2025-03-01T16:00,3.3,54,-0.5,0.00,0.00,0.00,0.02,3,6.2,16.6,100
2025-03-01T17:00,2.3,59,-1.7,0.00,0.00,0.00,0.02,3,8.0,16.2,100
2025-03-01T18:00,1.1,60,-3.1,0.00,0.00,0.00,0.02,3,9.1,18.4,100
2025-03-01T19:00,0.4,60,-3.8,0.00,0.00,0.00,0.02,3,8.3,18.4,100
2025-03-01T20:00,0.1,60,-4.2,0.00,0.00,0.00,0.02,3,9.0,17.6,100
2025-03-01T21:00,-0.2,65,-4.5,0.00,0.00,0.00,0.02,3,9.6,20.2,100
2025-03-01T22:00,-0.6,70,-4.7,0.00,0.00,0.00,0.02,3,8.9,20.2,100
2025-03-01T23:00,-1.1,72,-5.1,0.00,0.00,0.00,0.02,3,8.0,18.4,98
2025-03-02T00:00,-1.4,73,-5.4,0.00,0.00,0.00,0.02,3,8.2,16.2,96
2025-03-02T01:00,-1.9,75,-5.9,0.00,0.00,0.00,0.02,3,8.0,16.6,100
2025-03-02T02:00,-2.3,78,-6.2,0.00,0.00,0.00,0.02,3,7.5,16.2,97
2025-03-02T03:00,-2.6,80,-6.5,0.00,0.00,0.00,0.02,3,7.0,14.8,95
2025-03-02T04:00,-2.4,81,-6.1,0.00,0.00,0.00,0.02,3,6.3,13.3,100
2025-03-02T05:00,-2.6,85,-6.1,0.00,0.00,0.00,0.02,3,5.3,11.5,100
2025-03-02T06:00,-2.3,87,-5.7,0.10,0.00,0.07,0.02,71,5.1,10.4,100
2025-03-02T07:00,-2.2,89,-5.6,0.10,0.00,0.07,0.02,71,5.6,11.5,100
2025-03-02T08:00,-2.0,91,-5.4,0.10,0.00,0.07,0.02,71,6.2,12.6,100
2025-03-02T09:00,-1.4,89,-4.9,0.10,0.00,0.07,0.02,71,6.9,15.8,100
2025-03-02T10:00,-0.6,85,-4.1,0.00,0.00,0.00,0.02,3,7.2,18.4,100
2025-03-02T11:00,0.3,79,-3.4,0.00,0.00,0.00,0.02,3,7.4,19.4,100
2025-03-02T12:00,0.7,75,-2.9,0.00,0.00,0.00,0.02,3,7.0,19.4,100
2025-03-02T13:00,1.0,73,-2.6,0.00,0.00,0.00,0.02,3,6.8,18.7,100
2025-03-02T14:00,1.2,72,-2.3,0.00,0.00,0.00,0.02,3,6.4,18.0,100
2025-03-02T15:00,1.3,73,-2.1,0.00,0.00,0.00,0.02,3,5.7,17.3,100
2025-03-02T16:00,0.3,76,-3.2,0.00,0.00,0.00,0.02,3,6.0,14.8,100
2025-03-02T17:00,0.0,79,-3.1,0.00,0.00,0.00,0.02,3,3.4,16.2,100
2025-03-02T18:00,-0.5,84,-3.4,0.00,0.00,0.00,0.02,3,2.5,8.3,100
2025-03-02T19:00,-1.0,83,-4.1,0.00,0.00,0.00,0.02,3,3.4,7.6,100
2025-03-02T20:00,-2.8,85,-6.2,0.00,0.00,0.00,0.02,3,4.9,10.1,100
2025-03-02T21:00,-2.6,86,-6.0,0.00,0.00,0.00,0.02,3,5.0,10.8,100
2025-03-02T22:00,-1.6,88,-5.2,0.00,0.00,0.00,0.02,3,6.6,14.4,100
2025-03-02T23:00,-1.6,89,-5.0,0.00,0.00,0.00,0.02,3,6.5,14.4,100
2025-03-03T00:00,-1.5,90,-5.0,0.10,0.00,0.07,0.02,71,6.7,14.8,100
2025-03-03T01:00,-1.2,90,-4.8,0.10,0.00,0.07,0.02,71,7.2,16.2,100
2025-03-03T02:00,-1.3,91,-4.7,0.00,0.00,0.00,0.02,3,6.4,16.2,100
2025-03-03T03:00,-1.4,92,-4.6,0.00,0.00,0.00,0.02,3,5.2,13.7,98
2025-03-03T04:00,-1.7,93,-5.0,0.00,0.00,0.00,0.02,3,5.5,12.2,100
2025-03-03T05:00,-1.2,93,-4.6,0.00,0.00,0.00,0.02,3,6.4,13.7,100
2025-03-03T06:00,-0.8,93,-4.3,0.00,0.00,0.00,0.02,3,7.6,16.2,100
2025-03-03T07:00,-0.8,91,-4.4,0.00,0.00,0.00,0.02,3,8.3,18.0,100
2025-03-03T08:00,-0.8,91,-4.5,0.00,0.00,0.00,0.02,3,8.5,19.1,100
2025-03-03T09:00,-0.5,90,-4.0,0.00,0.00,0.00,0.02,3,8.0,21.2,100
2025-03-03T10:00,-0.2,89,-3.8,0.00,0.00,0.00,0.02,3,8.2,21.2,100
2025-03-03T11:00,0.4,85,-3.8,0.10,0.00,0.07,0.02,71,12.3,27.7,100
2025-03-03T12:00,0.6,84,-3.2,0.30,0.00,0.21,0.02,73,9.4,28.4,100
2025-03-03T13:00,1.0,79,-2.6,0.10,0.00,0.07,0.02,71,7.8,22.0,100
2025-03-03T14:00,0.9,84,-2.4,0.20,0.00,0.14,0.03,71,6.8,19.8,100
2025-03-03T15:00,0.9,88,-2.4,0.20,0.00,0.14,0.03,71,7.0,16.6,100
2025-03-03T16:00,1.1,82,-2.2,0.00,0.00,0.00,0.03,3,6.4,23.0,100
2025-03-03T17:00,1.0,85,-1.9,0.00,0.00,0.00,0.02,3,3.8,14.8,100
2025-03-03T18:00,0.6,86,-2.5,0.00,0.00,0.00,0.02,3,4.6,9.7,100
2025-03-03T19:00,0.5,86,-3.0,0.10,0.00,0.07,0.02,71,7.4,14.8,98
2025-03-03T20:00,-0.3,87,-3.8,0.00,0.00,0.00,0.02,3,7.1,15.5,94
2025-03-03T21:00,-1.4,89,-5.0,0.00,0.00,0.00,0.02,3,7.1,14.8,97
2025-03-03T22:00,-1.5,89,-5.2,0.00,0.00,0.00,0.02,3,8.1,17.3,100
2025-03-03T23:00,-1.1,89,-4.8,0.00,0.00,0.00,0.02,3,8.3,18.0,100
2025-03-04T00:00,-1.1,91,-4.7,0.10,0.00,0.07,0.03,71,8.5,18.0,100
2025-03-04T01:00,-0.9,94,-4.6,0.30,0.00,0.21,0.03,73,8.9,19.1,100
2025-03-04T02:00,-0.5,95,-4.1,0.40,0.00,0.28,0.03,73,8.9,19.4,100
2025-03-04T03:00,0.1,95,-3.4,0.50,0.00,0.35,0.04,73,8.9,18.7,100
2025-03-04T04:00,0.6,94,-3.1,0.30,0.10,0.14,0.04,71,10.3,22.7,100
2025-03-04T05:00,0.7,94,-3.1,0.10,0.00,0.07,0.04,71,10.8,23.0,100
2025-03-04T06:00,0.8,94,-3.0,0.00,0.00,0.00,0.04,3,10.9,24.1,100
2025-03-04T07:00,0.7,95,-2.9,0.10,0.10,0.00,0.04,51,10.0,23.4,100
2025-03-04T08:00,0.8,95,-3.0,0.30,0.10,0.14,0.04,71,11.4,24.1,100
2025-03-04T09:00,1.1,94,-2.9,0.10,0.00,0.07,0.04,71,13.0,28.1,100
2025-03-04T10:00,1.5,92,-2.4,0.00,0.00,0.00,0.04,3,12.1,28.4,100
2025-03-04T11:00,2.0,90,-2.0,0.00,0.00,0.00,0.04,3,12.7,29.9,100
2025-03-04T12:00,2.4,89,-1.1,0.00,0.00,0.00,0.04,3,10.0,28.1,100
2025-03-04T13:00,2.7,89,-1.0,0.00,0.00,0.00,0.04,3,11.6,27.4,100
2025-03-04T14:00,2.8,89,-0.8,0.00,0.00,0.00,0.03,3,11.1,27.0,100
2025-03-04T15:00,2.8,88,-1.1,0.00,0.00,0.00,0.03,3,13.3,31.3,100
2025-03-04T16:00,3.1,80,-0.7,0.00,0.00,0.00,0.03,3,11.6,31.3,100
2025-03-04T17:00,2.7,84,-1.5,0.00,0.00,0.00,0.03,3,14.0,32.4,100
2025-03-04T18:00,1.7,91,-2.3,0.50,0.30,0.14,0.03,71,13.0,32.0,100
2025-03-04T19:00,1.4,94,-3.0,0.20,0.20,0.00,0.03,51,15.5,34.2,100
2025-03-04T20:00,1.7,92,-2.7,0.10,0.10,0.00,0.03,51,16.1,35.6,100
2025-03-04T21:00,1.4,95,-2.7,0.40,0.30,0.07,0.03,71,14.0,36.4,100
2025-03-04T22:00,0.8,95,-3.4,0.90,0.30,0.42,0.03,73,14.2,31.7,100
2025-03-04T23:00,0.8,97,-3.7,1.40,0.20,0.84,0.03,75,16.7,34.9,100
2025-03-05T00:00,0.9,94,-3.6,0.30,0.20,0.07,0.03,71,16.7,38.5,100
2025-03-05T01:00,0.7,92,-4.2,0.00,0.00,0.00,0.03,3,18.2,39.6,100
2025-03-05T02:00,0.5,89,-4.5,0.10,0.00,0.07,0.03,71,18.4,41.0,100
2025-03-05T03:00,-0.1,87,-5.0,0.50,0.00,0.35,0.03,73,17.4,43.6,100
2025-03-05T04:00,0.2,80,-5.0,0.00,0.00,0.00,0.03,3,18.5,41.0,96
2025-03-05T05:00,0.2,77,-5.4,0.00,0.00,0.00,0.03,3,20.5,46.8,100
2025-03-05T06:00,0.0,77,-5.9,0.00,0.00,0.00,0.03,3,22.3,52.2,100
2025-03-05T07:00,0.1,78,-5.6,0.00,0.00,0.00,0.03,3,21.0,52.6,100
2025-03-05T08:00,0.1,78,-5.2,0.00,0.00,0.00,0.03,3,18.7,48.6,100
2025-03-05T09:00,0.4,77,-4.9,0.00,0.00,0.00,0.03,3,18.1,42.8,100
2025-03-05T10:00,0.8,73,-4.8,0.00,0.00,0.00,0.03,3,19.9,52.2,100
2025-03-05T11:00,1.5,70,-3.6,0.00,0.00,0.00,0.03,3,17.4,50.4,100
2025-03-05T12:00,2.2,67,-3.0,0.00,0.00,0.00,0.03,3,18.2,42.8,100
2025-03-05T13:00,2.4,68,-2.4,0.00,0.00,0.00,0.03,3,15.1,42.8,100
2025-03-05T14:00,2.8,65,-1.9,0.00,0.00,0.00,0.03,3,14.5,35.6,100
2025-03-05T15:00,3.4,61,-0.8,0.00,0.00,0.00,0.03,3,10.8,34.2,100
2025-03-05T16:00,2.9,63,-1.1,0.00,0.00,0.00,0.03,3,9.8,23.4,100
2025-03-05T17:00,2.5,67,-1.6,0.00,0.00,0.00,0.03,3,10.6,24.1,100
2025-03-05T18:00,1.9,70,-2.4,0.00,0.00,0.00,0.03,3,12.1,27.0,100
2025-03-05T19:00,1.6,76,-2.7,0.10,0.00,0.07,0.03,71,13.0,29.2,100
2025-03-05T20:00,1.3,84,-3.1,0.20,0.00,0.14,0.03,71,14.2,31.7,100
2025-03-05T21:00,1.2,91,-3.1,0.30,0.00,0.21,0.03,73,14.3,32.8,100
2025-03-05T22:00,1.1,95,-3.1,0.80,0.20,0.42,0.03,73,14.6,32.0,100
2025-03-05T23:00,1.1,97,-3.2,0.90,0.30,0.42,0.03,73,15.4,34.2,100
2025-03-06T00:00,1.7,96,-2.9,0.40,0.40,0.00,0.03,51,17.5,37.8,100
2025-03-06T01:00,2.4,93,-2.3,0.10,0.10,0.00,0.03,51,19.0,41.8,100
2025-03-06T02:00,2.9,92,-1.8,0.20,0.20,0.00,0.03,51,19.4,42.5,100
2025-03-06T03:00,3.2,92,-1.3,0.00,0.00,0.00,0.03,3,18.3,42.5,100
2025-03-06T04:00,3.2,93,-0.9,0.20,0.20,0.00,0.03,51,15.5,34.6,100
2025-03-06T05:00,3.1,94,-0.9,0.00,0.00,0.00,0.03,3,15.4,33.1,100
2025-03-06T06:00,3.3,94,-0.8,0.00,0.00,0.00,0.03,3,16.0,36.4,100
2025-03-06T07:00,3.4,93,-0.9,0.10,0.10,0.00,0.03,51,17.8,38.5,100
2025-03-06T08:00,3.7,92,-0.5,0.00,0.00,0.00,0.02,3,17.1,39.6,100
2025-03-06T09:00,4.2,91,-0.0,0.00,0.00,0.00,0.02,3,17.2,38.9,100
2025-03-06T10:00,4.5,89,0.6,0.00,0.00,0.00,0.02,3,15.7,38.9,100
2025-03-06T11:00,5.1,88,1.6,0.10,0.10,0.00,0.02,51,13.0,35.6,100
2025-03-06T12:00,4.6,90,1.0,0.20,0.20,0.00,0.02,51,13.3,33.1,100
2025-03-06T13:00,4.4,92,0.9,0.20,0.20,0.00,0.02,51,12.8,30.6,100
2025-03-06T14:00,4.4,93,1.0,0.20,0.20,0.00,0.01,51,13.0,29.9,100
2025-03-06T15:00,4.3,93,0.9,0.10,0.10,0.00,0.01,51,12.7,29.9,100
2025-03-06T16:00,5.1,93,1.5,0.10,0.10,0.00,0.01,51,15.1,33.1,100
2025-03-06T17:00,5.1,93,1.2,0.10,0.10,0.00,0.01,51,16.5,36.7,100
2025-03-06T18:00,5.2,94,1.2,0.10,0.10,0.00,0.01,51,17.6,39.6,100
2025-03-06T19:00,5.6,93,1.5,0.00,0.00,0.00,0.01,3,18.6,41.8,100
2025-03-06T20:00,5.8,93,1.9,0.10,0.10,0.00,0.01,51,18.1,41.8,100
2025-03-06T21:00,6.3,92,2.3,0.00,0.00,0.00,0.01,3,18.9,42.5,100
2025-03-06T22:00,7.2,89,3.1,0.00,0.00,0.00,0.01,3,19.9,46.1,100
2025-03-06T23:00,7.4,88,3.5,0.10,0.10,0.00,0.01,51,19.1,45.4,100
2025-03-07T00:00,7.8,87,3.8,0.00,0.00,0.00,0.01,3,19.9,45.7,100
2025-03-07T01:00,8.2,84,4.2,0.00,0.00,0.00,0.01,3,19.8,45.7,100
2025-03-07T02:00,8.2,82,4.2,0.00,0.00,0.00,0.00,3,19.2,45.7,100
2025-03-07T03:00,8.1,81,4.2,0.00,0.00,0.00,0.00,3,18.3,44.6,100
2025-03-07T04:00,8.1,75,4.1,0.00,0.00,0.00,0.00,3,17.5,43.2,100
2025-03-07T05:00,7.9,77,4.0,0.00,0.00,0.00,0.00,3,16.9,40.0,100
2025-03-07T06:00,7.8,78,3.7,0.00,0.00,0.00,0.00,2,18.4,42.1,69
2025-03-07T07:00,7.2,78,3.0,0.00,0.00,0.00,0.00,2,18.6,42.8,75
2025-03-07T08:00,6.9,78,2.7,0.00,0.00,0.00,0.00,3,17.9,42.8,84
2025-03-07T09:00,7.2,77,3.0,0.00,0.00,0.00,0.00,3,17.9,41.4,93
2025-03-07T10:00,7.8,77,4.1,0.00,0.00,0.00,0.00,3,15.0,44.6,90
2025-03-07T11:00,8.5,70,3.7,0.00,0.00,0.00,0.00,3,22.2,55.4,97
2025-03-07T12:00,8.6,67,4.0,0.00,0.00,0.00,0.00,3,20.0,53.6,96
2025-03-07T13:00,8.8,63,4.2,0.00,0.00,0.00,0.00,3,19.4,56.2,100
2025-03-07T14:00,8.6,65,4.3,0.00,0.00,0.00,0.00,3,17.2,45.4,100
2025-03-07T15:00,8.1,65,3.8,0.00,0.00,0.00,0.00,3,17.3,42.1,98
2025-03-07T16:00,8.4,56,3.6,0.00,0.00,0.00,0.00,3,17.9,54.4,96
2025-03-07T17:00,7.8,58,3.4,0.00,0.00,0.00,0.00,1,15.3,42.1,36
2025-03-07T18:00,6.8,62,2.5,0.00,0.00,0.00,0.00,2,14.3,35.3,59
2025-03-07T19:00,5.8,65,1.8,0.00,0.00,0.00,0.00,0,12.8,32.4,12
2025-03-07T20:00,4.6,69,0.8,0.00,0.00,0.00,0.00,0,10.7,28.4,8
2025-03-07T21:00,3.5,73,-0.2,0.00,0.00,0.00,0.00,1,9.7,23.0,36
2025-03-07T22:00,2.5,77,-1.1,0.00,0.00,0.00,0.00,0,8.2,19.8,18
2025-03-07T23:00,1.6,79,-1.8,0.00,0.00,0.00,0.00,0,6.8,15.8,0
2025-03-08T00:00,0.8,81,-2.4,0.00,0.00,0.00,0.00,0,5.4,12.6,0
2025-03-08T01:00,0.3,83,-2.9,0.00,0.00,0.00,0.00,0,4.5,9.7,0
2025-03-08T02:00,-0.4,86,-3.3,0.00,0.00,0.00,0.00,0,3.4,8.3,4
2025-03-08T03:00,-0.8,87,-3.9,0.00,0.00,0.00,0.00,0,4.8,7.6,0
2025-03-08T04:00,-0.8,90,-3.8,0.00,0.00,0.00,0.00,0,4.5,7.6,0
2025-03-08T05:00,-1.0,91,-4.2,0.00,0.00,0.00,0.00,0,5.2,9.4,0
2025-03-08T06:00,-1.2,91,-4.4,0.00,0.00,0.00,0.00,0,5.1,9.7,0
2025-03-08T07:00,-1.3,91,-4.4,0.00,0.00,0.00,0.00,0,4.7,9.4,0
2025-03-08T08:00,-1.0,89,-4.2,0.00,0.00,0.00,0.00,0,5.5,10.1,0
2025-03-08T09:00,0.3,86,-2.8,0.00,0.00,0.00,0.00,0,4.7,10.8,0
2025-03-08T10:00,2.3,80,-0.3,0.00,0.00,0.00,0.00,0,2.7,10.4,0
2025-03-08T11:00,4.2,75,1.6,0.00,0.00,0.00,0.00,0,3.6,12.2,0
2025-03-08T12:00,5.9,70,3.2,0.00,0.00,0.00,0.00,0,5.0,14.8,0
2025-03-08T13:00,7.4,63,4.4,0.00,0.00,0.00,0.00,0,6.7,18.4,0
2025-03-08T14:00,8.5,56,5.3,0.00,0.00,0.00,0.00,0,7.8,20.9,0
2025-03-08T15:00,9.2,54,5.8,0.00,0.00,0.00,0.00,0,8.6,21.6,0
2025-03-08T16:00,9.6,48,6.2,0.00,0.00,0.00,0.00,0,8.1,19.4,0
2025-03-08T17:00,9.1,53,5.7,0.00,0.00,0.00,0.00,0,8.9,19.4,0
2025-03-08T18:00,7.9,58,4.2,0.00,0.00,0.00,0.00,0,10.6,22.0,0
2025-03-08T19:00,6.8,61,2.9,0.00,0.00,0.00,0.00,3,11.8,24.5,94
2025-03-08T20:00,6.1,64,2.1,0.00,0.00,0.00,0.00,0,12.7,26.6,14
2025-03-08T21:00,5.6,66,1.5,0.00,0.00,0.00,0.00,2,13.1,27.7,79
2025-03-08T22:00,5.1,70,1.1,0.00,0.00,0.00,0.00,2,12.6,27.7,56
2025-03-08T23:00,4.5,76,0.5,0.00,0.00,0.00,0.00,1,13.2,27.7,26
2025-03-09T00:00,4.1,83,0.3,0.00,0.00,0.00,0.00,0,13.2,28.1,6
2025-03-09T01:00,3.9,86,0.1,0.00,0.00,0.00,0.00,0,13.1,28.1,5
2025-03-09T02:00,3.5,88,-0.3,0.00,0.00,0.00,0.00,0,12.8,27.7,5
2025-03-09T03:00,3.0,89,-0.8,0.00,0.00,0.00,0.00,3,12.6,27.0,89
2025-03-09T04:00,4.0,78,0.3,0.00,0.00,0.00,0.00,0,11.2,24.1,6
2025-03-09T05:00,3.6,79,-0.1,0.00,0.00,0.00,0.00,2,11.4,23.4,74
2025-03-09T06:00,3.1,81,-0.6,0.00,0.00,0.00,0.00,3,10.8,23.4,95
2025-03-09T07:00,2.5,83,-1.2,0.00,0.00,0.00,0.00,2,10.9,22.3,51
2025-03-09T08:00,2.3,84,-1.4,0.00,0.00,0.00,0.00,0,10.4,22.3,13
2025-03-09T09:00,3.2,84,-0.2,0.00,0.00,0.00,0.00,0,9.5,22.7,3
2025-03-09T10:00,4.6,80,1.4,0.00,0.00,0.00,0.00,0,8.9,21.6,5
2025-03-09T11:00,6.3,73,3.1,0.00,0.00,0.00,0.00,0,9.2,24.1,5
2025-03-09T12:00,7.8,64,4.5,0.00,0.00,0.00,0.00,1,9.6,25.2,35
2025-03-09T13:00,9.0,52,5.3,0.00,0.00,0.00,0.00,0,9.8,25.9,3
2025-03-09T14:00,9.7,41,5.7,0.00,0.00,0.00,0.00,0,10.4,26.6,9
2025-03-09T15:00,10.1,36,5.8,0.00,0.00,0.00,0.00,1,10.6,26.6,37
2025-03-09T16:00,10.9,31,6.6,0.00,0.00,0.00,0.00,0,9.9,27.0,0
2025-03-09T17:00,10.2,35,6.0,0.00,0.00,0.00,0.00,0,9.3,23.4,0
2025-03-09T18:00,8.6,40,4.6,0.00,0.00,0.00,0.00,0,9.1,20.9,2
2025-03-09T19:00,7.2,44,3.0,0.00,0.00,0.00,0.00,0,9.7,18.7,5
2025-03-09T20:00,6.0,49,1.9,0.00,0.00,0.00,0.00,1,9.5,19.1,30
2025-03-09T21:00,4.8,53,0.9,0.00,0.00,0.00,0.00,3,8.6,18.7,97
2025-03-09T22:00,4.0,55,0.2,0.00,0.00,0.00,0.00,1,7.9,16.6,23
2025-03-09T23:00,3.2,58,-0.5,0.00,0.00,0.00,0.00,0,6.4,14.8,7
2025-03-10T00:00,2.4,61,-1.1,0.00,0.00,0.00,0.00,0,4.9,11.5,2
2025-03-10T01:00,1.7,64,-1.8,0.00,0.00,0.00,0.00,0,5.1,8.6,0
2025-03-10T02:00,1.3,65,-2.3,0.00,0.00,0.00,0.00,0,5.9,8.6,1
2025-03-10T03:00,0.3,73,-3.0,0.00,0.00,0.00,0.00,0,3.7,10.4,12
2025-03-10T04:00,0.8,71,-2.5,0.00,0.00,0.00,0.00,0,3.8,5.8,3
2025-03-10T05:00,0.4,73,-2.9,0.00,0.00,0.00,0.00,2,4.4,11.2,65
2025-03-10T06:00,0.2,73,-3.3,0.00,0.00,0.00,0.00,3,5.2,11.9,96
2025-03-10T07:00,0.0,72,-3.7,0.00,0.00,0.00,0.00,3,6.9,12.6,97
2025-03-10T08:00,0.3,71,-3.6,0.00,0.00,0.00,0.00,3,7.8,15.5,100
2025-03-10T09:00,1.3,70,-2.5,0.00,0.00,0.00,0.00,3,8.0,16.2,100
2025-03-10T10:00,2.4,68,-1.0,0.00,0.00,0.00,0.00,3,5.8,15.1,100
2025-03-10T11:00,3.9,64,0.5,0.00,0.00,0.00,0.00,3,6.7,18.0,100
2025-03-10T12:00,5.3,59,1.8,0.00,0.00,0.00,0.00,3,7.6,20.2,100
2025-03-10T13:00,6.1,56,2.4,0.00,0.00,0.00,0.00,3,8.5,21.6,100
2025-03-10T14:00,6.5,54,2.8,0.00,0.00,0.00,0.00,3,8.8,21.6,100
2025-03-10T15:00,7.4,50,3.5,0.00,0.00,0.00,0.00,3,10.0,24.1,100
2025-03-10T16:00,9.0,45,5.1,0.00,0.00,0.00,0.00,3,9.5,24.5,100
2025-03-10T17:00,8.5,48,4.6,0.00,0.00,0.00,0.00,3,10.2,22.3,100
2025-03-10T18:00,7.7,50,3.6,0.00,0.00,0.00,0.00,3,11.6,24.5,100
2025-03-10T19:00,7.0,53,2.8,0.00,0.00,0.00,0.00,3,12.2,25.6,100
2025-03-10T20:00,6.4,56,2.2,0.00,0.00,0.00,0.00,3,12.0,25.9,100
2025-03-10T21:00,5.8,59,1.7,0.00,0.00,0.00,0.00,3,11.8,25.2,100
2025-03-10T22:00,5.4,62,1.4,0.00,0.00,0.00,0.00,3,11.5,24.8,100
2025-03-10T23:00,5.2,66,1.4,0.00,0.00,0.00,0.00,3,10.6,24.1,100
2025-03-11T00:00,5.0,70,1.4,0.00,0.00,0.00,0.00,3,9.7,22.0,100
2025-03-11T01:00,4.8,73,1.3,0.00,0.00,0.00,0.00,3,9.5,19.8,100
2025-03-11T02:00,4.7,74,1.1,0.00,0.00,0.00,0.00,3,10.3,20.5,100
2025-03-11T03:00,4.7,74,1.0,0.00,0.00,0.00,0.00,3,10.8,22.3,100
2025-03-11T04:00,5.3,74,1.7,0.00,0.00,0.00,0.00,3,11.0,22.3,100
2025-03-11T05:00,5.0,76,1.3,0.00,0.00,0.00,0.00,3,11.9,24.5,100
2025-03-11T06:00,4.6,78,0.8,0.00,0.00,0.00,0.00,3,12.1,25.2,100
2025-03-11T07:00,4.0,79,0.1,0.00,0.00,0.00,0.00,3,12.3,25.6,100
2025-03-11T08:00,3.9,77,-0.0,0.00,0.00,0.00,0.00,3,12.6,27.0,100
2025-03-11T09:00,4.7,75,1.1,0.00,0.00,0.00,0.00,3,10.8,27.7,100
2025-03-11T10:00,5.9,72,2.4,0.00,0.00,0.00,0.00,3,10.3,24.8,100
2025-03-11T11:00,7.3,67,3.9,0.00,0.00,0.00,0.00,3,10.5,27.0,100
2025-03-11T12:00,8.2,65,4.9,0.00,0.00,0.00,0.00,3,10.5,27.0,100
2025-03-11T13:00,8.7,65,5.3,0.00,0.00,0.00,0.00,3,10.9,26.6,100
2025-03-11T14:00,9.8,63,6.5,0.00,0.00,0.00,0.00,3,11.5,29.2,99
2025-03-11T15:00,10.3,64,7.2,0.00,0.00,0.00,0.00,3,10.4,28.4,100
2025-03-11T16:00,11.3,61,8.2,0.00,0.00,0.00,0.00,3,11.2,30.2,100
2025-03-11T17:00,10.8,63,7.6,0.00,0.00,0.00,0.00,3,12.3,27.7,100
2025-03-11T18:00,9.9,67,6.4,0.00,0.00,0.00,0.00,3,14.1,31.7,100
2025-03-11T19:00,8.6,74,5.0,0.10,0.10,0.00,0.00,51,15.0,34.6,100
2025-03-11T20:00,7.6,77,4.0,0.10,0.10,0.00,0.00,51,14.1,34.6,100
2025-03-11T21:00,7.0,77,3.3,0.00,0.00,0.00,0.00,3,14.8,34.2,100
2025-03-11T22:00,6.3,78,2.5,0.00,0.00,0.00,0.00,3,14.1,33.8,100
2025-03-11T23:00,5.7,80,2.1,0.00,0.00,0.00,0.00,3,13.3,32.4,100
2025-03-12T00:00,5.5,82,2.1,0.00,0.00,0.00,0.00,3,11.8,29.9,100
2025-03-12T01:00,5.4,84,2.3,0.00,0.00,0.00,0.00,3,9.9,25.9,100
2025-03-12T02:00,5.3,85,2.2,0.00,0.00,0.00,0.00,3,9.9,21.6,100
2025-03-12T03:00,5.2,87,2.2,0.00,0.00,0.00,0.00,3,9.9,21.6,100
2025-03-12T04:00,5.4,87,2.4,0.00,0.00,0.00,0.00,3,10.3,23.4,100
2025-03-12T05:00,5.5,89,2.8,0.00,0.00,0.00,0.00,3,8.1,22.0,84
2025-03-12T06:00,5.2,91,2.9,0.00,0.00,0.00,0.00,3,5.4,16.9,98
2025-03-12T07:00,4.8,93,2.4,0.00,0.00,0.00,0.00,3,6.3,11.5,100
2025-03-12T08:00,5.1,93,2.8,0.00,0.00,0.00,0.00,3,6.0,14.4,100
2025-03-12T09:00,5.9,91,3.9,0.00,0.00,0.00,0.00,3,4.9,12.2,100
2025-03-12T10:00,6.9,89,4.8,0.00,0.00,0.00,0.00,3,6.2,16.2,100
2025-03-12T11:00,8.2,86,6.5,0.00,0.00,0.00,0.00,3,5.0,17.6,100
2025-03-12T12:00,8.8,84,7.3,0.00,0.00,0.00,0.00,3,3.3,14.0,100
2025-03-12T13:00,9.5,83,7.9,0.00,0.00,0.00,0.00,3,5.0,15.8,100
2025-03-12T14:00,11.1,77,9.4,0.00,0.00,0.00,0.00,3,6.6,18.7,100
2025-03-12T15:00,11.8,73,10.0,0.00,0.00,0.00,0.00,3,7.5,22.0,100
2025-03-12T16:00,11.0,74,9.4,0.00,0.00,0.00,0.00,3,4.7,19.8,100
2025-03-12T17:00,10.9,76,9.2,0.00,0.00,0.00,0.00,3,5.5,13.3,100
2025-03-12T18:00,10.0,81,8.1,0.00,0.00,0.00,0.00,3,7.4,15.5,100
2025-03-12T19:00,9.0,86,6.9,0.30,0.30,0.00,0.00,51,8.5,17.3,100
2025-03-12T20:00,8.1,92,6.1,1.30,1.30,0.00,0.00,61,7.7,19.1,100
2025-03-12T21:00,7.5,95,5.8,0.70,0.70,0.00,0.00,53,5.8,14.4,100
2025-03-12T22:00,7.2,95,5.2,1.10,1.10,0.00,0.00,55,7.7,14.8,100
2025-03-12T23:00,7.0,96,4.6,1.20,1.20,0.00,0.00,55,9.9,20.2,100
2025-03-13T00:00,6.4,96,3.8,0.20,0.20,0.00,0.00,51,10.1,20.2,100
2025-03-13T01:00,5.6,96,2.7,0.00,0.00,0.00,0.00,3,11.4,23.4,100
2025-03-13T02:00,4.9,97,1.7,0.00,0.00,0.00,0.00,3,12.1,24.5,100
2025-03-13T03:00,4.9,96,1.7,0.00,0.00,0.00,0.00,2,12.5,25.9,71
2025-03-13T04:00,5.5,96,2.4,0.00,0.00,0.00,0.00,0,12.5,25.6,1
2025-03-13T05:00,5.0,95,1.7,0.00,0.00,0.00,0.00,3,13.5,27.7,90
2025-03-13T06:00,4.6,96,1.1,0.00,0.00,0.00,0.00,0,13.8,28.8,5
2025-03-13T07:00,3.8,97,0.2,0.00,0.00,0.00,0.00,3,13.4,28.8,100
2025-03-13T08:00,3.8,97,-0.1,0.00,0.00,0.00,0.00,3,16.0,33.1,100
2025-03-13T09:00,3.8,95,0.3,0.00,0.00,0.00,0.00,3,13.2,34.6,100
2025-03-13T10:00,4.2,93,0.8,0.00,0.00,0.00,0.00,3,11.8,31.3,100
2025-03-13T11:00,5.3,86,2.0,0.00,0.00,0.00,0.00,3,11.4,30.6,100
2025-03-13T12:00,6.8,79,3.4,0.00,0.00,0.00,0.00,3,12.6,31.7,100
2025-03-13T13:00,7.7,77,4.4,0.00,0.00,0.00,0.00,3,12.0,32.0,100
2025-03-13T14:00,8.9,73,5.8,0.00,0.00,0.00,0.00,3,11.2,31.0,90
2025-03-13T15:00,10.9,62,8.3,0.00,0.00,0.00,0.00,1,7.9,27.7,21
2025-03-13T16:00,9.7,73,8.3,0.00,0.00,0.00,0.00,3,1.7,20.5,100
2025-03-13T17:00,9.8,76,7.9,0.00,0.00,0.00,0.00,3,5.3,12.2,100
2025-03-13T18:00,9.8,79,7.6,0.00,0.00,0.00,0.00,3,8.6,17.6,100
2025-03-13T19:00,9.7,79,7.2,0.00,0.00,0.00,0.00,3,10.6,22.7,100
2025-03-13T20:00,9.2,80,6.4,0.00,0.00,0.00,0.00,3,12.3,25.9,100
2025-03-13T21:00,9.1,78,6.0,0.00,0.00,0.00,0.00,3,13.6,29.5,100
2025-03-13T22:00,9.2,77,5.8,0.00,0.00,0.00,0.00,3,15.0,33.1,100
2025-03-13T23:00,9.2,77,5.7,0.00,0.00,0.00,0.00,3,15.5,34.6,100
2025-03-14T00:00,9.1,77,5.5,0.00,0.00,0.00,0.00,3,16.9,38.2,100
2025-03-14T01:00,8.6,81,5.1,0.60,0.60,0.00,0.00,53,16.7,38.2,100
2025-03-14T02:00,7.9,90,4.2,1.40,1.40,0.00,0.00,61,19.1,40.7,100
2025-03-14T03:00,7.9,95,4.2,2.10,2.10,0.00,0.00,61,20.1,48.2,100
2025-03-14T04:00,8.8,94,5.3,0.60,0.60,0.00,0.00,53,20.0,43.6,100
2025-03-14T05:00,10.2,94,6.9,0.60,0.60,0.00,0.00,53,20.6,44.6,100
2025-03-14T06:00,10.6,94,7.3,0.00,0.00,0.00,0.00,3,21.7,47.9,100
2025-03-14T07:00,10.9,94,7.9,0.20,0.20,0.00,0.00,51,20.3,47.9,100
2025-03-14T08:00,11.1,92,7.8,0.10,0.10,0.00,0.00,51,22.2,49.3,100
2025-03-14T09:00,11.5,89,8.3,0.10,0.10,0.00,0.00,51,21.3,50.8,100
2025-03-14T10:00,12.5,79,8.9,0.00,0.00,0.00,0.00,1,23.0,54.7,34
2025-03-14T11:00,13.2,72,9.5,0.10,0.10,0.00,0.00,51,22.5,61.6,75
2025-03-14T12:00,13.3,71,9.5,0.10,0.10,0.00,0.00,51,22.2,60.5,79
2025-03-14T13:00,13.8,65,9.4,0.10,0.10,0.00,0.00,51,25.3,59.4,46
2025-03-14T14:00,13.7,60,9.0,0.10,0.10,0.00,0.00,51,25.3,72.4,100
2025-03-14T15:00,13.5,54,8.0,0.00,0.00,0.00,0.00,3,28.7,77.4,97
2025-03-14T16:00,9.7,76,4.5,0.90,0.90,0.00,0.00,53,28.0,69.1,99
2025-03-14T17:00,8.9,66,3.2,0.00,0.00,0.00,0.00,3,27.7,69.8,100
2025-03-14T18:00,6.9,67,1.3,0.00,0.00,0.00,0.00,3,24.8,65.9,100
2025-03-14T19:00,5.9,70,0.7,0.00,0.00,0.00,0.00,3,21.6,59.4,100
2025-03-14T20:00,5.3,72,0.3,0.00,0.00,0.00,0.00,3,20.2,50.8,100
2025-03-14T21:00,4.6,75,0.1,0.00,0.00,0.00,0.00,3,16.9,47.2,100
2025-03-14T22:00,4.0,74,-0.5,0.00,0.00,0.00,0.00,3,16.1,46.4,96
2025-03-14T23:00,3.3,70,-1.4,0.00,0.00,0.00,0.00,0,15.8,43.9,16
2025-03-15T00:00,2.4,70,-2.2,0.00,0.00,0.00,0.00,3,14.1,39.6,91
2025-03-15T01:00,1.9,71,-2.5,0.00,0.00,0.00,0.00,2,12.6,34.6,50
2025-03-15T02:00,1.3,73,-3.0,0.00,0.00,0.00,0.00,2,12.3,29.9,60
2025-03-15T03:00,0.9,75,-3.1,0.00,0.00,0.00,0.00,3,10.0,28.1,97
2025-03-15T04:00,0.7,69,-3.4,0.00,0.00,0.00,0.00,2,9.5,24.1,76
2025-03-15T05:00,0.3,72,-3.8,0.00,0.00,0.00,0.00,3,9.6,21.6,97
2025-03-15T06:00,-0.3,70,-4.7,0.00,0.00,0.00,0.00,3,11.1,24.8,100
2025-03-15T07:00,-1.4,68,-5.8,0.00,0.00,0.00,0.00,3,10.1,25.2,100
2025-03-15T08:00,-1.6,65,-5.8,0.00,0.00,0.00,0.00,3,8.8,22.3,100
2025-03-15T09:00,-1.4,63,-5.6,0.00,0.00,0.00,0.00,3,8.0,21.6,100
2025-03-15T10:00,-1.0,62,-5.0,0.00,0.00,0.00,0.00,3,6.4,21.2,100
2025-03-15T11:00,-0.6,60,-4.5,0.00,0.00,0.00,0.00,3,5.8,18.7,100
2025-03-15T12:00,-0.4,59,-4.1,0.00,0.00,0.00,0.00,3,5.2,17.6,100
2025-03-15T13:00,0.1,57,-3.7,0.00,0.00,0.00,0.00,3,5.2,16.2,100
2025-03-15T14:00,0.7,55,-3.3,0.00,0.00,0.00,0.00,3,6.4,18.4,100
2025-03-15T15:00,2.0,49,-2.3,0.00,0.00,0.00,0.00,3,8.2,20.9,100
2025-03-15T16:00,1.9,46,-2.5,0.00,0.00,0.00,0.00,2,8.1,22.0,57
2025-03-15T17:00,2.6,41,-1.4,0.00,0.00,0.00,0.00,0,4.9,21.2,2
2025-03-15T18:00,2.0,48,-2.0,0.00,0.00,0.00,0.00,0,5.9,11.9,4
2025-03-15T19:00,0.9,56,-3.3,0.00,0.00,0.00,0.00,0,8.0,15.5,0
2025-03-15T20:00,0.0,60,-3.9,0.00,0.00,0.00,0.00,0,6.1,15.5,0
2025-03-15T21:00,-0.5,63,-4.1,0.00,0.00,0.00,0.00,0,4.9,11.2,0
2025-03-15T22:00,-0.9,66,-4.7,0.00,0.00,0.00,0.00,0,5.6,10.8,0
2025-03-15T23:00,-1.3,68,-4.7,0.00,0.00,0.00,0.00,0,3.8,10.4,0
2025-03-16T00:00,-1.6,72,-4.5,0.00,0.00,0.00,0.00,0,0.6,6.5,0
2025-03-16T01:00,-1.8,71,-4.9,0.00,0.00,0.00,0.00,0,1.8,4.7,0
2025-03-16T02:00,-1.8,69,-5.2,0.00,0.00,0.00,0.00,0,3.3,7.6,0
2025-03-16T03:00,-2.1,72,-5.4,0.00,0.00,0.00,0.00,0,2.1,5.8,0
2025-03-16T04:00,-3.4,84,-6.6,0.00,0.00,0.00,0.00,0,2.2,3.2,0
2025-03-16T05:00,-3.4,84,-6.9,0.00,0.00,0.00,0.00,0,4.1,7.9,0
2025-03-16T06:00,-3.6,82,-7.3,0.00,0.00,0.00,0.00,0,5.5,10.1,0
2025-03-16T07:00,-3.8,78,-7.8,0.00,0.00,0.00,0.00,0,7.0,13.0,0
2025-03-16T08:00,-3.3,71,-7.4,0.00,0.00,0.00,0.00,0,7.4,14.8,0
2025-03-16T09:00,-1.8,61,-5.7,0.00,0.00,0.00,0.00,0,5.8,15.1,0
2025-03-16T10:00,0.2,49,-4.1,0.00,0.00,0.00,0.00,0,7.8,21.2,0
2025-03-16T11:00,1.6,41,-3.0,0.00,0.00,0.00,0.00,0,9.2,25.9,0
2025-03-16T12:00,2.6,42,-2.0,0.00,0.00,0.00,0.00,0,9.1,25.9,0
2025-03-16T13:00,3.2,44,-1.2,0.00,0.00,0.00,0.00,0,9.3,25.6,0
2025-03-16T14:00,3.9,42,-0.6,0.00,0.00,0.00,0.00,1,9.9,26.6,21
2025-03-16T15:00,4.5,40,-0.1,0.00,0.00,0.00,0.00,0,10.3,26.6,2
2025-03-16T16:00,3.6,46,-0.9,0.00,0.00,0.00,0.00,0,10.6,25.9,5
2025-03-16T17:00,3.4,50,-1.0,0.00,0.00,0.00,0.00,0,9.6,25.9,3
2025-03-16T18:00,2.3,56,-2.0,0.00,0.00,0.00,0.00,1,10.0,21.6,45
2025-03-16T19:00,1.0,61,-3.6,0.00,0.00,0.00,0.00,2,11.5,23.0,77
2025-03-16T20:00,0.1,65,-4.5,0.00,0.00,0.00,0.00,3,12.0,24.8,89
2025-03-16T21:00,-0.4,68,-5.0,0.00,0.00,0.00,0.00,3,11.8,24.8,100
2025-03-16T22:00,-0.6,68,-5.1,0.00,0.00,0.00,0.00,2,11.5,24.5,75
2025-03-16T23:00,-0.7,68,-5.2,0.00,0.00,0.00,0.00,3,11.2,23.8,100
2025-03-17T00:00,-0.9,68,-5.3,0.00,0.00,0.00,0.00,3,10.7,23.4,100
2025-03-17T01:00,-1.2,69,-5.4,0.00,0.00,0.00,0.00,3,8.8,22.3,100
2025-03-17T02:00,-1.3,70,-5.2,0.00,0.00,0.00,0.00,3,7.4,17.6,100
2025-03-17T03:00,-1.3,69,-5.2,0.00,0.00,0.00,0.00,3,6.7,14.4,100
2025-03-17T04:00,-1.1,65,-4.8,0.00,0.00,0.00,0.00,3,5.4,11.9,100
2025-03-17T05:00,-1.1,68,-4.6,0.00,0.00,0.00,0.00,3,4.4,10.4,100
2025-03-17T06:00,-1.1,73,-4.6,0.10,0.00,0.07,0.00,71,5.1,9.7,100
2025-03-17T07:00,-1.0,83,-4.7,0.30,0.00,0.21,0.00,73,7.2,15.5,100
2025-03-17T08:00,-1.3,83,-5.8,0.60,0.00,0.42,0.00,73,13.0,29.5,100
2025-03-17T09:00,-2.3,74,-7.3,0.40,0.00,0.28,0.01,73,14.8,34.6,100
2025-03-17T10:00,-2.7,73,-7.7,0.30,0.00,0.21,0.01,73,14.1,34.6,100
2025-03-17T11:00,-2.0,64,-7.3,0.10,0.00,0.07,0.01,71,15.4,37.8,100
2025-03-17T12:00,-1.2,53,-6.7,0.00,0.00,0.00,0.01,3,16.1,39.2,100
2025-03-17T13:00,-1.2,49,-6.7,0.00,0.00,0.00,0.01,3,15.3,38.9,100
2025-03-17T14:00,-1.2,45,-6.6,0.00,0.00,0.00,0.01,3,14.5,36.4,100
2025-03-17T15:00,-1.1,41,-6.5,0.00,0.00,0.00,0.01,3,13.8,33.8,100
2025-03-17T16:00,-1.7,46,-6.8,0.00,0.00,0.00,0.01,3,12.3,31.3,100
2025-03-17T17:00,-1.8,46,-6.9,0.00,0.00,0.00,0.01,3,11.9,30.2,100
2025-03-17T18:00,-2.3,47,-7.2,0.00,0.00,0.00,0.01,3,10.4,28.8,100
2025-03-17T19:00,-2.2,37,-7.3,0.00,0.00,0.00,0.01,3,10.6,24.8,100
2025-03-17T20:00,-2.6,37,-7.6,0.00,0.00,0.00,0.01,3,9.7,22.7,100
2025-03-17T21:00,-2.9,38,-7.9,0.00,0.00,0.00,0.01,0,9.4,19.4,2
2025-03-17T22:00,-3.3,40,-8.1,0.00,0.00,0.00,0.01,0,8.4,18.7,5
2025-03-17T23:00,-3.4,40,-7.9,0.00,0.00,0.00,0.01,0,6.6,15.5,0
2025-03-18T00:00,-4.0,44,-8.6,0.00,0.00,0.00,0.01,0,7.4,14.0,1
2025-03-18T01:00,-4.5,46,-9.1,0.00,0.00,0.00,0.01,0,7.5,14.0,0
2025-03-18T02:00,-4.8,48,-9.3,0.00,0.00,0.00,0.01,0,7.3,14.0,0
2025-03-18T03:00,-5.1,52,-9.6,0.00,0.00,0.00,0.01,0,6.9,13.3,0
2025-03-18T04:00,-5.7,60,-9.9,0.00,0.00,0.00,0.01,0,6.0,11.9,0
2025-03-18T05:00,-5.9,63,-10.1,0.00,0.00,0.00,0.01,0,5.3,11.2,0
2025-03-18T06:00,-6.2,66,-10.2,0.00,0.00,0.00,0.01,0,4.6,10.1,0
2025-03-18T07:00,-6.4,69,-10.4,0.00,0.00,0.00,0.01,0,5.0,9.0,0
2025-03-18T08:00,-5.9,67,-9.9,0.00,0.00,0.00,0.01,0,5.1,10.8,0
2025-03-18T09:00,-4.3,58,-8.1,0.00,0.00,0.00,0.01,0,3.4,11.5,0
2025-03-18T10:00,-2.4,49,-6.3,0.00,0.00,0.00,0.01,0,3.9,14.4,0
2025-03-18T11:00,-0.9,41,-5.2,0.00,0.00,0.00,0.01,0,6.0,19.8,0
2025-03-18T12:00,0.5,34,-4.2,0.00,0.00,0.00,0.01,2,7.6,22.7,64
2025-03-18T13:00,0.8,37,-3.7,0.00,0.00,0.00,0.01,1,7.7,23.4,22
2025-03-18T14:00,1.2,37,-3.3,0.00,0.00,0.00,0.01,2,7.6,22.7,66
2025-03-18T15:00,1.5,36,-3.2,0.00,0.00,0.00,0.01,2,8.4,23.0,60
2025-03-18T16:00,1.3,37,-3.1,0.00,0.00,0.00,0.01,0,7.0,18.7,2
2025-03-18T17:00,1.2,40,-3.1,0.00,0.00,0.00,0.01,2,6.6,20.5,56
2025-03-18T18:00,0.5,45,-3.5,0.00,0.00,0.00,0.01,0,5.2,14.8,1
2025-03-18T19:00,-0.1,47,-4.2,0.00,0.00,0.00,0.01,0,6.0,10.4,3
2025-03-18T20:00,-0.7,48,-4.9,0.00,0.00,0.00,0.01,0,6.6,11.9,0
2025-03-18T21:00,-1.1,48,-5.4,0.00,0.00,0.00,0.01,0,7.1,13.0,0
2025-03-18T22:00,-1.6,45,-6.1,0.00,0.00,0.00,0.01,0,7.6,13.7,0
2025-03-18T23:00,-2.1,46,-6.5,0.00,0.00,0.00,0.01,0,7.0,13.7,0
2025-03-19T00:00,-2.6,49,-7.0,0.00,0.00,0.00,0.01,0,7.2,13.0,2
2025-03-19T01:00,-3.0,54,-7.4,0.00,0.00,0.00,0.01,1,7.5,14.4,21
2025-03-19T02:00,-3.1,60,-7.5,0.00,0.00,0.00,0.01,2,7.7,14.8,76
2025-03-19T03:00,-3.2,66,-7.4,0.00,0.00,0.00,0.01,2,7.5,14.4,50
2025-03-19T04:00,-3.7,68,-8.0,0.00,0.00,0.00,0.01,0,8.3,16.6,2
2025-03-19T05:00,-3.8,74,-8.2,0.00,0.00,0.00,0.01,0,9.3,18.7,3
2025-03-19T06:00,-4.2,80,-8.7,0.00,0.00,0.00,0.01,2,10.5,21.6,52
2025-03-19T07:00,-3.9,80,-8.6,0.00,0.00,0.00,0.01,3,11.9,25.6,100
2025-03-19T08:00,-2.6,75,-7.7,0.00,0.00,0.00,0.01,3,14.7,32.0,100
2025-03-19T09:00,-1.5,72,-6.0,0.00,0.00,0.00,0.01,1,11.7,33.8,44
2025-03-19T10:00,0.2,68,-5.1,0.00,0.00,0.00,0.01,3,17.2,39.6,100
2025-03-19T11:00,0.2,70,-4.7,0.00,0.00,0.00,0.01,3,14.7,41.4,100
2025-03-19T12:00,0.0,75,-5.2,0.10,0.00,0.07,0.01,71,17.6,40.7,100
2025-03-19T13:00,0.5,77,-5.0,0.10,0.00,0.07,0.01,71,19.9,46.1,100
2025-03-19T14:00,1.5,75,-4.0,0.00,0.00,0.00,0.01,3,20.2,46.8,100
2025-03-19T15:00,2.3,74,-3.1,0.00,0.00,0.00,0.01,3,20.0,47.5,100
2025-03-19T16:00,3.1,72,-1.3,0.00,0.00,0.00,0.01,3,14.3,36.4,83
2025-03-19T17:00,3.5,73,-1.2,0.00,0.00,0.00,0.01,3,16.6,38.5,98
2025-03-19T18:00,3.6,73,-1.0,0.00,0.00,0.00,0.01,1,16.1,38.5,45
2025-03-19T19:00,3.3,76,-1.4,0.00,0.00,0.00,0.01,1,17.3,38.9,44
2025-03-19T20:00,2.7,79,-1.5,0.60,0.20,0.28,0.01,73,13.5,38.5,89
2025-03-19T21:00,2.4,83,-1.7,0.10,0.10,0.00,0.01,51,13.0,29.5,57
2025-03-19T22:00,1.8,86,-2.3,0.00,0.00,0.00,0.01,1,13.0,28.4,25
2025-03-19T23:00,1.8,87,-2.3,0.00,0.00,0.00,0.01,2,13.1,28.1,58
2025-03-20T00:00,1.5,88,-2.6,0.00,0.00,0.00,0.01,1,13.0,28.1,21
2025-03-20T01:00,0.9,86,-3.3,0.00,0.00,0.00,0.01,0,12.5,28.1,0
2025-03-20T02:00,0.2,84,-4.0,0.00,0.00,0.00,0.01,0,12.1,26.6,0
2025-03-20T03:00,-0.2,80,-4.5,0.00,0.00,0.00,0.01,0,12.2,25.6,0
2025-03-20T04:00,0.1,77,-4.0,0.00,0.00,0.00,0.01,0,9.9,20.5,0
2025-03-20T05:00,-0.4,76,-4.4,0.00,0.00,0.00,0.01,0,9.8,20.2,0
2025-03-20T06:00,-0.7,77,-4.8,0.00,0.00,0.00,0.01,0,9.5,20.2,0
2025-03-20T07:00,-0.9,77,-5.0,0.00,0.00,0.00,0.01,0,9.4,19.1,0
2025-03-20T08:00,-0.2,72,-4.1,0.00,0.00,0.00,0.01,0,8.1,19.8,0
2025-03-20T09:00,1.2,64,-2.5,0.00,0.00,0.00,0.01,0,6.5,17.3,0
2025-03-20T10:00,2.9,58,-0.7,0.00,0.00,0.00,0.01,0,6.0,17.6,0
2025-03-20T11:00,4.5,55,1.0,0.00,0.00,0.00,0.01,0,6.1,18.4,1
2025-03-20T12:00,6.2,41,1.5,0.00,0.00,0.00,0.01,3,11.8,28.1,99
2025-03-20T13:00,6.5,40,1.4,0.00,0.00,0.00,0.01,3,14.8,36.0,100
2025-03-20T14:00,6.8,41,1.8,0.00,0.00,0.00,0.01,3,14.8,41.0,88
2025-03-20T15:00,7.6,40,2.6,0.00,0.00,0.00,0.00,1,14.7,37.4,22
2025-03-20T16:00,7.8,38,3.0,0.00,0.00,0.00,0.00,1,13.4,33.5,26
2025-03-20T17:00,7.4,44,3.4,0.00,0.00,0.00,0.00,0,9.0,31.7,11
2025-03-20T18:00,6.0,57,3.0,0.00,0.00,0.00,0.00,0,3.8,20.5,0
2025-03-20T19:00,5.1,55,1.6,0.00,0.00,0.00,0.00,0,6.2,10.4,2
2025-03-20T20:00,4.0,58,0.1,0.00,0.00,0.00,0.00,1,8.5,15.5,26
2025-03-20T21:00,3.1,65,-0.8,0.00,0.00,0.00,0.00,0,9.6,19.1,7
2025-03-20T22:00,2.5,72,-1.3,0.00,0.00,0.00,0.00,3,9.2,18.7,90
2025-03-20T23:00,2.2,76,-1.5,0.00,0.00,0.00,0.00,0,8.9,18.0,6
2025-03-21T00:00,1.8,78,-1.8,0.00,0.00,0.00,0.00,0,8.5,17.3,7
2025-03-21T01:00,1.6,79,-2.1,0.00,0.00,0.00,0.00,1,8.4,16.6,24
2025-03-21T02:00,1.5,79,-2.3,0.00,0.00,0.00,0.00,3,9.2,18.0,100
2025-03-21T03:00,1.6,77,-2.3,0.00,0.00,0.00,0.00,3,10.1,20.2,100
2025-03-21T04:00,2.7,71,-1.4,0.00,0.00,0.00,0.00,3,11.6,24.5,100
2025-03-21T05:00,2.5,72,-1.7,0.00,0.00,0.00,0.00,3,11.9,24.8,100
2025-03-21T06:00,2.4,73,-1.8,0.00,0.00,0.00,0.00,3,12.2,25.9,99
2025-03-21T07:00,2.0,75,-2.1,0.00,0.00,0.00,0.00,3,11.9,25.9,83
2025-03-21T08:00,2.3,75,-1.8,0.00,0.00,0.00,0.00,3,11.7,26.3,81
2025-03-21T09:00,3.1,75,-0.5,0.00,0.00,0.00,0.00,3,9.3,27.0,80
2025-03-21T10:00,4.4,71,0.7,0.00,0.00,0.00,0.00,3,9.9,24.8,95
2025-03-21T11:00,5.8,67,2.2,0.00,0.00,0.00,0.00,3,9.5,25.6,100
2025-03-21T12:00,6.8,63,3.3,0.00,0.00,0.00,0.00,3,9.2,25.6,100
2025-03-21T13:00,7.8,59,3.6,0.00,0.00,0.00,0.00,3,14.4,35.6,100
2025-03-21T14:00,8.2,57,4.2,0.00,0.00,0.00,0.00,3,12.8,35.3,100
2025-03-21T15:00,8.5,56,4.8,0.00,0.00,0.00,0.00,3,10.7,31.7,100
2025-03-21T16:00,8.7,49,5.1,0.00,0.00,0.00,0.00,3,8.3,22.7,100
2025-03-21T17:00,8.3,50,4.8,0.00,0.00,0.00,0.00,3,7.7,20.9,95
2025-03-21T18:00,7.3,56,4.0,0.00,0.00,0.00,0.00,3,6.9,18.7,84
2025-03-21T19:00,5.9,61,2.9,0.00,0.00,0.00,0.00,1,4.7,14.0,48
2025-03-21T20:00,5.2,64,1.8,0.00,0.00,0.00,0.00,3,7.3,14.4,99
2025-03-21T21:00,4.7,67,1.2,0.00,0.00,0.00,0.00,3,8.3,15.8,84
2025-03-21T22:00,4.0,72,0.1,0.00,0.00,0.00,0.00,2,11.4,24.8,52
2025-03-21T23:00,2.9,79,-1.0,0.00,0.00,0.00,0.00,1,11.6,25.6,33
2025-03-22T00:00,2.5,81,-1.2,0.00,0.00,0.00,0.00,3,10.2,25.2,100
2025-03-22T01:00,2.3,83,-1.3,0.00,0.00,0.00,0.00,3,9.9,22.3,100
2025-03-22T02:00,1.9,83,-1.7,0.00,0.00,0.00,0.00,3,9.6,21.6,93
2025-03-22T03:00,1.4,84,-2.5,0.00,0.00,0.00,0.00,3,10.5,23.0,87
2025-03-22T04:00,1.7,76,-2.3,0.00,0.00,0.00,0.00,3,10.7,24.1,100
2025-03-22T05:00,1.1,74,-3.1,0.00,0.00,0.00,0.00,3,11.6,26.3,85
2025-03-22T06:00,0.4,68,-4.1,0.00,0.00,0.00,0.00,3,11.3,26.3,98
2025-03-22T07:00,-0.6,65,-5.2,0.00,0.00,0.00,0.00,0,12.0,27.0,0
2025-03-22T08:00,-1.0,65,-5.6,0.00,0.00,0.00,0.00,0,11.7,28.4,0
2025-03-22T09:00,-0.6,63,-5.1,0.00,0.00,0.00,0.00,0,11.0,28.1,0
2025-03-22T10:00,0.6,54,-4.2,0.00,0.00,0.00,0.00,0,11.6,29.9,0
2025-03-22T11:00,1.5,42,-3.7,0.00,0.00,0.00,0.00,0,12.9,33.8,0
2025-03-22T12:00,2.3,37,-2.9,0.00,0.00,0.00,0.00,0,13.3,34.6,0
2025-03-22T13:00,3.1,32,-2.0,0.00,0.00,0.00,0.00,0,13.8,35.6,0
2025-03-22T14:00,3.6,30,-1.7,0.00,0.00,0.00,0.00,0,13.9,36.4,0
2025-03-22T15:00,3.8,29,-1.7,0.00,0.00,0.00,0.00,0,13.9,36.0,0
2025-03-22T16:00,4.0,27,-1.4,0.00,0.00,0.00,0.00,0,12.9,33.5,0
2025-03-22T17:00,3.7,29,-1.5,0.00,0.00,0.00,0.00,0,12.3,32.0,0
2025-03-22T18:00,2.9,35,-1.9,0.00,0.00,0.00,0.00,0,10.3,28.8,0
2025-03-22T19:00,1.7,41,-2.9,0.00,0.00,0.00,0.00,0,8.6,23.0,0
2025-03-22T20:00,0.7,45,-4.0,0.00,0.00,0.00,0.00,0,9.4,18.7,0
2025-03-22T21:00,-0.1,47,-4.6,0.00,0.00,0.00,0.00,0,8.5,18.7,0
2025-03-22T22:00,-0.8,50,-5.2,0.00,0.00,0.00,0.00,0,8.5,16.6,0
2025-03-22T23:00,-1.1,51,-5.6,0.00,0.00,0.00,0.00,0,8.7,16.9,0
2025-03-23T00:00,-1.5,51,-6.0,0.00,0.00,0.00,0.00,0,8.4,16.9,0
2025-03-23T01:00,-1.8,50,-6.3,0.00,0.00,0.00,0.00,0,7.9,16.2,0
2025-03-23T02:00,-2.0,48,-6.4,0.00,0.00,0.00,0.00,0,7.3,15.1,0
2025-03-23T03:00,-2.3,48,-6.6,0.00,0.00,0.00,0.00,0,6.9,14.0,0
2025-03-23T04:00,-2.7,48,-7.0,0.00,0.00,0.00,0.00,0,6.6,12.6,0
2025-03-23T05:00,-3.2,49,-7.5,0.00,0.00,0.00,0.00,0,6.6,12.2,0
2025-03-23T06:00,-3.6,50,-8.0,0.00,0.00,0.00,0.00,0,6.6,12.6,0
2025-03-23T07:00,-3.9,50,-8.3,0.00,0.00,0.00,0.00,0,7.0,13.0,0
2025-03-23T08:00,-3.0,47,-7.6,0.00,0.00,0.00,0.00,0,7.6,14.0,0
2025-03-23T09:00,-1.2,39,-5.3,0.00,0.00,0.00,0.00,0,4.8,14.4,0
2025-03-23T10:00,1.2,30,-3.2,0.00,0.00,0.00,0.00,0,5.6,17.3,0
2025-03-23T11:00,2.7,24,-2.2,0.00,0.00,0.00,0.00,0,8.6,24.5,0
2025-03-23T12:00,3.3,31,-1.1,0.00,0.00,0.00,0.00,0,7.7,24.8,0
2025-03-23T13:00,3.8,36,-0.2,0.00,0.00,0.00,0.00,0,6.9,22.3,0
2025-03-23T14:00,4.4,37,0.4,0.00,0.00,0.00,0.00,0,6.5,20.5,0
2025-03-23T15:00,4.9,37,0.8,0.00,0.00,0.00,0.00,0,6.3,19.4,0
2025-03-23T16:00,4.7,36,0.7,0.00,0.00,0.00,0.00,0,5.5,17.6,0
2025-03-23T17:00,4.6,37,0.7,0.00,0.00,0.00,0.00,0,5.4,15.8,0
2025-03-23T18:00,4.0,45,0.5,0.00,0.00,0.00,0.00,0,3.5,13.7,0
2025-03-23T19:00,2.9,49,-0.7,0.00,0.00,0.00,0.00,0,4.1,6.5,0
2025-03-23T20:00,2.0,53,-1.6,0.00,0.00,0.00,0.00,0,4.8,12.2,0
2025-03-23T21:00,1.6,52,-2.3,0.00,0.00,0.00,0.00,0,5.5,9.7,0
2025-03-23T22:00,1.1,55,-2.8,0.00,0.00,0.00,0.00,0,6.0,10.8,0
2025-03-23T23:00,0.8,56,-3.2,0.00,0.00,0.00,0.00,0,6.8,12.6,0
2025-03-24T00:00,0.3,59,-3.7,0.00,0.00,0.00,0.00,0,7.3,14.0,6
2025-03-24T01:00,0.0,61,-4.0,0.00,0.00,0.00,0.00,2,7.3,14.0,67
2025-03-24T02:00,0.1,62,-3.9,0.00,0.00,0.00,0.00,3,7.5,14.8,100
2025-03-24T03:00,0.2,62,-3.9,0.00,0.00,0.00,0.00,3,8.1,16.6,95
2025-03-24T04:00,-1.2,63,-5.4,0.00,0.00,0.00,0.00,0,8.4,16.2,0
2025-03-24T05:00,-1.4,65,-5.7,0.00,0.00,0.00,0.00,0,9.0,18.0,2
2025-03-24T06:00,-1.6,68,-5.8,0.00,0.00,0.00,0.00,2,8.7,18.0,63
2025-03-24T07:00,-1.3,69,-5.4,0.00,0.00,0.00,0.00,3,8.7,17.6,100
2025-03-24T08:00,-0.4,67,-4.5,0.00,0.00,0.00,0.00,2,9.1,18.7,71
2025-03-24T09:00,1.3,62,-2.6,0.00,0.00,0.00,0.00,1,7.3,18.4,43
2025-03-24T10:00,3.5,56,-0.3,0.00,0.00,0.00,0.00,0,7.0,19.4,0
2025-03-24T11:00,5.6,56,1.8,0.00,0.00,0.00,0.00,0,8.4,22.3,0
2025-03-24T12:00,7.2,56,3.3,0.00,0.00,0.00,0.00,0,10.9,28.1,0
2025-03-24T13:00,8.5,54,4.6,0.00,0.00,0.00,0.00,0,12.7,32.0,0
2025-03-24T14:00,9.4,50,5.1,0.00,0.00,0.00,0.00,1,14.2,34.9,25
2025-03-24T15:00,10.0,46,5.2,0.00,0.00,0.00,0.00,2,17.0,41.0,56
2025-03-24T16:00,10.1,44,5.4,0.00,0.00,0.00,0.00,3,15.9,41.0,80
2025-03-24T17:00,9.7,47,5.4,0.00,0.00,0.00,0.00,3,14.0,37.4,80
2025-03-24T18:00,9.0,50,4.7,0.00,0.00,0.00,0.00,3,13.4,32.8,100
2025-03-24T19:00,7.7,53,3.4,0.00,0.00,0.00,0.00,3,14.0,31.0,91
2025-03-24T20:00,6.7,56,2.3,0.00,0.00,0.00,0.00,3,14.0,31.0,90
2025-03-24T21:00,6.1,59,1.7,0.00,0.00,0.00,0.00,0,14.3,31.3,13
2025-03-24T22:00,5.3,63,0.9,0.00,0.00,0.00,0.00,1,14.5,32.0,33
2025-03-24T23:00,4.7,66,0.3,0.00,0.00,0.00,0.00,3,14.4,32.0,99
2025-03-25T00:00,4.3,67,-0.1,0.00,0.00,0.00,0.00,3,13.7,31.3,100
2025-03-25T01:00,4.4,66,0.2,0.00,0.00,0.00,0.00,3,12.9,29.9,100
2025-03-25T02:00,4.5,64,0.1,0.00,0.00,0.00,0.00,3,13.3,29.9,100
2025-03-25T03:00,4.3,65,-0.2,0.20,0.20,0.00,0.00,51,14.4,31.7,100
2025-03-25T04:00,5.0,67,0.7,0.20,0.20,0.00,0.00,51,14.2,31.3,100
2025-03-25T05:00,4.6,74,0.4,0.10,0.10,0.00,0.00,51,14.5,32.8,100
2025-03-25T06:00,4.3,80,0.1,1.00,1.00,0.00,0.00,55,15.5,34.2,100
2025-03-25T07:00,4.2,83,0.0,0.60,0.40,0.14,0.00,71,16.0,35.3,100
2025-03-25T08:00,4.5,83,0.4,0.10,0.10,0.00,0.00,51,15.8,36.7,100
2025-03-25T09:00,4.6,84,0.7,0.10,0.10,0.00,0.00,51,14.8,36.0,100
2025-03-25T10:00,4.7,86,0.7,0.30,0.30,0.00,0.00,51,15.1,34.9,100
2025-03-25T11:00,4.8,85,0.9,0.10,0.10,0.00,0.00,51,14.8,35.3,100
2025-03-25T12:00,4.9,85,1.0,0.20,0.20,0.00,0.00,51,14.4,37.8,100
2025-03-25T13:00,5.0,84,0.7,0.20,0.20,0.00,0.00,51,17.1,40.3,100
2025-03-25T14:00,4.7,87,1.2,0.30,0.30,0.00,0.00,51,12.3,41.0,100
2025-03-25T15:00,4.5,87,0.6,0.20,0.20,0.00,0.00,51,14.5,33.8,100
2025-03-25T16:00,4.4,88,0.8,0.20,0.20,0.00,0.00,51,12.9,36.4,100
2025-03-25T17:00,3.9,91,0.5,0.30,0.30,0.00,0.00,51,11.9,31.7,100
2025-03-25T18:00,3.3,92,-0.5,0.30,0.30,0.00,0.00,51,13.7,31.7,100
2025-03-25T19:00,2.3,95,-1.6,0.30,0.30,0.00,0.00,51,13.9,33.5,100
2025-03-25T20:00,1.7,98,-2.0,0.20,0.20,0.00,0.00,51,12.2,30.2,100
2025-03-25T21:00,1.6,97,-1.9,0.10,0.10,0.00,0.00,51,10.7,25.9,100
2025-03-25T22:00,1.6,97,-2.1,0.10,0.10,0.00,0.00,51,11.5,24.1,100
2025-03-25T23:00,1.3,97,-2.1,0.10,0.10,0.00,0.00,51,9.5,23.0,100
2025-03-26T00:00,1.3,97,-2.0,0.10,0.10,0.00,0.00,51,8.6,20.9,100
2025-03-26T01:00,1.2,97,-2.0,0.10,0.10,0.00,0.00,51,7.9,18.0,100
2025-03-26T02:00,1.1,97,-2.0,0.00,0.00,0.00,0.00,3,7.3,16.6,100
2025-03-26T03:00,1.0,97,-1.9,0.00,0.00,0.00,0.00,3,6.3,15.1,100
2025-03-26T04:00,1.4,95,-1.4,0.00,0.00,0.00,0.00,3,5.2,13.3,100
2025-03-26T05:00,1.3,96,-1.4,0.00,0.00,0.00,0.00,3,4.8,13.3,100
2025-03-26T06:00,1.3,96,-1.2,0.00,0.00,0.00,0.00,3,3.1,11.2,100
2025-03-26T07:00,1.3,96,-1.0,0.00,0.00,0.00,0.00,3,2.1,7.2,100
2025-03-26T08:00,1.4,96,-1.0,0.00,0.00,0.00,0.00,3,2.6,7.9,100
2025-03-26T09:00,1.8,93,-0.3,0.00,0.00,0.00,0.00,3,0.8,8.3,100
2025-03-26T10:00,2.6,89,0.3,0.00,0.00,0.00,0.00,3,1.9,9.0,100
2025-03-26T11:00,3.3,85,1.0,0.00,0.00,0.00,0.00,3,2.1,9.7,100
2025-03-26T12:00,4.0,81,1.5,0.00,0.00,0.00,0.00,3,3.5,12.6,100
2025-03-26T13:00,4.5,78,1.8,0.00,0.00,0.00,0.00,3,4.3,13.7,100
2025-03-26T14:00,4.8,76,2.2,0.00,0.00,0.00,0.00,3,4.5,13.7,100
2025-03-26T15:00,5.1,75,2.3,0.00,0.00,0.00,0.00,3,5.1,14.4,100
2025-03-26T16:00,4.8,73,1.9,0.00,0.00,0.00,0.00,3,5.2,15.1,100
2025-03-26T17:00,5.1,73,2.4,0.00,0.00,0.00,0.00,3,4.3,14.8,100
2025-03-26T18:00,5.3,72,2.9,0.00,0.00,0.00,0.00,3,2.6,11.2,99
2025-03-26T19:00,4.8,77,2.3,0.00,0.00,0.00,0.00,2,3.5,5.8,79
2025-03-26T20:00,4.3,81,1.6,0.00,0.00,0.00,0.00,3,5.1,9.0,89
2025-03-26T21:00,4.0,83,1.3,0.00,0.00,0.00,0.00,3,5.6,10.8,99
2025-03-26T22:00,4.0,85,1.1,0.00,0.00,0.00,0.00,3,6.6,13.0,100
2025-03-26T23:00,3.9,87,1.1,0.00,0.00,0.00,0.00,3,6.9,14.0,100
2025-03-27T00:00,3.5,89,0.6,0.00,0.00,0.00,0.00,3,7.2,14.4,100
2025-03-27T01:00,3.5,88,0.7,0.00,0.00,0.00,0.00,3,6.5,14.8,100
2025-03-27T02:00,3.2,89,0.4,0.00,0.00,0.00,0.00,3,5.9,13.3,100
2025-03-27T03:00,3.2,89,0.3,0.00,0.00,0.00,0.00,3,6.5,13.0,100
2025-03-27T04:00,2.7,90,-0.2,0.00,0.00,0.00,0.00,3,6.5,11.9,100
2025-03-27T05:00,2.9,90,-0.1,0.00,0.00,0.00,0.00,3,7.0,14.4,100
2025-03-27T06:00,3.2,89,0.2,0.00,0.00,0.00,0.00,3,7.2,14.8,100
2025-03-27T07:00,3.4,88,0.4,0.00,0.00,0.00,0.00,3,7.9,16.6,100
2025-03-27T08:00,3.7,88,0.7,0.00,0.00,0.00,0.00,3,8.3,17.6,100
2025-03-27T09:00,4.2,87,1.3,0.00,0.00,0.00,0.00,3,8.2,18.0,100
2025-03-27T10:00,4.5,88,1.9,0.00,0.00,0.00,0.00,3,6.3,18.0,100
2025-03-27T11:00,4.8,89,2.4,0.00,0.00,0.00,0.00,3,5.4,14.0,100
2025-03-27T12:00,5.7,87,3.4,0.00,0.00,0.00,0.00,3,5.3,13.3,100
2025-03-27T13:00,6.9,81,4.2,0.00,0.00,0.00,0.00,3,8.5,19.1,100
2025-03-27T14:00,7.5,77,4.7,0.00,0.00,0.00,0.00,3,9.1,25.6,100
2025-03-27T15:00,7.5,76,4.9,0.00,0.00,0.00,0.00,3,7.5,21.6,100
2025-03-27T16:00,7.6,79,5.3,0.10,0.10,0.00,0.00,51,5.8,19.4,100
2025-03-27T17:00,7.3,82,4.8,0.50,0.50,0.00,0.00,53,8.1,16.2,100
2025-03-27T18:00,6.7,89,4.4,0.60,0.60,0.00,0.00,53,7.2,16.9,100
2025-03-27T19:00,6.0,95,3.9,0.50,0.50,0.00,0.00,53,6.3,14.0,100
2025-03-27T20:00,5.5,97,3.4,0.10,0.10,0.00,0.00,51,5.6,12.6,100
2025-03-27T21:00,4.7,98,2.6,0.00,0.00,0.00,0.00,3,4.9,10.4,100
2025-03-27T22:00,4.3,98,2.2,0.00,0.00,0.00,0.00,3,4.3,9.4,100
2025-03-27T23:00,3.7,99,1.6,0.00,0.00,0.00,0.00,3,3.5,8.3,100
2025-03-28T00:00,2.9,100,0.7,0.00,0.00,0.00,0.00,3,3.5,5.8,100
2025-03-28T01:00,3.2,100,1.3,0.00,0.00,0.00,0.00,3,2.0,7.9,100
2025-03-28T02:00,3.3,99,1.6,0.00,0.00,0.00,0.00,3,0.6,2.5,100
2025-03-28T03:00,3.3,100,1.5,0.00,0.00,0.00,0.00,3,1.5,3.2,100
2025-03-28T04:00,3.7,98,1.6,0.00,0.00,0.00,0.00,3,3.8,8.3,100
2025-03-28T05:00,3.4,98,1.2,0.00,0.00,0.00,0.00,3,3.8,7.2,97
2025-03-28T06:00,3.4,97,1.1,0.00,0.00,0.00,0.00,3,4.0,7.6,98
2025-03-28T07:00,4.0,95,1.5,0.00,0.00,0.00,0.00,3,6.0,10.4,100
2025-03-28T08:00,4.6,94,2.3,0.00,0.00,0.00,0.00,3,5.8,11.9,100
2025-03-28T09:00,5.4,92,3.4,0.00,0.00,0.00,0.00,3,4.0,12.6,100
2025-03-28T10:00,6.2,90,4.4,0.00,0.00,0.00,0.00,3,3.7,12.6,100
2025-03-28T11:00,7.1,84,5.1,0.00,0.00,0.00,0.00,3,4.4,14.8,90
2025-03-28T12:00,8.1,79,6.2,0.00,0.00,0.00,0.00,2,4.0,13.0,58
2025-03-28T13:00,9.5,72,7.8,0.10,0.10,0.00,0.00,51,2.1,13.0,53
2025-03-28T14:00,10.2,66,8.5,0.00,0.00,0.00,0.00,1,1.8,10.4,40
2025-03-28T15:00,10.7,63,9.0,0.00,0.00,0.00,0.00,1,1.2,9.7,26
2025-03-28T16:00,9.5,64,7.7,0.00,0.00,0.00,0.00,2,1.0,8.6,57
2025-03-28T17:00,9.5,63,7.5,0.00,0.00,0.00,0.00,1,1.8,8.6,43
2025-03-28T18:00,9.0,67,7.0,0.00,0.00,0.00,0.00,0,2.9,7.9,12
2025-03-28T19:00,7.9,74,5.7,0.00,0.00,0.00,0.00,0,4.4,8.3,2
2025-03-28T20:00,6.7,80,4.8,0.00,0.00,0.00,0.00,0,2.5,7.9,0
2025-03-28T21:00,6.1,81,4.3,0.00,0.00,0.00,0.00,0,1.3,3.6,1
2025-03-28T22:00,5.3,84,3.5,0.00,0.00,0.00,0.00,0,0.7,2.2,1
2025-03-28T23:00,4.4,87,2.3,0.00,0.00,0.00,0.00,0,2.4,3.2,4
2025-03-29T00:00,3.8,89,1.4,0.00,0.00,0.00,0.00,0,3.6,5.8,8
2025-03-29T01:00,3.1,91,0.7,0.00,0.00,0.00,0.00,0,3.6,6.1,8
2025-03-29T02:00,2.5,92,0.2,0.00,0.00,0.00,0.00,0,2.4,5.0,0
2025-03-29T03:00,2.0,93,-0.3,0.00,0.00,0.00,0.00,0,1.9,3.2,0
2025-03-29T04:00,1.9,95,-0.2,0.00,0.00,0.00,0.00,0,0.9,2.9,0
2025-03-29T05:00,1.4,96,-0.7,0.00,0.00,0.00,0.00,0,0.8,2.2,0
2025-03-29T06:00,1.1,96,-1.1,0.00,0.00,0.00,0.00,0,1.4,2.2,0
2025-03-29T07:00,1.2,96,-1.2,0.00,0.00,0.00,0.00,0,2.2,2.9,0
2025-03-29T08:00,2.6,92,0.4,0.00,0.00,0.00,0.00,0,2.0,4.3,0
2025-03-29T09:00,4.8,87,3.1,0.00,0.00,0.00,0.00,0,0.2,5.0,0
2025-03-29T10:00,7.2,80,5.5,0.00,0.00,0.00,0.00,0,1.4,7.9,0
2025-03-29T11:00,9.1,72,7.4,0.00,0.00,0.00,0.00,0,2.2,10.4,0
2025-03-29T12:00,10.4,67,8.9,0.00,0.00,0.00,0.00,0,2.1,11.2,0
2025-03-29T13:00,11.2,62,9.9,0.00,0.00,0.00,0.00,0,2.2,11.9,0
2025-03-29T14:00,11.9,58,10.2,0.00,0.00,0.00,0.00,0,2.1,11.9,14
2025-03-29T15:00,12.2,55,10.2,0.00,0.00,0.00,0.00,1,2.7,11.2,39
2025-03-29T16:00,12.6,47,10.1,0.00,0.00,0.00,0.00,2,4.6,14.4,68
2025-03-29T17:00,12.3,49,9.9,0.00,0.00,0.00,0.00,3,3.7,13.3,98
2025-03-29T18:00,11.9,56,10.1,0.00,0.00,0.00,0.00,3,1.9,9.4,86
2025-03-29T19:00,11.2,56,8.9,0.00,0.00,0.00,0.00,1,4.1,6.8,44
2025-03-29T20:00,9.8,65,7.2,0.00,0.00,0.00,0.00,0,7.6,14.4,13
2025-03-29T21:00,8.4,71,5.7,0.00,0.00,0.00,0.00,0,8.3,16.6,8
2025-03-29T22:00,7.3,75,4.7,0.00,0.00,0.00,0.00,0,7.2,16.6,12
2025-03-29T23:00,6.7,76,4.1,0.00,0.00,0.00,0.00,1,6.3,13.7,33
2025-03-30T00:00,5.9,79,3.5,0.00,0.00,0.00,0.00,0,4.5,11.5,19
2025-03-30T01:00,4.8,84,2.5,0.00,0.00,0.00,0.00,0,3.3,8.6,5
2025-03-30T02:00,3.8,87,1.6,0.00,0.00,0.00,0.00,0,1.9,4.7,0
2025-03-30T03:00,2.9,90,0.8,0.00,0.00,0.00,0.00,0,1.3,2.9,1
2025-03-30T04:00,3.5,88,1.5,0.00,0.00,0.00,0.00,0,0.7,1.4,1
2025-03-30T05:00,2.8,91,0.4,0.00,0.00,0.00,0.00,1,3.1,4.0,22
2025-03-30T06:00,2.3,92,-0.3,0.00,0.00,0.00,0.00,3,4.0,5.8,84
2025-03-30T07:00,2.8,90,0.2,0.00,0.00,0.00,0.00,3,4.1,6.1,100
2025-03-30T08:00,3.9,87,1.2,0.00,0.00,0.00,0.00,3,5.6,11.5,99
2025-03-30T09:00,4.9,87,2.3,0.00,0.00,0.00,0.00,3,6.3,11.2,100
2025-03-30T10:00,6.9,80,4.9,0.00,0.00,0.00,0.00,1,3.2,11.9,23
2025-03-30T11:00,9.3,71,7.3,0.00,0.00,0.00,0.00,0,4.1,13.3,1
2025-03-30T12:00,11.3,50,8.4,0.00,0.00,0.00,0.00,2,8.3,22.0,63
2025-03-30T13:00,11.7,45,8.3,0.00,0.00,0.00,0.00,3,9.0,25.2,86
2025-03-30T14:00,11.8,43,8.3,0.00,0.00,0.00,0.00,3,8.9,24.5,100
2025-03-30T15:00,12.0,43,8.5,0.00,0.00,0.00,0.00,3,8.9,23.8,85
2025-03-30T16:00,12.0,42,8.3,0.00,0.00,0.00,0.00,3,10.1,28.8,100
2025-03-30T17:00,11.6,47,8.5,0.00,0.00,0.00,0.00,3,7.6,24.5,84
2025-03-30T18:00,11.0,51,7.9,0.00,0.00,0.00,0.00,1,7.7,17.6,28
2025-03-30T19:00,9.4,56,6.2,0.00,0.00,0.00,0.00,0,8.6,16.6,7
2025-03-30T20:00,8.5,58,5.2,0.00,0.00,0.00,0.00,0,8.1,16.9,13
2025-03-30T21:00,7.6,60,4.4,0.00,0.00,0.00,0.00,1,7.6,15.5,32
2025-03-30T22:00,7.0,63,4.0,0.00,0.00,0.00,0.00,1,6.4,14.4,43
2025-03-30T23:00,6.1,69,3.4,0.00,0.00,0.00,0.00,0,4.7,11.5,8
2025-03-31T00:00,5.6,68,2.7,0.00,0.00,0.00,0.00,0,4.9,7.9,6
2025-03-31T01:00,5.4,68,2.4,0.00,0.00,0.00,0.00,3,5.7,10.4,99
2025-03-31T02:00,5.0,72,2.2,0.00,0.00,0.00,0.00,3,4.4,10.4,100
2025-03-31T03:00,5.2,72,2.3,0.00,0.00,0.00,0.00,3,5.4,11.5,100
2025-03-31T04:00,5.0,77,2.2,0.00,0.00,0.00,0.00,3,6.2,11.2,100
2025-03-31T05:00,5.0,78,2.2,0.00,0.00,0.00,0.00,3,5.8,11.9,98
2025-03-31T06:00,4.6,79,1.8,0.00,0.00,0.00,0.00,3,6.1,10.8,96
2025-03-31T07:00,5.0,78,2.2,0.00,0.00,0.00,0.00,2,6.5,12.6,54
2025-03-31T08:00,6.3,74,3.4,0.00,0.00,0.00,0.00,1,7.0,14.8,34
2025-03-31T09:00,7.9,71,5.3,0.00,0.00,0.00,0.00,3,6.3,15.5,100
2025-03-31T10:00,9.6,64,7.1,0.00,0.00,0.00,0.00,2,6.1,16.9,72
2025-03-31T11:00,11.7,56,9.1,0.00,0.00,0.00,0.00,3,7.2,19.8,100
2025-03-31T12:00,13.3,40,9.3,0.00,0.00,0.00,0.00,3,12.6,29.9,100
2025-03-31T13:00,13.9,37,9.9,0.00,0.00,0.00,0.00,3,11.7,32.4,100
2025-03-31T14:00,13.9,36,9.9,0.00,0.00,0.00,0.00,3,11.8,29.9,100
2025-03-31T15:00,14.0,35,10.3,0.00,0.00,0.00,0.00,3,9.5,29.2,100
2025-03-31T16:00,14.2,34,10.5,0.00,0.00,0.00,0.00,3,8.7,24.8,100
2025-03-31T17:00,13.8,39,10.8,0.00,0.00,0.00,0.00,3,6.2,21.2,100
2025-03-31T18:00,12.9,45,10.1,0.00,0.00,0.00,0.00,3,6.3,14.0,100
2025-03-31T19:00,11.7,49,8.5,0.00,0.00,0.00,0.00,3,8.1,15.5,100
2025-03-31T20:00,10.7,52,7.5,0.00,0.00,0.00,0.00,3,8.7,17.3,100
2025-03-31T21:00,10.1,54,6.8,0.00,0.00,0.00,0.00,3,8.9,17.6,100
2025-03-31T22:00,9.5,56,6.2,0.00,0.00,0.00,0.00,3,8.9,17.6,100
2025-03-31T23:00,9.0,57,5.8,0.00,0.00,0.00,0.00,3,8.4,17.3,100
2025-04-01T00:00,8.4,60,5.2,0.00,0.00,0.00,0.00,3,8.1,16.9,100
2025-04-01T01:00,7.8,61,4.6,0.00,0.00,0.00,0.00,3,8.5,16.9,100
2025-04-01T02:00,7.5,62,4.3,0.00,0.00,0.00,0.00,3,8.1,17.3,100
2025-04-01T03:00,7.2,63,3.9,0.00,0.00,0.00,0.00,3,8.4,18.0,100
2025-04-01T04:00,7.2,64,3.9,0.00,0.00,0.00,0.00,3,8.8,18.0,100
2025-04-01T05:00,7.2,64,4.0,0.00,0.00,0.00,0.00,3,8.6,18.0,100
2025-04-01T06:00,7.0,64,3.5,0.00,0.00,0.00,0.00,3,9.9,20.5,100
2025-04-01T07:00,7.0,63,3.6,0.00,0.00,0.00,0.00,3,9.5,20.9,100
2025-04-01T08:00,7.4,62,4.0,0.00,0.00,0.00,0.00,3,9.6,20.2,100
2025-04-01T09:00,7.6,63,4.0,0.00,0.00,0.00,0.00,3,10.6,22.3,100
2025-04-01T10:00,8.3,65,5.1,0.00,0.00,0.00,0.00,3,9.0,23.0,100
2025-04-01T11:00,8.9,60,5.4,0.00,0.00,0.00,0.00,3,11.1,25.2,100
2025-04-01T12:00,9.7,61,6.4,0.00,0.00,0.00,0.00,3,10.7,24.8,100
2025-04-01T13:00,10.1,61,6.7,0.00,0.00,0.00,0.00,3,12.3,27.0,100
2025-04-01T14:00,10.7,63,7.5,0.00,0.00,0.00,0.00,3,11.4,27.4,100
2025-04-01T15:00,11.1,62,7.8,0.00,0.00,0.00,0.00,3,12.4,28.4,100
2025-04-01T16:00,13.0,53,9.8,0.00,0.00,0.00,0.00,3,11.0,34.2,100
2025-04-01T17:00,12.0,58,9.0,0.30,0.30,0.00,0.00,51,10.9,25.2,100
2025-04-01T18:00,10.1,73,7.0,1.30,1.30,0.00,0.00,61,13.8,27.7,100
2025-04-01T19:00,8.7,88,5.9,1.70,1.70,0.00,0.00,61,12.9,27.7,100
2025-04-01T20:00,8.3,90,5.4,1.10,1.10,0.00,0.00,55,14.0,28.8,100
2025-04-01T21:00,8.0,92,5.1,0.70,0.70,0.00,0.00,53,13.9,30.2,100
2025-04-01T22:00,7.7,92,4.9,0.80,0.80,0.00,0.00,53,12.5,29.2,100
2025-04-01T23:00,7.4,93,4.3,0.90,0.90,0.00,0.00,53,14.7,30.6,100
2025-04-02T00:00,7.2,92,3.9,0.50,0.50,0.00,0.00,53,15.7,32.4,100
2025-04-02T01:00,7.0,92,3.4,0.50,0.50,0.00,0.00,53,17.8,38.2,100
2025-04-02T02:00,6.9,89,3.2,0.20,0.20,0.00,0.00,51,17.1,38.5,100
2025-04-02T03:00,6.4,90,2.7,0.90,0.90,0.00,0.00,53,16.4,37.1,100
2025-04-02T04:00,6.5,90,3.1,1.00,1.00,0.00,0.00,55,14.5,30.2,100
2025-04-02T05:00,6.5,86,3.0,0.50,0.50,0.00,0.00,53,14.3,32.4,100
2025-04-02T06:00,6.1,88,3.1,0.00,0.00,0.00,0.00,3,11.4,29.5,100
2025-04-02T07:00,5.9,89,2.9,0.00,0.00,0.00,0.00,3,10.8,24.1,100
2025-04-02T08:00,6.2,90,3.7,0.00,0.00,0.00,0.00,3,8.3,23.0,92
2025-04-02T09:00,7.0,86,4.1,0.00,0.00,0.00,0.00,0,11.1,27.0,12
2025-04-02T10:00,8.2,76,5.2,0.00,0.00,0.00,0.00,0,10.9,28.8,0
2025-04-02T11:00,9.8,67,6.7,0.00,0.00,0.00,0.00,0,11.6,30.6,0
2025-04-02T12:00,11.1,58,7.9,0.00,0.00,0.00,0.00,0,13.0,34.2,0
2025-04-02T13:00,11.8,49,8.3,0.00,0.00,0.00,0.00,0,14.1,36.0,0
2025-04-02T14:00,12.0,44,8.2,0.00,0.00,0.00,0.00,0,13.9,36.4,0
2025-04-02T15:00,12.2,39,7.9,0.00,0.00,0.00,0.00,0,13.9,35.3,0
2025-04-02T16:00,12.5,35,8.1,0.00,0.00,0.00,0.00,0,12.8,31.7,0
2025-04-02T17:00,12.0,37,7.8,0.00,0.00,0.00,0.00,0,12.3,31.3,0
2025-04-02T18:00,11.2,41,7.4,0.00,0.00,0.00,0.00,0,10.2,28.8,0
2025-04-02T19:00,9.8,46,6.2,0.00,0.00,0.00,0.00,0,8.7,22.7,0
2025-04-02T20:00,8.6,52,5.3,0.00,0.00,0.00,0.00,0,7.5,17.3,0
2025-04-02T21:00,7.7,56,4.2,0.00,0.00,0.00,0.00,0,8.6,16.6,0
2025-04-02T22:00,7.1,59,3.8,0.00,0.00,0.00,0.00,0,7.2,16.2,0
2025-04-02T23:00,6.5,62,3.3,0.00,0.00,0.00,0.00,0,6.9,13.0,1
2025-04-03T00:00,5.9,66,2.6,0.00,0.00,0.00,0.00,3,7.8,14.8,82
2025-04-03T01:00,5.4,69,2.0,0.00,0.00,0.00,0.00,3,8.8,16.9,99
2025-04-03T02:00,5.1,72,1.7,0.00,0.00,0.00,0.00,3,9.0,18.0,100
2025-04-03T03:00,5.3,74,2.0,0.00,0.00,0.00,0.00,3,9.0,18.7,100
2025-04-03T04:00,5.1,73,1.9,0.00,0.00,0.00,0.00,3,8.3,16.9,99
2025-04-03T05:00,4.9,76,1.6,0.00,0.00,0.00,0.00,3,8.7,16.9,99
2025-04-03T06:00,4.6,79,1.4,0.00,0.00,0.00,0.00,1,8.6,16.9,21
2025-04-03T07:00,4.6,81,1.4,0.00,0.00,0.00,0.00,0,8.9,18.4,5
2025-04-03T08:00,5.5,80,2.7,0.00,0.00,0.00,0.00,2,7.1,19.1,77
2025-04-03T09:00,6.9,76,4.2,0.00,0.00,0.00,0.00,2,7.3,19.1,58
2025-04-03T10:00,8.4,68,5.7,0.00,0.00,0.00,0.00,0,7.2,20.5,6
2025-04-03T11:00,9.7,60,6.8,0.00,0.00,0.00,0.00,0,7.6,21.6,0
2025-04-03T12:00,10.9,50,7.8,0.00,0.00,0.00,0.00,0,9.7,26.3,0
2025-04-03T13:00,11.7,44,8.5,0.00,0.00,0.00,0.00,0,10.2,27.7,0
2025-04-03T14:00,12.2,42,8.9,0.00,0.00,0.00,0.00,0,9.9,27.7,0
2025-04-03T15:00,12.5,41,8.7,0.00,0.00,0.00,0.00,0,10.7,27.7,0
2025-04-03T16:00,13.2,34,8.9,0.00,0.00,0.00,0.00,0,12.2,31.0,0
2025-04-03T17:00,12.8,38,9.0,0.00,0.00,0.00,0.00,0,10.3,29.5,0
2025-04-03T18:00,12.1,43,8.8,0.00,0.00,0.00,0.00,0,7.7,23.8,0
2025-04-03T19:00,10.7,50,7.7,0.00,0.00,0.00,0.00,0,6.1,16.9,0
2025-04-03T20:00,9.6,54,6.9,0.00,0.00,0.00,0.00,0,4.5,11.2,14
2025-04-03T21:00,8.1,64,5.6,0.00,0.00,0.00,0.00,2,4.1,8.6,51
2025-04-03T22:00,7.3,64,4.7,0.00,0.00,0.00,0.00,2,4.3,9.0,51
2025-04-03T23:00,6.4,67,3.5,0.00,0.00,0.00,0.00,3,5.9,10.8,100
2025-04-04T00:00,5.5,70,2.5,0.00,0.00,0.00,0.00,3,6.6,12.2,100
2025-04-04T01:00,4.9,72,1.8,0.00,0.00,0.00,0.00,3,7.1,13.7,100
2025-04-04T02:00,4.6,72,1.2,0.00,0.00,0.00,0.00,2,8.4,16.2,68
2025-04-04T03:00,4.3,71,0.8,0.00,0.00,0.00,0.00,1,9.1,18.0,23
2025-04-04T04:00,3.9,71,0.2,0.00,0.00,0.00,0.00,0,9.8,19.8,15
2025-04-04T05:00,3.5,75,-0.3,0.00,0.00,0.00,0.00,1,10.6,22.0,28
2025-04-04T06:00,3.6,76,-0.3,0.00,0.00,0.00,0.00,1,11.9,24.5,20
2025-04-04T07:00,4.6,76,0.6,0.00,0.00,0.00,0.00,1,13.2,27.7,45
2025-04-04T08:00,6.6,74,2.7,0.00,0.00,0.00,0.00,2,14.2,32.4,62
2025-04-04T09:00,8.5,73,5.4,0.00,0.00,0.00,0.00,1,11.5,32.4,27
2025-04-04T10:00,10.7,64,6.9,0.00,0.00,0.00,0.00,1,15.9,37.4,41
2025-04-04T11:00,12.1,58,8.2,0.00,0.00,0.00,0.00,0,16.7,41.0,0
2025-04-04T12:00,13.3,55,9.9,0.00,0.00,0.00,0.00,0,16.4,41.0,0
2025-04-04T13:00,14.4,49,11.0,0.00,0.00,0.00,0.00,0,16.8,41.4,0
2025-04-04T14:00,15.1,41,10.9,0.00,0.00,0.00,0.00,3,18.5,45.0,100
2025-04-04T15:00,14.7,39,9.9,0.00,0.00,0.00,0.00,1,19.1,51.8,44
2025-04-04T16:00,15.5,37,10.9,0.00,0.00,0.00,0.00,3,17.5,45.7,100
2025-04-04T17:00,14.2,38,9.5,0.00,0.00,0.00,0.00,3,17.5,42.5,99
2025-04-04T18:00,12.5,36,7.3,0.00,0.00,0.00,0.00,3,18.5,45.0,99
2025-04-04T19:00,10.8,40,6.0,0.00,0.00,0.00,0.00,3,15.9,43.2,100
2025-04-04T20:00,9.1,45,4.4,0.00,0.00,0.00,0.00,1,15.3,36.4,35
2025-04-04T21:00,7.5,50,3.1,0.00,0.00,0.00,0.00,0,13.1,34.9,0
2025-04-04T22:00,6.3,54,2.3,0.00,0.00,0.00,0.00,0,10.4,28.8,0
2025-04-04T23:00,5.3,59,1.6,0.00,0.00,0.00,0.00,0,8.9,21.6,0
2025-04-05T00:00,4.5,63,0.9,0.00,0.00,0.00,0.00,0,7.7,18.0,0
2025-04-05T01:00,3.7,66,0.1,0.00,0.00,0.00,0.00,0,7.8,14.8,14
2025-04-05T02:00,2.9,69,-0.7,0.00,0.00,0.00,0.00,1,7.7,15.8,48
2025-04-05T03:00,2.6,71,-0.8,0.00,0.00,0.00,0.00,3,6.8,15.1,98
2025-04-05T04:00,2.9,68,-0.3,0.00,0.00,0.00,0.00,3,5.1,11.5,97
2025-04-05T05:00,2.9,70,-0.2,0.00,0.00,0.00,0.00,3,4.5,9.7,99
2025-04-05T06:00,2.9,72,-0.2,0.00,0.00,0.00,0.00,3,5.0,9.0,100
2025-04-05T07:00,3.1,73,-0.1,0.00,0.00,0.00,0.00,3,5.6,10.8,100
2025-04-05T08:00,3.5,72,0.3,0.00,0.00,0.00,0.00,3,6.1,14.4,91
2025-04-05T09:00,4.0,70,0.7,0.00,0.00,0.00,0.00,3,6.6,18.0,82
2025-04-05T10:00,4.4,69,1.5,0.00,0.00,0.00,0.00,2,4.7,18.0,72
2025-04-05T11:00,4.9,69,1.9,0.00,0.00,0.00,0.00,2,5.9,19.1,50
2025-04-05T12:00,5.2,67,1.9,0.00,0.00,0.00,0.00,3,7.7,22.7,84
2025-04-05T13:00,5.6,63,2.0,0.10,0.10,0.00,0.00,51,9.2,26.3,55
2025-04-05T14:00,6.0,58,2.3,0.00,0.00,0.00,0.00,2,8.7,26.6,69
2025-04-05T15:00,6.1,55,2.1,0.00,0.00,0.00,0.00,3,10.2,27.4,100
2025-04-05T16:00,6.1,49,2.0,0.00,0.00,0.00,0.00,3,10.0,27.4,100
2025-04-05T17:00,5.9,48,1.6,0.00,0.00,0.00,0.00,3,11.1,27.0,99
2025-04-05T18:00,5.6,48,1.1,0.00,0.00,0.00,0.00,3,11.7,31.7,100
2025-04-05T19:00,4.4,52,-0.7,0.00,0.00,0.00,0.00,3,16.3,37.8,100
2025-04-05T20:00,3.2,57,-1.8,0.00,0.00,0.00,0.00,3,15.9,39.6,100
2025-04-05T21:00,2.4,58,-2.7,0.00,0.00,0.00,0.00,3,15.6,37.8,100
2025-04-05T22:00,1.9,58,-3.3,0.00,0.00,0.00,0.00,3,15.9,37.4,100
2025-04-05T23:00,1.2,60,-4.0,0.00,0.00,0.00,0.00,3,16.2,37.8,100
2025-04-06T00:00,0.5,62,-4.8,0.10,0.00,0.07,0.00,71,16.4,38.5,100
2025-04-06T01:00,-0.2,65,-5.6,0.10,0.00,0.07,0.00,71,17.4,40.7,100
2025-04-06T02:00,-1.0,69,-6.4,0.30,0.00,0.21,0.00,73,17.9,42.1,100
2025-04-06T03:00,-1.7,72,-7.2,0.40,0.00,0.28,0.00,73,18.0,42.1,100
2025-04-06T04:00,-1.8,75,-7.1,0.60,0.00,0.42,0.00,73,17.0,37.4,100
2025-04-06T05:00,-2.2,79,-7.5,0.90,0.00,0.63,0.01,73,17.7,38.9,100
2025-04-06T06:00,-2.7,84,-8.0,0.90,0.00,0.63,0.01,73,17.6,38.9,100
2025-04-06T07:00,-2.9,85,-8.4,0.90,0.00,0.63,0.01,73,18.8,41.0,100
2025-04-06T08:00,-2.9,87,-8.5,0.90,0.00,0.63,0.01,73,19.2,42.5,100
2025-04-06T09:00,-2.8,87,-8.5,0.80,0.00,0.56,0.01,73,20.5,50.0,100
2025-04-06T10:00,-2.5,86,-8.5,0.60,0.00,0.42,0.02,73,22.2,49.0,100
2025-04-06T11:00,-2.2,85,-7.8,0.30,0.00,0.21,0.02,73,20.3,52.2,100
2025-04-06T12:00,-2.0,83,-7.8,0.30,0.00,0.21,0.02,73,21.3,51.5,100
2025-04-06T13:00,-1.9,83,-7.4,0.30,0.00,0.21,0.03,73,19.3,51.1,100
2025-04-06T14:00,-1.8,82,-7.5,0.40,0.00,0.28,0.03,73,21.1,47.9,100
2025-04-06T15:00,-1.7,82,-7.3,0.50,0.00,0.35,0.03,73,19.9,50.8,100
2025-04-06T16:00,-1.7,80,-7.0,0.10,0.00,0.07,0.03,71,18.1,45.4,100
2025-04-06T17:00,-1.8,80,-7.0,0.10,0.00,0.07,0.04,71,16.8,40.3,100
2025-04-06T18:00,-1.9,81,-7.1,0.20,0.00,0.14,0.04,71,17.0,37.8,100
2025-04-06T19:00,-2.1,83,-7.3,0.50,0.00,0.35,0.04,73,17.5,39.2,100
2025-04-06T20:00,-2.2,85,-7.3,0.70,0.00,0.49,0.05,73,16.4,39.2,100
2025-04-06T21:00,-2.3,86,-7.5,0.80,0.00,0.56,0.05,73,16.9,37.1,100
2025-04-06T22:00,-2.4,86,-7.6,0.50,0.00,0.35,0.06,73,17.6,38.5,100
2025-04-06T23:00,-2.4,87,-7.6,0.40,0.00,0.28,0.06,73,17.7,38.9,100
2025-04-07T00:00,-2.4,87,-7.7,0.40,0.00,0.28,0.06,73,17.8,38.9,100
2025-04-07T01:00,-2.5,88,-7.8,0.50,0.00,0.35,0.06,73,18.1,39.6,100
2025-04-07T02:00,-2.6,89,-7.9,0.90,0.00,0.63,0.07,73,18.2,40.3,100
2025-04-07T03:00,-2.6,89,-8.0,1.30,0.00,0.91,0.07,75,19.2,42.8,100
2025-04-07T04:00,-2.8,88,-8.2,0.50,0.00,0.35,0.08,73,18.5,42.1,100
2025-04-07T05:00,-2.7,90,-7.9,1.10,0.00,0.77,0.08,73,17.5,41.0,100
2025-04-07T06:00,-2.7,90,-7.9,1.80,0.00,1.26,0.09,75,18.0,40.3,100
2025-04-07T07:00,-2.5,91,-7.4,1.00,0.00,0.70,0.10,73,15.7,39.6,100
2025-04-07T08:00,-2.3,90,-6.9,0.40,0.00,0.28,0.11,73,14.0,34.2,100
2025-04-07T09:00,-2.0,90,-6.1,0.30,0.00,0.21,0.11,73,10.6,29.9,100
2025-04-07T10:00,-1.7,90,-6.0,0.20,0.00,0.14,0.12,71,11.9,28.4,100
2025-04-07T11:00,-1.3,89,-5.5,0.10,0.00,0.07,0.12,71,11.7,30.6,100
2025-04-07T12:00,-0.7,88,-4.6,0.00,0.00,0.00,0.12,3,10.1,26.6,100
2025-04-07T13:00,-0.2,88,-3.6,0.00,0.00,0.00,0.12,3,7.4,22.7,100
2025-04-07T14:00,0.2,87,-3.2,0.00,0.00,0.00,0.12,3,6.8,16.9,100
2025-04-07T15:00,0.6,86,-2.4,0.00,0.00,0.00,0.11,3,3.8,16.2,98
2025-04-07T16:00,0.4,86,-3.0,0.00,0.00,0.00,0.11,2,6.5,15.8,58
2025-04-07T17:00,0.5,85,-2.5,0.00,0.00,0.00,0.11,3,3.9,15.5,94
2025-04-07T18:00,0.1,84,-3.3,0.20,0.00,0.14,0.11,71,6.5,11.9,96
2025-04-07T19:00,-0.4,86,-3.7,0.50,0.00,0.35,0.11,73,5.6,15.8,100
2025-04-07T20:00,-0.3,90,-4.1,0.50,0.00,0.35,0.11,73,9.6,19.1,99
2025-04-07T21:00,-0.9,87,-4.9,2.80,0.00,1.96,0.11,75,10.8,23.4,97
2025-04-07T22:00,-1.4,94,-5.2,0.50,0.00,0.35,0.11,73,9.7,22.7,100
2025-04-07T23:00,-1.6,93,-5.4,0.40,0.00,0.28,0.12,73,9.5,20.5,100
2025-04-08T00:00,-1.6,91,-5.3,0.30,0.00,0.21,0.12,73,8.2,20.2,83
2025-04-08T01:00,-2.1,91,-5.9,0.10,0.00,0.07,0.12,71,8.3,18.4,82
2025-04-08T02:00,-2.5,93,-6.1,0.00,0.00,0.00,0.13,3,7.5,17.6,90
2025-04-08T03:00,-2.8,94,-6.4,0.00,0.00,0.00,0.13,3,7.4,15.8,100
2025-04-08T04:00,-1.4,94,-5.3,0.10,0.00,0.07,0.13,71,9.8,21.6,100
2025-04-08T05:00,-1.4,93,-5.4,0.10,0.00,0.07,0.13,71,10.8,23.4,100
2025-04-08T06:00,-1.4,92,-5.6,0.00,0.00,0.00,0.14,3,11.8,25.6,100
2025-04-08T07:00,-1.5,91,-5.8,0.00,0.00,0.00,0.14,3,12.2,27.0,100
2025-04-08T08:00,-1.5,90,-5.5,0.00,0.00,0.00,0.14,3,9.7,26.6,100
2025-04-08T09:00,-1.5,89,-5.7,0.00,0.00,0.00,0.14,3,11.4,25.2,100
2025-04-08T10:00,-1.5,88,-5.8,0.00,0.00,0.00,0.14,3,12.4,27.4,100
2025-04-08T11:00,-1.3,88,-5.8,0.10,0.10,0.00,0.14,51,13.5,30.6,100
2025-04-08T12:00,-1.0,86,-5.4,0.10,0.00,0.07,0.14,71,12.9,30.2,100
2025-04-08T13:00,-0.6,84,-5.0,0.10,0.00,0.07,0.14,71,12.9,30.2,100
2025-04-08T14:00,-0.7,85,-5.0,0.20,0.00,0.14,0.14,71,11.9,29.2,100
2025-04-08T15:00,-0.8,87,-4.9,0.40,0.00,0.28,0.15,73,11.3,28.8,100
2025-04-08T16:00,-0.9,91,-4.9,0.60,0.00,0.42,0.15,73,10.8,28.1,100
2025-04-08T17:00,-1.0,93,-4.7,0.80,0.00,0.56,0.16,73,9.1,24.1,100
2025-04-08T18:00,-1.1,92,-4.9,0.90,0.00,0.63,0.16,73,9.5,21.6,100
2025-04-08T19:00,-1.3,93,-5.3,1.00,0.00,0.70,0.17,73,10.7,22.3,100
2025-04-08T20:00,-1.5,92,-5.9,0.90,0.00,0.63,0.18,73,12.9,27.7,100
2025-04-08T21:00,-1.7,90,-6.2,0.50,0.00,0.35,0.18,73,13.2,30.6,100
2025-04-08T22:00,-2.0,91,-6.2,0.60,0.00,0.42,0.19,73,11.8,28.8,100
2025-04-08T23:00,-2.2,91,-6.5,0.50,0.00,0.35,0.19,73,12.1,25.9,100
2025-04-09T00:00,-2.3,90,-6.6,0.50,0.00,0.35,0.19,73,11.8,25.9,100
2025-04-09T01:00,-2.4,90,-6.8,0.40,0.00,0.28,0.19,73,12.0,25.9,100
2025-04-09T02:00,-2.6,90,-7.0,0.40,0.00,0.28,0.20,73,12.1,26.3,100
2025-04-09T03:00,-2.8,90,-7.4,0.40,0.00,0.28,0.20,73,13.3,28.8,100
2025-04-09T04:00,-2.9,86,-7.9,0.40,0.00,0.28,0.20,73,15.8,32.0,100
2025-04-09T05:00,-2.9,85,-8.1,0.40,0.00,0.28,0.20,73,16.3,35.3,100
2025-04-09T06:00,-3.2,87,-8.1,0.20,0.00,0.14,0.20,71,14.7,33.8,100
2025-04-09T07:00,-3.5,85,-8.4,0.10,0.00,0.07,0.20,71,14.5,32.0,100
2025-04-09T08:00,-3.4,82,-8.6,0.30,0.00,0.21,0.20,73,15.9,33.1,100
2025-04-09T09:00,-3.0,82,-8.0,0.10,0.00,0.07,0.20,71,14.4,34.9,100
2025-04-09T10:00,-2.6,78,-7.6,0.10,0.00,0.07,0.20,71,14.2,33.5,100
2025-04-09T11:00,-2.4,75,-7.8,0.20,0.00,0.14,0.20,71,17.3,37.8,100
2025-04-09T12:00,-1.9,71,-6.7,0.10,0.00,0.07,0.20,71,14.8,36.7,100
2025-04-09T13:00,-1.4,69,-5.9,0.00,0.00,0.00,0.20,3,14.8,32.4,100
2025-04-09T14:00,-0.6,62,-5.3,0.00,0.00,0.00,0.20,3,14.0,32.0,100
2025-04-09T15:00,-0.8,66,-5.9,0.00,0.00,0.00,0.20,3,15.4,33.5,100
2025-04-09T16:00,-0.6,65,-5.5,0.00,0.00,0.00,0.20,3,14.0,31.3,100
2025-04-09T17:00,-0.7,63,-5.8,0.00,0.00,0.00,0.20,3,14.4,31.3,100
2025-04-09T18:00,-0.9,63,-5.8,0.00,0.00,0.00,0.20,3,13.4,31.0,97
2025-04-09T19:00,-1.5,66,-6.4,0.00,0.00,0.00,0.20,3,13.3,28.4,99
2025-04-09T20:00,-2.2,68,-7.1,0.00,0.00,0.00,0.20,3,13.5,27.7,100
2025-04-09T21:00,-2.4,69,-7.4,0.00,0.00,0.00,0.20,3,14.2,29.9,100
2025-04-09T22:00,-2.7,73,-7.8,0.00,0.00,0.00,0.20,3,14.5,30.2,99
2025-04-09T23:00,-3.1,74,-8.2,0.00,0.00,0.00,0.20,3,14.9,31.7,100
2025-04-10T00:00,-3.2,76,-8.2,0.00,0.00,0.00,0.20,3,14.2,31.3,100
2025-04-10T01:00,-3.2,78,-8.1,0.00,0.00,0.00,0.20,3,13.5,30.2,100
2025-04-10T02:00,-3.9,79,-8.7,0.00,0.00,0.00,0.20,3,12.6,28.8,84
2025-04-10T03:00,-4.8,81,-9.6,0.00,0.00,0.00,0.20,3,11.9,26.3,92
2025-04-10T04:00,-4.4,81,-9.0,0.00,0.00,0.00,0.20,3,11.1,23.8,95
2025-04-10T05:00,-4.5,83,-9.0,0.00,0.00,0.00,0.20,3,10.6,22.7,100
2025-04-10T06:00,-4.2,84,-8.7,0.00,0.00,0.00,0.20,3,10.7,21.6,100
2025-04-10T07:00,-3.5,83,-8.0,0.00,0.00,0.00,0.20,3,11.3,23.4,100
2025-04-10T08:00,-2.9,82,-7.4,0.10,0.00,0.07,0.20,71,11.2,23.8,100
2025-04-10T09:00,-2.4,80,-6.7,0.10,0.00,0.07,0.20,71,10.3,23.8,100
2025-04-10T10:00,-1.9,80,-5.9,0.10,0.00,0.07,0.20,71,8.3,22.3,100
2025-04-10T11:00,-1.3,79,-5.5,0.10,0.00,0.07,0.20,71,10.7,22.7,100
2025-04-10T12:00,-0.6,78,-4.9,0.10,0.00,0.07,0.20,71,11.5,31.0,100
2025-04-10T13:00,0.1,77,-4.1,0.00,0.00,0.00,0.20,3,10.3,25.6,100
2025-04-10T14:00,0.4,80,-3.4,0.10,0.00,0.07,0.20,71,8.8,23.4,100
2025-04-10T15:00,0.6,82,-2.7,0.10,0.00,0.07,0.20,71,6.1,19.4,100
2025-04-10T16:00,0.9,82,-1.8,0.10,0.00,0.07,0.20,71,1.9,7.9,100
2025-04-10T17:00,1.0,82,-1.6,0.00,0.00,0.00,0.20,3,0.9,4.3,100
2025-04-10T18:00,0.9,84,-1.7,0.10,0.00,0.07,0.20,71,1.5,2.9,100
2025-04-10T19:00,0.1,88,-2.6,0.10,0.00,0.07,0.20,71,1.7,3.2,100
2025-04-10T20:00,-0.3,90,-3.0,0.00,0.00,0.00,0.20,3,2.3,3.2,100
2025-04-10T21:00,-1.6,92,-4.5,0.00,0.00,0.00,0.20,1,3.1,4.7,48
2025-04-10T22:00,-3.4,96,-6.2,0.00,0.00,0.00,0.20,3,1.5,4.7,100
2025-04-10T23:00,-3.1,96,-6.0,0.00,0.00,0.00,0.20,3,2.0,3.2,81
2025-04-11T00:00,-3.1,97,-6.4,0.00,0.00,0.00,0.20,3,4.5,6.5,90
2025-04-11T01:00,-3.8,97,-7.0,0.00,0.00,0.00,0.20,2,4.0,7.2,71
2025-04-11T02:00,-4.1,98,-7.2,0.00,0.00,0.00,0.20,3,3.1,5.8,100
2025-04-11T03:00,-3.9,98,-7.3,0.00,0.00,0.00,0.20,3,5.4,9.4,99
2025-04-11T04:00,-2.7,99,-5.7,0.00,0.00,0.00,0.20,3,3.6,8.3,100
2025-04-11T05:00,-4.8,97,-8.1,0.00,0.00,0.00,0.20,3,4.1,7.6,100
2025-04-11T06:00,-5.2,97,-8.6,0.00,0.00,0.00,0.20,3,4.0,10.4,100
2025-04-11T07:00,-5.2,97,-8.5,0.00,0.00,0.00,0.20,3,3.4,7.9,100
2025-04-11T08:00,-4.1,98,-7.4,0.00,0.00,0.00,0.20,3,4.0,9.7,100
2025-04-11T09:00,-2.6,96,-5.9,0.00,0.00,0.00,0.20,3,5.4,12.2,99
2025-04-11T10:00,-0.7,92,-4.1,0.00,0.00,0.00,0.20,1,6.6,16.2,27
2025-04-11T11:00,0.7,85,-2.0,0.00,0.00,0.00,0.19,3,6.0,15.1,99
2025-04-11T12:00,1.7,80,-0.8,0.00,0.00,0.00,0.19,3,6.5,14.8,100
2025-04-11T13:00,2.2,74,-1.6,0.00,0.00,0.00,0.19,3,9.0,19.4,100
2025-04-11T14:00,2.3,73,-1.9,0.00,0.00,0.00,0.18,3,11.6,25.9,100
2025-04-11T15:00,2.3,73,-1.8,0.00,0.00,0.00,0.18,3,10.9,25.6,100
2025-04-11T16:00,2.4,72,-1.7,0.00,0.00,0.00,0.18,3,11.4,27.7,100
2025-04-11T17:00,2.4,73,-1.8,0.00,0.00,0.00,0.17,3,11.8,25.6,95
2025-04-11T18:00,1.9,71,-2.7,0.00,0.00,0.00,0.17,3,14.1,30.6,99
2025-04-11T19:00,1.4,71,-3.1,0.00,0.00,0.00,0.17,3,12.7,30.6,100
2025-04-11T20:00,0.8,73,-3.6,0.00,0.00,0.00,0.17,3,12.4,27.4,100
2025-04-11T21:00,0.4,76,-3.9,0.00,0.00,0.00,0.17,3,11.8,26.3,100
2025-04-11T22:00,-0.1,77,-4.4,0.00,0.00,0.00,0.17,3,11.7,25.2,100
2025-04-11T23:00,-0.6,80,-4.9,0.00,0.00,0.00,0.17,3,11.6,24.8,100
2025-04-12T00:00,-0.7,81,-5.1,0.00,0.00,0.00,0.17,3,12.5,26.6,100
2025-04-12T01:00,-0.8,82,-5.3,0.10,0.00,0.07,0.17,71,13.7,29.2,100
2025-04-12T02:00,-0.8,83,-5.4,0.20,0.00,0.14,0.17,71,13.6,29.9,100
2025-04-12T03:00,-0.9,85,-5.4,0.10,0.00,0.07,0.17,71,13.7,29.5,100
2025-04-12T04:00,-1.0,85,-5.3,0.10,0.00,0.07,0.17,71,12.0,26.3,100
2025-04-12T05:00,-1.0,87,-5.3,0.00,0.00,0.00,0.17,2,12.0,25.6,76
2025-04-12T06:00,-1.2,90,-5.5,0.00,0.00,0.00,0.18,3,12.2,27.0,100
2025-04-12T07:00,-0.9,89,-5.2,0.00,0.00,0.00,0.18,3,12.3,26.3,100
2025-04-12T08:00,-1.3,85,-5.8,0.00,0.00,0.00,0.18,3,12.8,30.6,100
2025-04-12T09:00,-1.1,80,-5.7,0.00,0.00,0.00,0.17,3,13.4,33.1,100
2025-04-12T10:00,-1.2,78,-5.8,0.00,0.00,0.00,0.17,3,13.0,34.2,100
2025-04-12T11:00,-1.1,76,-5.6,0.00,0.00,0.00,0.17,3,12.2,33.5,100
2025-04-12T12:00,-0.6,73,-5.2,0.00,0.00,0.00,0.17,3,13.0,29.9,98
2025-04-12T13:00,0.1,68,-4.5,0.00,0.00,0.00,0.17,3,12.2,29.9,89
2025-04-12T14:00,0.6,61,-3.7,0.00,0.00,0.00,0.17,2,11.0,30.2,76
2025-04-12T15:00,1.1,60,-3.0,0.00,0.00,0.00,0.17,3,9.2,28.1,89
2025-04-12T16:00,2.8,45,-1.5,0.00,0.00,0.00,0.17,3,7.9,20.2,100
2025-04-12T17:00,2.6,51,-1.4,0.00,0.00,0.00,0.16,3,7.6,19.8,100
2025-04-12T18:00,2.0,56,-2.0,0.00,0.00,0.00,0.16,3,8.0,18.4,100
2025-04-12T19:00,1.4,63,-3.2,0.00,0.00,0.00,0.16,3,12.3,26.3,100
2025-04-12T20:00,0.6,66,-3.9,0.00,0.00,0.00,0.16,3,11.4,28.1,100
2025-04-12T21:00,0.4,66,-3.9,0.00,0.00,0.00,0.16,3,9.8,24.8,100
2025-04-12T22:00,0.1,71,-4.5,0.20,0.00,0.14,0.16,71,12.9,28.4,100
2025-04-12T23:00,-0.5,80,-4.8,0.50,0.00,0.35,0.16,73,12.0,28.4,100
2025-04-13T00:00,-0.7,84,-5.0,0.60,0.00,0.42,0.17,73,12.2,26.6,100
2025-04-13T01:00,-0.7,87,-4.9,0.50,0.00,0.35,0.17,73,11.6,27.0,100
2025-04-13T02:00,-0.8,90,-4.8,0.60,0.00,0.42,0.17,73,10.8,25.2,100
2025-04-13T03:00,-0.7,91,-4.6,0.40,0.00,0.28,0.17,73,10.6,23.4,100
2025-04-13T04:00,-0.5,92,-4.0,0.20,0.00,0.14,0.17,71,8.1,17.3,100
2025-04-13T05:00,-0.3,93,-3.9,0.10,0.00,0.07,0.17,71,8.6,18.7,99
2025-04-13T06:00,-0.9,93,-4.1,0.00,0.00,0.00,0.17,3,5.8,18.0,89
2025-04-13T07:00,-0.6,94,-3.7,0.00,0.00,0.00,0.17,3,5.4,11.5,94
2025-04-13T08:00,0.4,92,-2.6,0.00,0.00,0.00,0.17,1,5.1,12.6,32
2025-04-13T09:00,1.3,88,-1.7,0.00,0.00,0.00,0.17,3,5.2,12.6,81
2025-04-13T10:00,2.1,84,-0.7,0.00,0.00,0.00,0.17,2,4.1,13.0,66
2025-04-13T11:00,2.8,76,-0.1,0.00,0.00,0.00,0.16,3,4.2,12.2,86
2025-04-13T12:00,3.4,72,1.4,0.00,0.00,0.00,0.16,1,2.8,12.2,39
2025-04-13T13:00,3.9,70,2.3,0.00,0.00,0.00,0.15,0,1.1,9.0,0
2025-04-13T14:00,4.3,69,2.8,0.00,0.00,0.00,0.14,0,1.7,7.9,0
2025-04-13T15:00,4.8,68,2.7,0.00,0.00,0.00,0.14,0,2.2,9.4,0
2025-04-13T16:00,8.5,47,5.6,0.00,0.00,0.00,0.13,0,2.8,13.0,0
2025-04-13T17:00,8.7,45,5.7,0.00,0.00,0.00,0.13,0,2.9,11.9,0
2025-04-13T18:00,8.6,45,5.7,0.00,0.00,0.00,0.13,0,2.5,10.4,0
2025-04-13T19:00,7.7,58,5.4,0.00,0.00,0.00,0.13,0,1.0,5.8,0
2025-04-13T20:00,6.6,56,3.5,0.00,0.00,0.00,0.13,3,5.0,7.2,100
2025-04-13T21:00,5.4,63,2.2,0.00,0.00,0.00,0.13,0,6.5,11.9,11
2025-04-13T22:00,4.3,67,0.8,0.00,0.00,0.00,0.13,0,8.0,15.1,2
2025-04-13T23:00,3.6,67,-0.1,0.00,0.00,0.00,0.13,0,8.5,17.6,5
2025-04-14T00:00,2.6,71,-1.0,0.00,0.00,0.00,0.13,0,7.7,16.9,1
2025-04-14T01:00,1.7,75,-2.0,0.00,0.00,0.00,0.13,0,8.2,16.2,6
2025-04-14T02:00,1.1,76,-2.5,0.00,0.00,0.00,0.13,0,7.7,16.2,2
2025-04-14T03:00,0.7,77,-2.9,0.00,0.00,0.00,0.13,0,7.3,15.1,4
2025-04-14T04:00,1.1,80,-2.2,0.00,0.00,0.00,0.13,0,6.2,12.2,11
2025-04-14T05:00,0.8,82,-2.6,0.00,0.00,0.00,0.13,0,6.6,12.2,15
2025-04-14T06:00,0.7,84,-2.7,0.00,0.00,0.00,0.13,0,6.6,12.6,0
2025-04-14T07:00,1.4,84,-1.8,0.00,0.00,0.00,0.13,0,6.1,12.6,2
2025-04-14T08:00,2.8,82,0.1,0.00,0.00,0.00,0.13,0,4.3,12.2,15
2025-04-14T09:00,4.9,78,2.3,0.00,0.00,0.00,0.13,2,4.5,14.0,51
2025-04-14T10:00,6.9,66,3.6,0.00,0.00,0.00,0.12,2,9.1,23.8,57
2025-04-14T11:00,8.0,59,4.6,0.00,0.00,0.00,0.12,3,11.6,31.0,90
2025-04-14T12:00,9.0,56,5.8,0.00,0.00,0.00,0.11,2,12.2,32.4,78
2025-04-14T13:00,9.8,54,6.9,0.00,0.00,0.00,0.10,3,11.8,32.4,99
2025-04-14T14:00,10.7,50,7.5,0.00,0.00,0.00,0.09,3,12.0,31.7,93
2025-04-14T15:00,11.3,48,7.8,0.00,0.00,0.00,0.08,2,12.1,32.0,76
2025-04-14T16:00,11.7,43,7.6,0.00,0.00,0.00,0.07,0,12.4,31.3,0
2025-04-14T17:00,11.6,43,7.6,0.00,0.00,0.00,0.07,0,12.4,31.3,15
2025-04-14T18:00,11.1,47,7.4,0.00,0.00,0.00,0.06,1,10.7,29.5,39
2025-04-14T19:00,10.1,51,6.5,0.00,0.00,0.00,0.06,0,10.9,24.5,19
2025-04-14T20:00,9.0,55,5.4,0.00,0.00,0.00,0.06,1,10.4,23.4,23
2025-04-14T21:00,8.4,58,4.6,0.00,0.00,0.00,0.06,1,11.7,24.1,36
2025-04-14T22:00,7.9,61,4.2,0.00,0.00,0.00,0.06,3,11.9,24.5,94
2025-04-14T23:00,7.7,63,3.9,0.00,0.00,0.00,0.06,3,12.5,25.6,97
2025-04-15T00:00,7.4,64,3.6,0.00,0.00,0.00,0.06,3,12.4,26.3,100
2025-04-15T01:00,7.1,67,3.3,0.00,0.00,0.00,0.06,3,12.6,26.6,87
2025-04-15T02:00,6.6,70,3.0,0.00,0.00,0.00,0.06,0,11.9,26.3,4
2025-04-15T03:00,6.2,73,2.6,0.00,0.00,0.00,0.06,1,11.3,24.8,37
2025-04-15T04:00,7.7,71,4.4,0.00,0.00,0.00,0.06,3,11.4,23.8,99
2025-04-15T05:00,7.5,72,4.1,0.00,0.00,0.00,0.06,3,11.8,24.1,100
2025-04-15T06:00,7.3,72,3.8,0.00,0.00,0.00,0.06,3,11.9,24.8,100
2025-04-15T07:00,7.7,70,4.3,0.00,0.00,0.00,0.06,3,11.9,25.6,100
2025-04-15T08:00,8.6,68,5.4,0.00,0.00,0.00,0.06,3,10.7,26.6,100
2025-04-15T09:00,9.6,67,6.7,0.00,0.00,0.00,0.05,3,9.8,22.7,100
2025-04-15T10:00,11.2,64,8.4,0.00,0.00,0.00,0.05,3,10.0,25.2,100
2025-04-15T11:00,13.1,57,10.1,0.00,0.00,0.00,0.04,1,11.7,29.5,41
2025-04-15T12:00,14.9,51,12.3,0.00,0.00,0.00,0.04,1,13.0,33.5,41
2025-04-15T13:00,16.5,44,13.5,0.00,0.00,0.00,0.03,3,15.4,37.8,96
2025-04-15T14:00,16.6,42,12.7,0.00,0.00,0.00,0.02,3,16.2,39.2,100
2025-04-15T15:00,16.0,47,12.9,0.00,0.00,0.00,0.02,3,12.0,38.9,100
2025-04-15T16:00,17.1,38,13.2,0.00,0.00,0.00,0.02,3,15.4,38.9,81
2025-04-15T17:00,16.5,43,13.1,0.00,0.00,0.00,0.01,1,12.8,36.0,45
2025-04-15T18:00,15.5,46,12.4,0.00,0.00,0.00,0.01,1,11.3,30.2,29
2025-04-15T19:00,14.5,50,11.5,0.00,0.00,0.00,0.01,1,10.6,25.6,48
2025-04-15T20:00,13.3,54,10.5,0.00,0.00,0.00,0.01,3,9.4,22.7,100
2025-04-15T21:00,12.8,58,10.2,0.00,0.00,0.00,0.01,3,8.6,18.7,95
2025-04-15T22:00,12.0,61,9.5,0.00,0.00,0.00,0.01,3,8.0,16.9,100
2025-04-15T23:00,11.5,63,9.0,0.00,0.00,0.00,0.01,3,7.9,15.8,89
2025-04-16T00:00,10.6,64,8.0,0.00,0.00,0.00,0.01,0,7.6,15.5,17
2025-04-16T01:00,9.4,69,7.2,0.00,0.00,0.00,0.01,0,5.1,14.4,12
2025-04-16T02:00,8.6,72,6.3,0.00,0.00,0.00,0.01,0,5.5,11.2,6
2025-04-16T03:00,7.9,72,5.2,0.00,0.00,0.00,0.01,0,7.0,13.0,7
2025-04-16T04:00,8.8,71,6.5,0.00,0.00,0.00,0.01,0,5.9,13.0,0
2025-04-16T05:00,7.7,76,5.7,0.00,0.00,0.00,0.01,0,3.8,10.8,1
2025-04-16T06:00,7.2,78,5.3,0.00,0.00,0.00,0.01,0,3.1,5.8,1
2025-04-16T07:00,7.7,77,5.9,0.00,0.00,0.00,0.01,0,2.8,6.8,3
2025-04-16T08:00,9.1,77,7.5,0.00,0.00,0.00,0.01,0,3.4,9.7,0
2025-04-16T09:00,11.1,72,9.7,0.00,0.00,0.00,0.01,0,2.5,10.4,0
2025-04-16T10:00,13.2,66,12.0,0.00,0.00,0.00,0.01,0,2.8,11.5,0
2025-04-16T11:00,14.9,61,13.9,0.00,0.00,0.00,0.01,0,4.4,15.5,0
2025-04-16T12:00,16.3,57,15.7,0.00,0.00,0.00,0.00,0,5.2,17.3,0
2025-04-16T13:00,17.5,51,16.8,0.00,0.00,0.00,0.00,0,5.6,18.7,1
2025-04-16T14:00,18.5,44,17.4,0.00,0.00,0.00,0.00,0,6.0,18.7,2
2025-04-16T15:00,19.1,38,17.0,0.00,0.00,0.00,0.00,0,7.0,19.8,0
2025-04-16T16:00,19.9,30,17.0,0.00,0.00,0.00,0.00,0,7.4,19.1,0
2025-04-16T17:00,19.6,32,16.8,0.00,0.00,0.00,0.00,0,7.0,19.1,0
2025-04-16T18:00,18.6,40,16.6,0.00,0.00,0.00,0.00,1,5.0,16.2,49
2025-04-16T19:00,17.3,46,15.4,0.00,0.00,0.00,0.00,1,4.8,10.1,36
2025-04-16T20:00,15.4,52,13.5,0.00,0.00,0.00,0.00,3,5.7,12.6,100
2025-04-16T21:00,14.4,52,12.2,0.00,0.00,0.00,0.00,3,6.4,13.7,100
2025-04-16T22:00,13.5,53,11.1,0.00,0.00,0.00,0.00,3,6.8,13.3,100
2025-04-16T23:00,12.6,55,9.9,0.00,0.00,0.00,0.00,3,7.9,14.8,100
2025-04-17T00:00,11.7,56,8.9,0.00,0.00,0.00,0.00,3,8.4,15.5,100
2025-04-17T01:00,11.0,58,8.2,0.00,0.00,0.00,0.00,3,8.0,15.8,100
2025-04-17T02:00,10.3,59,7.4,0.00,0.00,0.00,0.00,3,7.7,14.8,100
2025-04-17T03:00,9.7,61,6.9,0.00,0.00,0.00,0.00,3,7.7,14.8,100
2025-04-17T04:00,9.5,60,6.7,0.00,0.00,0.00,0.00,3,6.8,14.0,100
2025-04-17T05:00,8.9,63,6.0,0.00,0.00,0.00,0.00,3,7.7,13.7,100
2025-04-17T06:00,8.4,66,5.5,0.00,0.00,0.00,0.00,3,7.3,14.8,100
2025-04-17T07:00,8.6,68,6.2,0.00,0.00,0.00,0.00,3,5.6,13.7,100
2025-04-17T08:00,9.7,69,7.6,0.00,0.00,0.00,0.00,3,4.8,11.9,100
2025-04-17T09:00,11.3,68,9.7,0.00,0.00,0.00,0.00,3,3.5,11.2,99
2025-04-17T10:00,13.8,65,12.5,0.00,0.00,0.00,0.00,3,4.1,13.3,100
2025-04-17T11:00,15.7,56,13.4,0.00,0.00,0.00,0.00,3,10.4,25.6,100
2025-04-17T12:00,14.5,62,12.1,0.00,0.00,0.00,0.00,3,11.4,28.1,100
2025-04-17T13:00,13.9,66,11.6,0.00,0.00,0.00,0.00,3,11.2,26.3,100
2025-04-17T14:00,15.0,64,12.9,0.00,0.00,0.00,0.00,3,11.0,26.3,99
2025-04-17T15:00,17.1,57,14.8,0.00,0.00,0.00,0.00,3,12.9,31.7,100
2025-04-17T16:00,17.7,51,15.1,0.00,0.00,0.00,0.00,3,13.2,32.0,100
2025-04-17T17:00,17.7,51,15.3,0.00,0.00,0.00,0.00,3,11.2,31.0,100
2025-04-17T18:00,16.6,55,14.0,0.00,0.00,0.00,0.00,3,13.5,31.7,100
2025-04-17T19:00,15.1,66,13.5,0.00,0.00,0.00,0.00,3,8.9,31.0,100
2025-04-17T20:00,14.4,70,12.8,0.00,0.00,0.00,0.00,1,9.2,18.0,38
2025-04-17T21:00,13.9,71,12.1,0.00,0.00,0.00,0.00,3,10.0,19.8,86
2025-04-17T22:00,13.4,70,11.3,0.00,0.00,0.00,0.00,3,11.0,22.0,100
2025-04-17T23:00,13.1,67,10.5,0.00,0.00,0.00,0.00,3,12.4,25.2,100
2025-04-18T00:00,12.9,69,10.7,0.00,0.00,0.00,0.00,3,10.2,25.9,100
2025-04-18T01:00,12.4,73,10.9,0.00,0.00,0.00,0.00,3,6.5,20.9,100
2025-04-18T02:00,11.8,76,10.3,0.00,0.00,0.00,0.00,3,5.8,12.2,89
2025-04-18T03:00,11.4,76,9.5,0.00,0.00,0.00,0.00,3,7.7,14.8,100
2025-04-18T04:00,12.1,78,10.2,0.00,0.00,0.00,0.00,3,10.3,22.3,84
2025-04-18T05:00,11.5,79,9.7,0.00,0.00,0.00,0.00,2,8.8,20.5,71
2025-04-18T06:00,11.1,79,9.3,0.00,0.00,0.00,0.00,2,8.1,16.6,66
2025-04-18T07:00,11.6,79,9.9,0.00,0.00,0.00,0.00,2,7.9,16.9,77
2025-04-18T08:00,12.4,79,11.2,0.20,0.20,0.00,0.00,51,6.2,16.9,75
2025-04-18T09:00,13.6,77,12.6,0.20,0.20,0.00,0.00,51,5.6,15.8,40
2025-04-18T10:00,15.5,72,14.8,0.00,0.00,0.00,0.00,2,5.5,16.9,74
2025-04-18T11:00,17.3,67,16.9,0.00,0.00,0.00,0.00,1,5.5,17.6,25
2025-04-18T12:00,19.1,61,19.1,0.00,0.00,0.00,0.00,3,6.5,19.8,100
2025-04-18T13:00,20.7,54,20.6,0.00,0.00,0.00,0.00,3,8.0,22.3,83
2025-04-18T14:00,21.6,48,20.7,0.00,0.00,0.00,0.00,3,8.8,26.3,100
2025-04-18T15:00,21.7,47,20.5,0.00,0.00,0.00,0.00,3,8.2,26.6,100
2025-04-18T16:00,22.4,42,21.3,0.00,0.00,0.00,0.00,1,5.6,18.4,24
2025-04-18T17:00,22.3,43,21.4,0.00,0.00,0.00,0.00,1,4.6,16.2,32
2025-04-18T18:00,21.5,52,21.3,0.00,0.00,0.00,0.00,1,4.0,10.8,21
2025-04-18T19:00,19.6,64,19.7,0.00,0.00,0.00,0.00,1,4.0,7.9,31
2025-04-18T20:00,18.9,60,18.2,0.00,0.00,0.00,0.00,1,6.7,10.4,44
2025-04-18T21:00,17.8,63,16.9,0.00,0.00,0.00,0.00,2,7.5,13.7,63
2025-04-18T22:00,16.9,65,15.6,0.00,0.00,0.00,0.00,3,8.9,16.6,91
2025-04-18T23:00,16.2,66,14.8,0.00,0.00,0.00,0.00,0,9.1,18.4,8
2025-04-19T00:00,15.3,69,14.0,0.00,0.00,0.00,0.00,0,8.9,18.0,9
2025-04-19T01:00,14.5,73,13.1,0.00,0.00,0.00,0.00,1,8.9,18.0,28
2025-04-19T02:00,13.8,75,12.4,0.00,0.00,0.00,0.00,1,8.6,18.4,22
2025-04-19T03:00,12.8,81,11.1,1.20,1.20,0.00,0.00,55,10.6,19.8,58
2025-04-19T04:00,14.3,74,13.0,0.00,0.00,0.00,0.00,0,8.7,23.0,9
2025-04-19T05:00,13.7,77,12.2,0.00,0.00,0.00,0.00,0,9.7,19.8,4
2025-04-19T06:00,13.3,80,11.9,0.00,0.00,0.00,0.00,0,9.5,19.8,6
2025-04-19T07:00,13.9,79,12.7,0.00,0.00,0.00,0.00,0,8.7,20.2,5
2025-04-19T08:00,15.0,76,14.0,0.00,0.00,0.00,0.00,0,8.1,19.4,2
2025-04-19T09:00,16.7,70,16.1,0.00,0.00,0.00,0.00,1,6.9,19.8,34
2025-04-19T10:00,18.0,66,17.4,0.00,0.00,0.00,0.00,0,7.0,21.2,19
2025-04-19T11:00,19.8,60,19.1,0.00,0.00,0.00,0.00,1,8.4,23.0,29
2025-04-19T12:00,21.5,50,20.5,0.00,0.00,0.00,0.00,1,10.4,27.0,27
2025-04-19T13:00,22.8,43,21.4,0.00,0.00,0.00,0.00,1,12.4,31.0,27
2025-04-19T14:00,23.7,37,21.8,0.00,0.00,0.00,0.00,0,13.6,36.7,4
2025-04-19T15:00,23.8,35,21.3,0.00,0.00,0.00,0.00,0,14.4,36.4,7
2025-04-19T16:00,24.1,33,21.5,0.00,0.00,0.00,0.00,0,12.0,30.2,4
2025-04-19T17:00,23.7,36,21.7,0.00,0.00,0.00,0.00,0,9.6,28.4,0
2025-04-19T18:00,22.7,41,21.2,0.00,0.00,0.00,0.00,0,7.6,22.3,0
2025-04-19T19:00,21.1,47,19.9,0.00,0.00,0.00,0.00,0,7.0,16.2,1
2025-04-19T20:00,19.4,52,18.0,0.00,0.00,0.00,0.00,0,8.1,15.1,0
2025-04-19T21:00,18.0,56,16.3,0.00,0.00,0.00,0.00,0,9.9,19.1,0
2025-04-19T22:00,17.0,57,14.9,0.00,0.00,0.00,0.00,0,11.1,22.7,0
2025-04-19T23:00,16.1,59,13.9,0.00,0.00,0.00,0.00,0,11.2,22.7,0
2025-04-20T00:00,15.4,61,13.2,0.00,0.00,0.00,0.00,0,10.9,22.7,2
2025-04-20T01:00,14.6,63,12.4,0.00,0.00,0.00,0.00,0,10.6,22.3,0
2025-04-20T02:00,14.0,65,11.8,0.00,0.00,0.00,0.00,0,10.6,21.2,0
2025-04-20T03:00,13.5,66,11.3,0.00,0.00,0.00,0.00,0,10.2,21.2,0
2025-04-20T04:00,14.4,60,12.1,0.00,0.00,0.00,0.00,0,10.0,20.5,1
2025-04-20T05:00,13.7,62,11.3,0.00,0.00,0.00,0.00,0,10.1,20.2,5
2025-04-20T06:00,13.3,63,10.8,0.00,0.00,0.00,0.00,0,10.5,21.2,15
2025-04-20T07:00,13.8,62,11.5,0.00,0.00,0.00,0.00,1,10.1,21.6,20
2025-04-20T08:00,15.1,62,13.3,0.00,0.00,0.00,0.00,0,8.7,21.6,18
2025-04-20T09:00,17.0,58,15.6,0.00,0.00,0.00,0.00,0,7.0,18.7,3
2025-04-20T10:00,19.2,53,17.9,0.00,0.00,0.00,0.00,0,7.6,20.5,7
2025-04-20T11:00,21.3,43,19.8,0.00,0.00,0.00,0.00,1,9.9,25.6,21
2025-04-20T12:00,22.4,30,19.6,0.00,0.00,0.00,0.00,1,14.7,36.4,24
2025-04-20T13:00,22.8,30,20.2,0.00,0.00,0.00,0.00,0,14.3,37.1,3
2025-04-20T14:00,23.2,28,20.5,0.00,0.00,0.00,0.00,0,13.3,36.0,0
2025-04-20T15:00,23.3,27,20.4,0.00,0.00,0.00,0.00,0,12.7,33.8,0
2025-04-20T16:00,24.2,22,20.6,0.00,0.00,0.00,0.00,0,11.7,29.2,0
2025-04-20T17:00,23.9,23,20.3,0.00,0.00,0.00,0.00,0,11.3,29.5,0
2025-04-20T18:00,22.9,27,19.8,0.00,0.00,0.00,0.00,0,10.2,27.4,0
2025-04-20T19:00,21.2,33,18.4,0.00,0.00,0.00,0.00,0,9.9,22.7,0
2025-04-20T20:00,19.4,38,16.5,0.00,0.00,0.00,0.00,0,10.6,20.9,0
2025-04-20T21:00,18.0,42,15.2,0.00,0.00,0.00,0.00,0,10.6,21.2,0
2025-04-20T22:00,16.8,45,14.1,0.00,0.00,0.00,0.00,0,10.1,20.9,0
2025-04-20T23:00,15.8,48,13.1,0.00,0.00,0.00,0.00,0,9.5,19.8,0
2025-04-21T00:00,14.8,52,12.2,0.00,0.00,0.00,0.00,0,8.9,18.7,0
2025-04-21T01:00,13.9,55,11.5,0.00,0.00,0.00,0.00,0,8.3,17.3,0
2025-04-21T02:00,13.1,57,10.7,0.00,0.00,0.00,0.00,0,7.8,15.8,0
2025-04-21T03:00,12.3,60,9.9,0.00,0.00,0.00,0.00,0,7.8,14.8,0
2025-04-21T04:00,12.5,52,9.7,0.00,0.00,0.00,0.00,0,7.9,15.5,0
2025-04-21T05:00,11.8,54,9.0,0.00,0.00,0.00,0.00,0,8.1,15.5,1
2025-04-21T06:00,11.7,55,8.8,0.00,0.00,0.00,0.00,2,8.6,16.6,50
2025-04-21T07:00,12.6,52,9.7,0.00,0.00,0.00,0.00,3,8.7,18.0,100
2025-04-21T08:00,14.0,51,11.3,0.00,0.00,0.00,0.00,3,8.3,17.3,100
2025-04-21T09:00,16.1,46,13.8,0.00,0.00,0.00,0.00,3,6.8,18.0,100
2025-04-21T10:00,18.7,42,16.5,0.00,0.00,0.00,0.00,3,7.6,20.9,100
2025-04-21T11:00,21.0,37,18.9,0.00,0.00,0.00,0.00,3,9.6,26.6,100
2025-04-21T12:00,22.7,33,20.7,0.00,0.00,0.00,0.00,0,10.9,30.2,16
2025-04-21T13:00,23.8,24,20.6,0.00,0.00,0.00,0.00,2,15.0,40.3,66
2025-04-21T14:00,24.2,22,20.4,0.00,0.00,0.00,0.00,1,16.7,43.2,22
2025-04-21T15:00,24.4,21,20.2,0.00,0.00,0.00,0.00,1,17.1,43.6,27
2025-04-21T16:00,25.5,18,20.9,0.00,0.00,0.00,0.00,1,16.0,40.7,29
2025-04-21T17:00,25.2,18,20.7,0.00,0.00,0.00,0.00,2,15.2,41.0,58
2025-04-21T18:00,24.7,18,20.2,0.00,0.00,0.00,0.00,1,15.5,38.9,39
2025-04-21T19:00,23.5,23,19.5,0.00,0.00,0.00,0.00,2,13.9,38.2,69
2025-04-21T20:00,21.9,27,18.1,0.00,0.00,0.00,0.00,0,13.6,33.5,18
2025-04-21T21:00,20.3,32,16.7,0.00,0.00,0.00,0.00,2,13.6,31.0,70
2025-04-21T22:00,19.1,36,15.5,0.00,0.00,0.00,0.00,0,13.7,31.0,0
2025-04-21T23:00,17.9,39,14.4,0.00,0.00,0.00,0.00,0,13.4,30.2,0
2025-04-22T00:00,16.8,42,13.5,0.00,0.00,0.00,0.00,1,12.7,28.8,47
2025-04-22T01:00,15.4,48,12.6,0.00,0.00,0.00,0.00,0,9.4,27.0,17
2025-04-22T02:00,14.7,51,11.7,0.00,0.00,0.00,0.00,0,11.1,22.7,12
2025-04-22T03:00,14.1,53,11.4,0.00,0.00,0.00,0.00,0,10.1,23.4,17
2025-04-22T04:00,15.0,43,12.2,0.00,0.00,0.00,0.00,0,7.3,16.6,1
2025-04-22T05:00,14.1,47,11.5,0.00,0.00,0.00,0.00,1,6.1,14.8,39
2025-04-22T06:00,13.6,49,10.8,0.00,0.00,0.00,0.00,2,7.8,19.4,64
2025-04-22T07:00,14.4,47,12.8,0.00,0.00,0.00,0.00,0,0.4,15.8,18
2025-04-22T08:00,16.0,45,14.3,0.00,0.00,0.00,0.00,1,1.3,7.6,22
2025-04-22T09:00,17.7,47,16.1,0.00,0.00,0.00,0.00,0,4.6,16.2,19
2025-04-22T10:00,19.1,47,17.7,0.00,0.00,0.00,0.00,0,5.1,18.7,10
2025-04-22T11:00,20.5,44,19.5,0.00,0.00,0.00,0.00,0,5.0,19.1,8
2025-04-22T12:00,21.6,41,21.0,0.00,0.00,0.00,0.00,0,5.5,27.4,8
2025-04-22T13:00,22.4,40,21.6,0.00,0.00,0.00,0.00,1,8.0,28.1,36
2025-04-22T14:00,22.6,38,20.9,0.10,0.10,0.00,0.00,51,9.7,29.2,22
2025-04-22T15:00,22.7,38,20.5,0.00,0.00,0.00,0.00,1,10.3,30.2,21
2025-04-22T16:00,23.7,28,21.1,0.00,0.00,0.00,0.00,0,8.6,29.9,16
2025-04-22T17:00,23.1,28,20.2,0.00,0.00,0.00,0.00,0,9.8,27.4,3
2025-04-22T18:00,22.1,30,18.9,0.00,0.00,0.00,0.00,0,11.4,30.2,13
2025-04-22T19:00,20.8,35,17.7,0.00,0.00,0.00,0.00,1,11.7,30.2,42
2025-04-22T20:00,18.6,45,15.9,0.00,0.00,0.00,0.00,0,12.4,30.6,18
2025-04-22T21:00,16.9,52,14.5,0.00,0.00,0.00,0.00,1,10.5,29.9,24
2025-04-22T22:00,15.6,57,13.2,0.00,0.00,0.00,0.00,3,10.7,24.8,92
2025-04-22T23:00,14.0,64,11.8,0.00,0.00,0.00,0.00,3,10.2,26.3,93
2025-04-23T00:00,12.8,70,10.7,0.00,0.00,0.00,0.00,3,9.3,24.1,100
2025-04-23T01:00,11.9,74,10.0,0.00,0.00,0.00,0.00,3,8.1,22.7,98
2025-04-23T02:00,11.4,76,9.6,0.00,0.00,0.00,0.00,3,7.7,19.1,94
2025-04-23T03:00,11.1,78,9.2,0.00,0.00,0.00,0.00,3,8.4,19.4,80
2025-04-23T04:00,11.9,74,10.0,0.00,0.00,0.00,0.00,2,8.1,17.6,53
2025-04-23T05:00,11.5,78,9.6,0.00,0.00,0.00,0.00,3,8.3,19.4,92
2025-04-23T06:00,11.4,80,9.8,0.00,0.00,0.00,0.00,1,7.3,18.7,26
2025-04-23T07:00,12.0,78,10.7,0.10,0.10,0.00,0.00,51,5.8,16.6,57
2025-04-23T08:00,13.4,73,11.8,0.20,0.20,0.00,0.00,51,8.1,21.6,75
2025-04-23T09:00,15.5,65,13.8,0.00,0.00,0.00,0.00,2,9.9,25.9,63
2025-04-23T10:00,18.2,53,16.5,0.00,0.00,0.00,0.00,1,8.7,26.6,26
2025-04-23T11:00,21.1,44,19.7,0.00,0.00,0.00,0.00,1,8.1,25.6,28
2025-04-23T12:00,23.2,36,21.6,0.00,0.00,0.00,0.00,3,8.9,26.3,82
2025-04-23T13:00,23.8,33,21.3,0.00,0.00,0.00,0.00,2,14.2,41.4,60
2025-04-23T14:00,24.9,25,21.4,0.00,0.00,0.00,0.00,1,12.9,42.5,35
2025-04-23T15:00,25.7,22,21.8,0.00,0.00,0.00,0.00,0,15.2,40.3,19
2025-04-23T16:00,25.9,21,22.0,0.00,0.00,0.00,0.00,1,13.7,38.5,27
2025-04-23T17:00,25.6,20,21.6,0.00,0.00,0.00,0.00,1,14.2,37.1,42
2025-04-23T18:00,25.0,21,21.0,0.00,0.00,0.00,0.00,1,14.6,36.4,37
2025-04-23T19:00,22.6,35,19.7,0.00,0.00,0.00,0.00,1,13.6,38.2,41
2025-04-23T20:00,21.3,40,19.3,0.00,0.00,0.00,0.00,1,8.5,31.7,31
2025-04-23T21:00,20.2,44,18.5,0.00,0.00,0.00,0.00,0,7.2,18.4,16
2025-04-23T22:00,18.9,51,17.4,0.00,0.00,0.00,0.00,0,7.5,16.9,4
2025-04-23T23:00,17.0,61,15.2,0.00,0.00,0.00,0.00,0,11.6,27.0,2
2025-04-24T00:00,15.4,69,13.5,0.00,0.00,0.00,0.00,0,11.7,29.5,4
2025-04-24T01:00,14.1,71,12.1,0.00,0.00,0.00,0.00,0,11.2,27.0,0
2025-04-24T02:00,13.0,72,10.7,0.00,0.00,0.00,0.00,1,11.7,26.6,25
2025-04-24T03:00,11.9,73,9.6,0.00,0.00,0.00,0.00,2,10.9,27.0,72
2025-04-24T04:00,11.5,70,9.3,0.00,0.00,0.00,0.00,0,8.8,24.1,14
2025-04-24T05:00,10.7,74,8.3,0.00,0.00,0.00,0.00,0,9.6,22.7,5
2025-04-24T06:00,10.2,76,8.0,0.00,0.00,0.00,0.00,0,7.9,21.6,7
2025-04-24T07:00,10.3,74,8.1,0.00,0.00,0.00,0.00,0,8.3,22.7,0
2025-04-24T08:00,11.3,67,9.0,0.00,0.00,0.00,0.00,0,7.9,23.0,0
2025-04-24T09:00,12.7,57,10.2,0.00,0.00,0.00,0.00,0,7.4,23.0,17
2025-04-24T10:00,14.1,50,11.4,0.00,0.00,0.00,0.00,1,8.3,25.6,28
2025-04-24T11:00,15.4,45,13.3,0.00,0.00,0.00,0.00,2,8.0,26.6,56
2025-04-24T12:00,16.6,40,14.9,0.00,0.00,0.00,0.00,2,7.1,25.9,77
2025-04-24T13:00,17.6,36,16.0,0.00,0.00,0.00,0.00,1,6.8,24.5,32
2025-04-24T14:00,18.3,34,16.4,0.00,0.00,0.00,0.00,0,7.8,25.9,15
2025-04-24T15:00,18.8,32,16.3,0.00,0.00,0.00,0.00,0,8.8,27.7,11
2025-04-24T16:00,19.4,32,16.5,0.00,0.00,0.00,0.00,0,7.8,25.2,12
2025-04-24T17:00,19.3,32,16.2,0.00,0.00,0.00,0.00,1,9.1,26.6,33
2025-04-24T18:00,18.8,34,15.5,0.00,0.00,0.00,0.00,3,10.5,28.8,80
2025-04-24T19:00,17.8,37,14.4,0.00,0.00,0.00,0.00,3,12.1,30.6,93
2025-04-24T20:00,16.7,39,13.2,0.00,0.00,0.00,0.00,3,12.4,31.0,91
2025-04-24T21:00,15.7,42,12.4,0.00,0.00,0.00,0.00,2,11.1,29.9,58
2025-04-24T22:00,15.0,44,11.8,0.00,0.00,0.00,0.00,1,10.6,25.2,43
2025-04-24T23:00,14.1,47,11.0,0.00,0.00,0.00,0.00,0,10.3,27.0,1
2025-04-25T00:00,13.3,50,10.2,0.00,0.00,0.00,0.00,0,9.9,24.5,2
2025-04-25T01:00,12.4,53,9.3,0.00,0.00,0.00,0.00,1,9.9,22.3,21
2025-04-25T02:00,11.6,55,8.6,0.00,0.00,0.00,0.00,2,8.6,22.0,52
2025-04-25T03:00,11.1,56,8.3,0.00,0.00,0.00,0.00,3,7.7,18.7,82
2025-04-25T04:00,11.3,53,8.2,0.00,0.00,0.00,0.00,2,8.5,17.6,69
2025-04-25T05:00,10.7,56,7.6,0.00,0.00,0.00,0.00,1,8.7,18.7,30
2025-04-25T06:00,10.3,58,7.5,0.00,0.00,0.00,0.00,0,7.5,18.4,5
2025-04-25T07:00,10.7,58,8.0,0.00,0.00,0.00,0.00,0,6.9,18.0,1
2025-04-25T08:00,11.8,55,9.2,0.00,0.00,0.00,0.00,0,6.2,19.1,0
2025-04-25T09:00,13.2,50,10.7,0.00,0.00,0.00,0.00,0,6.3,20.5,0
2025-04-25T10:00,14.9,48,12.7,0.00,0.00,0.00,0.00,0,4.8,20.5,2
2025-04-25T11:00,16.5,43,14.6,0.00,0.00,0.00,0.00,1,6.5,21.2,37
2025-04-25T12:00,17.1,41,14.2,0.10,0.10,0.00,0.00,51,9.2,28.1,32
2025-04-25T13:00,16.6,49,13.7,1.30,1.30,0.00,0.00,61,13.3,36.4,66
2025-04-25T14:00,16.9,44,14.1,1.70,1.70,0.00,0.00,61,9.9,34.9,17
2025-04-25T15:00,16.9,41,13.2,0.00,0.00,0.00,0.00,1,14.9,40.0,30
2025-04-25T16:00,14.4,55,11.1,0.20,0.20,0.00,0.00,51,14.1,43.9,0
2025-04-25T17:00,14.8,49,10.8,0.00,0.00,0.00,0.00,1,17.8,44.3,36
2025-04-25T18:00,13.3,51,9.4,0.00,0.00,0.00,0.00,1,16.3,46.1,25
2025-04-25T19:00,12.2,51,8.1,0.00,0.00,0.00,0.00,1,15.9,40.7,34
2025-04-25T20:00,11.0,53,7.2,0.00,0.00,0.00,0.00,3,13.6,38.9,93
2025-04-25T21:00,10.3,54,6.6,0.00,0.00,0.00,0.00,3,12.4,32.4,100
2025-04-25T22:00,9.4,53,5.0,0.00,0.00,0.00,0.00,3,16.0,38.2,100
2025-04-25T23:00,8.0,40,2.9,0.00,0.00,0.00,0.00,3,16.5,41.4,98
2025-04-26T00:00,6.9,41,1.9,0.00,0.00,0.00,0.00,1,14.7,40.0,35
2025-04-26T01:00,5.7,45,0.9,0.00,0.00,0.00,0.00,0,13.6,35.3,0
2025-04-26T02:00,4.8,48,0.1,0.00,0.00,0.00,0.00,0,12.8,32.0,0
2025-04-26T03:00,3.8,53,-1.2,0.00,0.00,0.00,0.00,0,15.2,34.9,0
2025-04-26T04:00,2.2,68,-2.5,0.00,0.00,0.00,0.00,3,14.9,35.6,92
2025-04-26T05:00,1.8,70,-2.9,0.00,0.00,0.00,0.00,3,14.6,35.6,100
2025-04-26T06:00,1.6,68,-3.3,0.00,0.00,0.00,0.00,3,15.4,37.4,100
2025-04-26T07:00,2.0,61,-3.1,0.00,0.00,0.00,0.00,3,16.1,39.2,100
2025-04-26T08:00,2.1,55,-3.3,0.00,0.00,0.00,0.00,3,17.1,42.1,98
2025-04-26T09:00,2.7,46,-3.2,0.00,0.00,0.00,0.00,2,19.3,46.8,66
2025-04-26T10:00,3.7,43,-2.4,0.00,0.00,0.00,0.00,2,20.5,52.2,79
2025-04-26T11:00,4.3,39,-1.8,0.00,0.00,0.00,0.00,3,20.0,51.5,81
2025-04-26T12:00,4.8,37,-1.3,0.00,0.00,0.00,0.00,3,19.7,50.8,98
2025-04-26T13:00,5.7,31,-0.5,0.00,0.00,0.00,0.00,2,19.9,50.8,76
2025-04-26T14:00,6.9,25,0.6,0.00,0.00,0.00,0.00,2,20.1,51.8,62
2025-04-26T15:00,7.9,21,1.5,0.00,0.00,0.00,0.00,2,20.3,51.8,77
2025-04-26T16:00,6.9,26,0.6,0.00,0.00,0.00,0.00,2,19.6,50.4,67
2025-04-26T17:00,6.6,28,0.5,0.00,0.00,0.00,0.00,3,19.2,49.3,100
2025-04-26T18:00,6.2,32,0.4,0.00,0.00,0.00,0.00,2,17.5,47.2,60
2025-04-26T19:00,5.7,35,0.3,0.00,0.00,0.00,0.00,1,15.7,42.5,37
2025-04-26T20:00,5.0,40,0.2,0.00,0.00,0.00,0.00,0,11.8,37.4,6
2025-04-26T21:00,4.5,42,0.4,0.00,0.00,0.00,0.00,0,7.2,27.4,0
2025-04-26T22:00,4.0,45,-0.2,0.00,0.00,0.00,0.00,1,8.3,18.0,28
2025-04-26T23:00,3.3,49,-0.9,0.00,0.00,0.00,0.00,3,8.4,18.7,80
2025-04-27T00:00,2.6,53,-1.7,0.00,0.00,0.00,0.00,1,9.6,20.5,46
2025-04-27T01:00,1.9,58,-2.4,0.00,0.00,0.00,0.00,0,9.4,21.2,10
2025-04-27T02:00,1.2,63,-3.0,0.00,0.00,0.00,0.00,0,9.9,21.6,17
2025-04-27T03:00,0.7,67,-3.5,0.00,0.00,0.00,0.00,1,9.9,21.6,32
2025-04-27T04:00,0.0,80,-4.0,0.00,0.00,0.00,0.00,2,10.2,23.8,61
2025-04-27T05:00,-0.5,83,-4.5,0.00,0.00,0.00,0.00,2,9.6,23.0,71
2025-04-27T06:00,-0.6,84,-4.4,0.00,0.00,0.00,0.00,2,8.6,21.6,60
2025-04-27T07:00,0.1,78,-4.0,0.00,0.00,0.00,0.00,3,10.1,25.2,90
2025-04-27T08:00,1.4,67,-3.3,0.00,0.00,0.00,0.00,3,13.3,34.2,100
2025-04-27T09:00,2.4,57,-2.3,0.10,0.00,0.07,0.00,71,12.8,38.2,93
2025-04-27T10:00,3.5,53,-1.1,0.00,0.00,0.00,0.00,0,12.4,38.2,14
2025-04-27T11:00,4.7,46,0.1,0.00,0.00,0.00,0.00,3,15.1,41.0,96
2025-04-27T12:00,4.6,42,-0.9,0.00,0.00,0.00,0.00,3,16.8,43.6,96
2025-04-27T13:00,4.9,38,-0.7,0.00,0.00,0.00,0.00,3,16.9,44.3,100
2025-04-27T14:00,5.4,34,-0.4,0.00,0.00,0.00,0.00,3,17.9,45.7,98
2025-04-27T15:00,5.2,33,-0.7,0.00,0.00,0.00,0.00,3,18.0,46.1,96
2025-04-27T16:00,4.8,38,-0.9,0.00,0.00,0.00,0.00,3,17.5,43.9,100
2025-04-27T17:00,4.4,40,-1.4,0.10,0.00,0.07,0.00,71,18.4,45.7,45
2025-04-27T18:00,4.0,42,-1.7,0.10,0.00,0.07,0.00,71,18.3,45.7,33
2025-04-27T19:00,3.5,44,-2.1,0.00,0.00,0.00,0.00,2,17.0,43.2,57
2025-04-27T20:00,3.0,45,-1.7,0.00,0.00,0.00,0.00,1,11.4,39.2,22
2025-04-27T21:00,2.8,45,-1.9,0.00,0.00,0.00,0.00,3,10.6,25.9,100
2025-04-27T22:00,2.5,42,-3.0,0.00,0.00,0.00,0.00,2,16.0,37.1,65
2025-04-27T23:00,1.6,42,-3.7,0.00,0.00,0.00,0.00,0,13.5,37.1,18
2025-04-28T00:00,1.0,46,-3.8,0.00,0.00,0.00,0.00,2,10.9,31.3,79
2025-04-28T01:00,0.8,48,-3.8,0.00,0.00,0.00,0.00,2,9.7,24.8,73
2025-04-28T02:00,0.5,50,-4.1,0.00,0.00,0.00,0.00,3,9.5,22.0,87
2025-04-28T03:00,0.2,51,-4.3,0.00,0.00,0.00,0.00,3,9.2,20.9,96
2025-04-28T04:00,-0.9,60,-5.2,0.00,0.00,0.00,0.00,0,8.6,17.6,0
2025-04-28T05:00,-1.3,63,-5.6,0.00,0.00,0.00,0.00,0,8.9,18.4,0
2025-04-28T06:00,-1.1,64,-5.3,0.00,0.00,0.00,0.00,0,8.1,18.4,0
2025-04-28T07:00,-0.3,63,-4.2,0.00,0.00,0.00,0.00,0,7.1,18.0,10
2025-04-28T08:00,1.3,56,-2.7,0.00,0.00,0.00,0.00,0,7.1,19.8,0
2025-04-28T09:00,2.9,41,-1.8,0.00,0.00,0.00,0.00,0,10.2,27.4,0
2025-04-28T10:00,4.3,34,-0.9,0.00,0.00,0.00,0.00,0,14.6,38.2,9
2025-04-28T11:00,5.6,31,0.7,0.00,0.00,0.00,0.00,2,15.7,40.7,75
2025-04-28T12:00,6.9,28,2.2,0.00,0.00,0.00,0.00,2,16.0,41.8,70
2025-04-28T13:00,7.9,28,3.5,0.00,0.00,0.00,0.00,1,15.0,41.4,29
2025-04-28T14:00,9.4,25,4.8,0.00,0.00,0.00,0.00,3,16.2,42.1,98
2025-04-28T15:00,10.5,25,5.5,0.00,0.00,0.00,0.00,3,16.6,42.1,99
2025-04-28T16:00,11.2,26,5.4,0.00,0.00,0.00,0.00,3,18.8,46.4,100
2025-04-28T17:00,10.3,30,5.1,0.00,0.00,0.00,0.00,1,15.4,46.8,32
2025-04-28T18:00,10.5,31,5.5,0.00,0.00,0.00,0.00,3,14.5,37.1,100
2025-04-28T19:00,10.2,34,5.4,0.00,0.00,0.00,0.00,3,13.4,34.6,100
2025-04-28T20:00,9.6,37,5.5,0.00,0.00,0.00,0.00,2,9.5,31.0,73
2025-04-28T21:00,8.5,43,4.4,0.00,0.00,0.00,0.00,3,9.9,20.9,95
2025-04-28T22:00,8.1,44,3.4,0.00,0.00,0.00,0.00,2,14.1,31.3,57
2025-04-28T23:00,7.5,47,3.0,0.00,0.00,0.00,0.00,3,13.3,35.6,100
2025-04-29T00:00,7.5,49,3.4,0.00,0.00,0.00,0.00,3,10.9,29.9,87
2025-04-29T01:00,6.8,52,2.8,0.00,0.00,0.00,0.00,3,10.7,25.6,100
2025-04-29T02:00,6.7,53,2.6,0.00,0.00,0.00,0.00,3,11.1,25.2,90
2025-04-29T03:00,5.7,56,1.6,0.00,0.00,0.00,0.00,3,11.0,25.2,100
2025-04-29T04:00,6.1,51,2.0,0.00,0.00,0.00,0.00,3,10.3,21.6,96
2025-04-29T05:00,5.6,52,1.3,0.00,0.00,0.00,0.00,3,11.5,23.8,100
2025-04-29T06:00,5.7,51,1.2,0.00,0.00,0.00,0.00,3,12.7,28.1,100
2025-04-29T07:00,6.1,51,1.8,0.00,0.00,0.00,0.00,3,11.2,29.2,100
2025-04-29T08:00,6.9,48,2.3,0.00,0.00,0.00,0.00,3,13.1,31.0,100
2025-04-29T09:00,7.2,48,2.6,0.00,0.00,0.00,0.00,3,14.3,34.6,100
2025-04-29T10:00,7.8,52,3.2,0.00,0.00,0.00,0.00,3,15.0,35.6,100
2025-04-29T11:00,7.7,57,3.0,0.10,0.10,0.00,0.00,51,17.2,40.0,100
2025-04-29T12:00,8.5,56,3.6,0.10,0.10,0.00,0.00,51,19.5,46.1,100
2025-04-29T13:00,8.0,63,3.5,0.20,0.20,0.00,0.00,51,17.2,49.0,100
2025-04-29T14:00,7.9,70,4.2,0.70,0.70,0.00,0.00,53,13.6,40.0,100
2025-04-29T15:00,8.2,70,4.4,0.50,0.50,0.00,0.00,53,15.1,35.6,100
2025-04-29T16:00,11.7,45,6.2,0.00,0.00,0.00,0.00,3,23.2,53.3,80
2025-04-29T17:00,11.0,50,6.3,0.00,0.00,0.00,0.00,3,18.8,55.8,100
2025-04-29T18:00,11.0,55,7.1,0.00,0.00,0.00,0.00,2,14.4,44.3,57
2025-04-29T19:00,11.0,57,6.9,0.00,0.00,0.00,0.00,3,16.3,37.8,90
2025-04-29T20:00,8.7,77,5.3,1.10,1.10,0.00,0.00,55,14.7,47.2,90
2025-04-29T21:00,8.3,80,5.2,0.00,0.00,0.00,0.00,3,13.1,32.8,92
2025-04-29T22:00,7.8,82,4.7,0.00,0.00,0.00,0.00,2,13.1,30.2,58
2025-04-29T23:00,7.3,87,4.1,0.30,0.30,0.00,0.00,51,13.2,31.0,78
2025-04-30T00:00,7.2,87,4.0,0.10,0.10,0.00,0.00,51,13.7,31.0,100
2025-04-30T01:00,7.3,85,4.1,0.00,0.00,0.00,0.00,3,13.7,31.3,100
2025-04-30T02:00,7.3,85,4.0,0.10,0.10,0.00,0.00,51,14.1,32.8,100
2025-04-30T03:00,7.0,87,3.6,0.20,0.20,0.00,0.00,51,14.6,33.8,100
2025-04-30T04:00,7.4,83,4.1,0.00,0.00,0.00,0.00,3,13.6,32.4,100
2025-04-30T05:00,7.3,83,3.5,0.10,0.10,0.00,0.00,51,17.0,38.2,100
2025-04-30T06:00,7.1,83,3.8,0.10,0.10,0.00,0.00,51,13.5,37.1,100
2025-04-30T07:00,7.0,85,3.8,0.30,0.30,0.00,0.00,51,13.0,29.9,100
2025-04-30T08:00,7.2,86,4.1,0.60,0.60,0.00,0.00,53,12.1,29.2,84
2025-04-30T09:00,8.3,74,4.7,0.10,0.10,0.00,0.00,51,14.9,36.4,75
2025-04-30T10:00,9.0,65,5.2,0.00,0.00,0.00,0.00,3,14.6,37.4,100
2025-04-30T11:00,8.9,64,5.0,0.10,0.10,0.00,0.00,51,15.1,38.9,100
2025-04-30T12:00,8.5,64,4.6,0.10,0.10,0.00,0.00,51,14.8,38.5,100
2025-04-30T13:00,7.9,67,4.2,0.00,0.00,0.00,0.00,3,13.4,37.4,100
2025-04-30T14:00,8.0,62,3.9,0.00,0.00,0.00,0.00,3,14.7,37.1,100
2025-04-30T15:00,8.3,56,4.0,0.00,0.00,0.00,0.00,3,14.3,37.8,100
2025-04-30T16:00,10.1,51,6.2,0.00,0.00,0.00,0.00,2,12.9,37.4,50
2025-04-30T17:00,10.3,49,6.5,0.00,0.00,0.00,0.00,3,11.2,33.1,99
2025-04-30T18:00,10.0,49,6.2,0.00,0.00,0.00,0.00,3,10.5,29.2,98
2025-04-30T19:00,9.5,49,6.0,0.00,0.00,0.00,0.00,1,8.3,26.6,30
2025-04-30T20:00,8.7,54,5.5,0.00,0.00,0.00,0.00,3,7.2,20.5,100
2025-04-30T21:00,8.1,57,4.8,0.00,0.00,0.00,0.00,3,8.1,19.1,96
2025-04-30T22:00,7.3,61,4.1,0.00,0.00,0.00,0.00,3,7.1,19.1,94
2025-04-30T23:00,6.9,63,3.9,0.00,0.00,0.00,0.00,3,6.1,15.8,100
2025-05-01T00:00,6.6,63,3.4,0.00,0.00,0.00,0.00,1,7.8,16.9,39
2025-05-01T01:00,6.0,65,2.5,0.00,0.00,0.00,0.00,3,9.4,19.8,98
2025-05-01T02:00,5.8,65,2.2,0.00,0.00,0.00,0.00,3,10.2,22.3,100
2025-05-01T03:00,5.7,67,1.9,0.10,0.10,0.00,0.00,51,11.3,25.2,100
2025-05-01T04:00,5.4,75,1.7,0.60,0.60,0.00,0.00,53,12.2,25.6,100
2025-05-01T05:00,5.1,78,1.5,0.10,0.10,0.00,0.00,51,12.0,27.4,100
2025-05-01T06:00,5.1,82,1.5,0.40,0.40,0.00,0.00,51,13.0,28.4,100
2025-05-01T07:00,5.4,84,2.3,0.10,0.10,0.00,0.00,51,10.1,28.8,100
2025-05-01T08:00,5.7,87,2.6,0.50,0.50,0.00,0.00,53,10.5,20.9,100
2025-05-01T09:00,6.2,89,3.4,0.40,0.40,0.00,0.00,51,10.5,23.0,100
2025-05-01T10:00,7.6,86,5.5,0.40,0.40,0.00,0.00,51,6.2,22.3,100
2025-05-01T11:00,8.6,81,6.8,0.10,0.10,0.00,0.00,51,4.6,16.6,100
2025-05-01T12:00,8.7,78,6.3,1.20,1.20,0.00,0.00,55,8.0,18.7,100
2025-05-01T13:00,7.5,88,4.5,3.00,3.00,0.00,0.00,63,12.8,27.0,100
2025-05-01T14:00,7.0,89,5.0,2.90,2.90,0.00,0.00,63,5.7,27.4,100
2025-05-01T15:00,7.5,85,6.1,1.80,1.80,0.00,0.00,61,1.1,10.8,100
2025-05-01T16:00,8.0,93,5.9,2.30,2.30,0.00,0.00,61,9.0,20.5,100
2025-05-01T17:00,7.2,90,4.3,1.60,1.60,0.00,0.00,61,12.7,25.9,100
2025-05-01T18:00,7.0,93,4.2,0.60,0.60,0.00,0.00,53,12.6,28.1,100
2025-05-01T19:00,6.7,96,4.4,1.20,1.20,0.00,0.00,55,8.7,26.6,100
2025-05-01T20:00,6.5,97,4.2,1.00,1.00,0.00,0.00,55,8.7,17.6,100
2025-05-01T21:00,6.4,97,3.6,1.30,1.30,0.00,0.00,61,12.1,24.5,100
2025-05-01T22:00,5.5,96,1.9,0.90,0.90,0.00,0.00,53,16.2,34.9,100
2025-05-01T23:00,3.4,96,-0.6,0.60,0.60,0.00,0.00,53,15.7,38.9,100
2025-05-02T00:00,2.4,99,-2.0,0.40,0.40,0.00,0.00,51,18.2,37.4,100
2025-05-02T01:00,1.6,98,-3.6,0.70,0.60,0.07,0.00,71,22.3,43.9,100
2025-05-02T02:00,1.3,97,-4.0,0.80,0.30,0.35,0.00,73,22.4,45.0,100
2025-05-02T03:00,1.3,99,-3.7,0.80,0.30,0.35,0.00,73,20.3,42.8,100
2025-05-02T04:00,1.0,94,-3.7,1.30,0.10,0.84,0.01,75,17.1,36.0,100
2025-05-02T05:00,0.9,95,-4.1,2.20,0.10,1.47,0.01,75,19.4,44.6,100
2025-05-02T06:00,1.0,94,-4.0,1.50,0.10,0.98,0.02,75,20.1,45.4,100
2025-05-02T07:00,1.1,93,-3.8,1.00,0.10,0.63,0.02,73,19.0,44.6,100
2025-05-02T08:00,1.3,91,-3.4,0.30,0.10,0.14,0.02,71,17.9,42.1,100
2025-05-02T09:00,1.5,89,-3.3,0.20,0.10,0.07,0.02,71,18.0,41.4,100
2025-05-02T10:00,2.0,86,-2.1,0.10,0.10,0.00,0.02,51,13.8,45.7,100
2025-05-02T11:00,3.1,79,-2.4,0.00,0.00,0.00,0.02,3,22.4,55.1,100
2025-05-02T12:00,4.4,71,-1.2,0.00,0.00,0.00,0.02,3,23.3,54.0,100
2025-05-02T13:00,5.3,67,-0.1,0.00,0.00,0.00,0.01,3,21.5,54.0,99
2025-05-02T14:00,6.0,66,0.9,0.00,0.00,0.00,0.01,3,20.4,52.2,95
2025-05-02T15:00,6.5,64,1.6,0.00,0.00,0.00,0.01,3,18.6,50.8,98
2025-05-02T16:00,7.2,54,2.9,0.00,0.00,0.00,0.01,1,13.6,38.2,42
2025-05-02T17:00,7.7,51,3.7,0.00,0.00,0.00,0.01,1,11.0,34.2,34
2025-05-02T18:00,7.7,50,3.8,0.00,0.00,0.00,0.01,0,10.0,27.7,13
2025-05-02T19:00,7.2,56,4.1,0.00,0.00,0.00,0.01,0,5.4,24.1,2
2025-05-02T20:00,6.2,67,4.0,0.00,0.00,0.00,0.01,0,1.0,11.2,0
2025-05-02T21:00,5.4,66,2.8,0.00,0.00,0.00,0.01,0,2.7,5.0,0
2025-05-02T22:00,4.8,67,1.8,0.00,0.00,0.00,0.01,0,5.0,9.0,0
2025-05-02T23:00,4.3,67,1.0,0.00,0.00,0.00,0.01,0,6.3,11.5,0
2025-05-03T00:00,3.6,67,0.3,0.00,0.00,0.00,0.01,0,5.9,11.5,0
2025-05-03T01:00,3.1,67,-0.4,0.00,0.00,0.00,0.01,0,7.3,13.0,0
2025-05-03T02:00,2.8,66,-0.9,0.00,0.00,0.00,0.01,0,8.3,15.5,0
2025-05-03T03:00,2.5,68,-1.3,0.00,0.00,0.00,0.01,0,8.3,16.2,1
2025-05-03T04:00,2.4,73,-1.4,0.00,0.00,0.00,0.01,0,9.5,18.7,0
2025-05-03T05:00,2.0,74,-1.8,0.00,0.00,0.00,0.01,0,9.6,19.4,14
2025-05-03T06:00,2.3,75,-1.5,0.00,0.00,0.00,0.01,0,9.3,19.1,0
2025-05-03T07:00,3.6,75,-0.1,0.00,0.00,0.00,0.01,0,10.1,21.2,6
2025-05-03T08:00,5.5,71,2.2,0.00,0.00,0.00,0.01,2,8.6,21.6,71
2025-05-03T09:00,8.0,66,4.8,0.00,0.00,0.00,0.01,3,9.7,24.1,100
2025-05-03T10:00,9.9,59,6.6,0.00,0.00,0.00,0.01,3,11.0,28.1,100
2025-05-03T11:00,11.1,55,7.4,0.00,0.00,0.00,0.01,3,13.3,32.0,100
2025-05-03T12:00,11.5,53,7.5,0.00,0.00,0.00,0.01,3,14.9,33.5,100
2025-05-03T13:00,11.4,58,7.7,0.10,0.10,0.00,0.01,51,15.1,37.1,100
2025-05-03T14:00,10.9,65,7.2,0.10,0.10,0.00,0.00,51,16.8,40.0,100
2025-05-03T15:00,10.5,68,6.8,0.00,0.00,0.00,0.00,3,16.6,40.7,81
2025-05-03T16:00,12.8,55,9.0,0.00,0.00,0.00,0.00,3,16.0,43.9,100
2025-05-03T17:00,13.6,55,9.7,0.00,0.00,0.00,0.00,3,17.5,47.5,100
2025-05-03T18:00,13.1,62,10.4,0.00,0.00,0.00,0.00,2,11.6,40.0,54
2025-05-03T19:00,12.6,67,10.4,0.00,0.00,0.00,0.00,2,8.7,27.0,59
2025-05-03T20:00,11.5,73,9.8,0.10,0.10,0.00,0.00,51,5.7,18.7,59
2025-05-03T21:00,10.9,75,9.0,0.00,0.00,0.00,0.00,1,6.6,12.6,33
2025-05-03T22:00,10.4,77,8.3,0.00,0.00,0.00,0.00,2,7.6,13.7,73
2025-05-03T23:00,9.8,79,7.6,0.10,0.10,0.00,0.00,51,8.5,16.6,16
2025-05-04T00:00,9.1,83,6.9,0.00,0.00,0.00,0.00,0,8.6,16.6,11
2025-05-04T01:00,8.5,85,6.3,0.00,0.00,0.00,0.00,1,8.5,17.6,21
2025-05-04T02:00,7.9,86,5.7,0.00,0.00,0.00,0.00,0,7.7,16.6,6
2025-05-04T03:00,7.2,87,4.9,0.00,0.00,0.00,0.00,0,7.4,14.4,1
2025-05-04T04:00,6.9,90,5.1,0.00,0.00,0.00,0.00,2,4.8,10.4,57
2025-05-04T05:00,6.8,89,4.7,0.00,0.00,0.00,0.00,0,6.1,10.8,1
2025-05-04T06:00,7.2,88,5.0,0.00,0.00,0.00,0.00,0,6.9,13.3,0
2025-05-04T07:00,8.5,85,6.3,0.00,0.00,0.00,0.00,0,7.8,14.8,1
2025-05-04T08:00,10.1,79,8.5,0.00,0.00,0.00,0.00,0,4.6,14.8,0
2025-05-04T09:00,12.1,72,10.9,0.00,0.00,0.00,0.00,0,3.1,14.0,0
2025-05-04T10:00,14.1,62,13.4,0.00,0.00,0.00,0.00,2,1.9,12.2,69
2025-05-04T11:00,15.6,51,15.1,0.00,0.00,0.00,0.00,2,1.9,11.2,52
2025-05-04T12:00,16.6,47,15.6,0.00,0.00,0.00,0.00,3,5.7,16.9,99
2025-05-04T13:00,17.2,41,14.4,0.00,0.00,0.00,0.00,3,8.7,22.3,100
2025-05-04T14:00,17.5,39,14.1,0.00,0.00,0.00,0.00,3,12.7,34.6,100
2025-05-04T15:00,17.3,43,14.5,0.00,0.00,0.00,0.00,3,9.8,32.0,100
2025-05-04T16:00,14.8,60,12.7,0.10,0.10,0.00,0.00,51,9.0,36.7,100
2025-05-04T17:00,14.3,64,12.0,0.30,0.30,0.00,0.00,51,11.4,26.3,100
2025-05-04T18:00,12.6,71,11.5,0.90,0.90,0.00,0.00,53,2.4,26.6,100
2025-05-04T19:00,12.0,81,10.6,0.30,0.30,0.00,0.00,51,7.1,14.4,100
2025-05-04T20:00,12.2,82,10.6,0.00,0.00,0.00,0.00,3,9.2,18.4,100
2025-05-04T21:00,12.0,80,9.9,0.40,0.40,0.00,0.00,51,11.3,23.4,100
2025-05-04T22:00,12.4,82,10.5,5.40,5.40,0.00,0.00,63,12.2,28.8,100
2025-05-04T23:00,13.8,90,11.7,0.30,0.30,0.00,0.00,51,18.8,40.3,99
2025-05-05T00:00,13.6,90,11.6,2.50,2.50,0.00,0.00,63,17.8,43.6,89
2025-05-05T01:00,13.6,91,11.6,0.00,0.00,0.00,0.00,3,17.5,38.2,100
2025-05-05T02:00,13.7,92,11.8,0.00,0.00,0.00,0.00,3,18.1,40.7,100
2025-05-05T03:00,13.5,92,11.2,0.00,0.00,0.00,0.00,3,19.6,44.3,100
2025-05-05T04:00,12.9,86,9.9,0.10,0.10,0.00,0.00,51,21.5,49.7,90
2025-05-05T05:00,11.8,86,8.7,0.10,0.10,0.00,0.00,51,19.7,50.8,100
2025-05-05T06:00,11.0,86,8.1,0.00,0.00,0.00,0.00,3,17.5,45.7,100
2025-05-05T07:00,10.5,82,7.5,0.10,0.10,0.00,0.00,51,15.8,45.0,43
2025-05-05T08:00,10.4,73,6.6,0.00,0.00,0.00,0.00,3,19.0,46.4,98
2025-05-05T09:00,10.7,69,6.8,0.00,0.00,0.00,0.00,3,18.5,46.1,97
2025-05-05T10:00,10.8,66,6.7,0.00,0.00,0.00,0.00,3,18.9,46.4,100
2025-05-05T11:00,11.0,61,6.4,0.00,0.00,0.00,0.00,2,21.7,50.8,59
2025-05-05T12:00,12.1,51,6.7,0.00,0.00,0.00,0.00,3,24.7,58.0,84
2025-05-05T13:00,12.0,52,6.9,0.00,0.00,0.00,0.00,3,23.3,58.7,100
2025-05-05T14:00,12.2,52,7.6,0.00,0.00,0.00,0.00,2,19.7,55.4,76
2025-05-05T15:00,12.2,54,7.8,0.00,0.00,0.00,0.00,3,18.6,47.5,100
2025-05-05T16:00,12.3,50,8.1,0.00,0.00,0.00,0.00,3,16.5,40.3,100
2025-05-05T17:00,12.0,52,8.5,0.00,0.00,0.00,0.00,3,12.3,39.6,83
2025-05-05T18:00,11.9,53,8.4,0.00,0.00,0.00,0.00,3,12.0,31.3,100
2025-05-05T19:00,11.2,61,8.5,0.00,0.00,0.00,0.00,2,7.9,28.4,62
2025-05-05T20:00,9.9,73,7.9,0.50,0.50,0.00,0.00,53,6.0,17.3,53
2025-05-05T21:00,9.0,77,6.2,0.00,0.00,0.00,0.00,3,10.9,23.8,99
2025-05-05T22:00,7.6,82,4.4,0.00,0.00,0.00,0.00,3,12.7,29.2,99
2025-05-05T23:00,6.7,88,3.4,0.20,0.20,0.00,0.00,51,13.6,32.0,100
2025-05-06T00:00,6.2,87,2.7,0.10,0.10,0.00,0.00,51,14.8,34.9,100
2025-05-06T01:00,4.4,87,-0.2,0.10,0.10,0.00,0.00,51,19.4,50.0,82
2025-05-06T02:00,3.3,86,-1.2,0.00,0.00,0.00,0.00,2,17.9,49.3,76
2025-05-06T03:00,2.6,85,-2.0,0.10,0.10,0.00,0.00,51,16.7,45.7,95
2025-05-06T04:00,2.6,84,-2.1,0.10,0.10,0.00,0.00,51,17.3,41.8,89
2025-05-06T05:00,2.3,85,-1.7,0.00,0.00,0.00,0.00,2,13.1,38.5,53
2025-05-06T06:00,2.1,86,-1.8,0.00,0.00,0.00,0.00,1,12.1,31.3,44
2025-05-06T07:00,2.5,82,-1.5,0.00,0.00,0.00,0.00,1,12.7,31.0,25
2025-05-06T08:00,3.5,73,-0.5,0.00,0.00,0.00,0.00,1,11.8,32.8,28
2025-05-06T09:00,4.7,63,0.8,0.00,0.00,0.00,0.00,0,10.3,30.2,3
2025-05-06T10:00,6.6,51,2.5,0.00,0.00,0.00,0.00,2,12.4,32.4,71
2025-05-06T11:00,7.7,47,3.6,0.00,0.00,0.00,0.00,3,12.9,33.8,99
2025-05-06T12:00,8.3,45,3.8,0.00,0.00,0.00,0.00,3,13.2,34.2,100
2025-05-06T13:00,8.9,44,4.3,0.00,0.00,0.00,0.00,3,13.8,35.3,100
2025-05-06T14:00,9.2,44,4.7,0.00,0.00,0.00,0.00,3,13.9,35.6,100
2025-05-06T15:00,9.7,43,5.1,0.00,0.00,0.00,0.00,3,14.6,37.1,100
2025-05-06T16:00,10.7,35,6.3,0.00,0.00,0.00,0.00,2,12.0,31.3,78
2025-05-06T17:00,11.0,36,6.8,0.00,0.00,0.00,0.00,3,10.8,31.0,94
2025-05-06T18:00,10.8,37,6.9,0.00,0.00,0.00,0.00,3,9.1,27.0,100
2025-05-06T19:00,10.5,43,7.3,0.00,0.00,0.00,0.00,3,5.7,21.6,99
2025-05-06T20:00,9.9,49,7.1,0.00,0.00,0.00,0.00,3,4.7,12.2,100
2025-05-06T21:00,9.1,54,6.2,0.00,0.00,0.00,0.00,3,6.0,11.2,100
2025-05-06T22:00,8.2,62,5.5,0.00,0.00,0.00,0.00,3,5.6,12.6,100
2025-05-06T23:00,7.7,73,5.9,0.00,0.00,0.00,0.00,3,1.5,10.8,100
2025-05-07T00:00,7.4,74,5.6,0.00,0.00,0.00,0.00,3,1.0,2.2,96
2025-05-07T01:00,7.0,71,4.8,0.00,0.00,0.00,0.00,2,2.8,5.4,68
2025-05-07T02:00,6.5,74,4.2,0.00,0.00,0.00,0.00,3,3.4,6.8,81
2025-05-07T03:00,5.7,77,3.4,0.00,0.00,0.00,0.00,1,3.7,7.2,35
2025-05-07T04:00,4.9,73,2.1,0.00,0.00,0.00,0.00,2,5.2,9.7,53
2025-05-07T05:00,4.4,75,1.4,0.00,0.00,0.00,0.00,3,6.2,11.5,87
2025-05-07T06:00,4.6,75,1.6,0.00,0.00,0.00,0.00,3,6.2,12.2,91
2025-05-07T07:00,5.6,75,3.0,0.00,0.00,0.00,0.00,1,4.2,12.2,40
2025-05-07T08:00,7.5,70,5.3,0.00,0.00,0.00,0.00,1,2.9,10.8,43
2025-05-07T09:00,9.7,62,7.5,0.00,0.00,0.00,0.00,1,3.6,13.3,38
2025-05-07T10:00,11.0,49,8.0,0.10,0.10,0.00,0.00,51,8.0,23.4,25
2025-05-07T11:00,12.2,42,9.5,0.00,0.00,0.00,0.00,0,7.7,23.4,19
2025-05-07T12:00,12.9,37,10.2,0.00,0.00,0.00,0.00,2,8.4,24.5,64
2025-05-07T13:00,13.2,35,9.8,0.00,0.00,0.00,0.00,3,8.9,25.2,100
2025-05-07T14:00,13.2,35,9.5,0.00,0.00,0.00,0.00,3,9.3,25.9,100
2025-05-07T15:00,13.3,36,9.6,0.00,0.00,0.00,0.00,3,9.5,25.9,92
2025-05-07T16:00,13.5,33,9.8,0.00,0.00,0.00,0.00,2,8.7,26.3,73
2025-05-07T17:00,13.3,34,9.7,0.00,0.00,0.00,0.00,3,7.6,24.1,86
2025-05-07T18:00,12.9,37,9.4,0.00,0.00,0.00,0.00,3,7.7,22.7,98
2025-05-07T19:00,11.8,46,8.4,0.00,0.00,0.00,0.00,1,9.3,21.2,34
2025-05-07T20:00,10.2,56,7.0,0.00,0.00,0.00,0.00,0,9.4,22.3,5
2025-05-07T21:00,8.9,65,6.3,0.00,0.00,0.00,0.00,0,6.5,20.2,8
2025-05-07T22:00,8.0,72,5.4,0.00,0.00,0.00,0.00,3,7.1,13.7,86
2025-05-07T23:00,7.5,78,5.3,0.00,0.00,0.00,0.00,1,4.9,15.1,39
2025-05-08T00:00,6.9,82,4.8,0.00,0.00,0.00,0.00,2,4.2,9.4,53
2025-05-08T01:00,6.0,87,3.9,0.00,0.00,0.00,0.00,2,4.9,9.4,55
2025-05-08T02:00,5.3,91,3.2,0.00,0.00,0.00,0.00,0,4.9,10.1,11
2025-05-08T03:00,4.7,94,2.2,0.00,0.00,0.00,0.00,0,6.5,13.0,18
2025-05-08T04:00,5.2,89,2.9,0.00,0.00,0.00,0.00,0,5.8,11.5,2
2025-05-08T05:00,4.4,93,1.6,0.00,0.00,0.00,0.00,0,8.5,17.3,16
2025-05-08T06:00,4.1,91,1.1,0.10,0.10,0.00,0.00,51,8.5,21.6,27
2025-05-08T07:00,4.5,88,1.4,0.10,0.10,0.00,0.00,51,9.7,24.5,36
2025-05-08T08:00,5.4,83,1.9,0.00,0.00,0.00,0.00,2,12.2,30.6,77
2025-05-08T09:00,5.9,79,2.4,0.00,0.00,0.00,0.00,3,12.6,33.1,100
2025-05-08T10:00,6.4,75,2.8,0.00,0.00,0.00,0.00,3,12.2,33.1,100
2025-05-08T11:00,6.7,69,3.0,0.00,0.00,0.00,0.00,3,12.3,32.8,99
2025-05-08T12:00,7.6,62,3.7,0.00,0.00,0.00,0.00,2,13.0,34.6,74
2025-05-08T13:00,8.1,58,4.2,0.00,0.00,0.00,0.00,2,12.6,34.6,59
2025-05-08T14:00,8.6,54,4.6,0.00,0.00,0.00,0.00,2,13.0,34.9,63
2025-05-08T15:00,9.1,50,5.0,0.00,0.00,0.00,0.00,2,13.1,35.3,65
2025-05-08T16:00,8.9,49,4.8,0.00,0.00,0.00,0.00,1,12.2,34.9,36
2025-05-08T17:00,8.8,48,4.7,0.00,0.00,0.00,0.00,1,11.5,32.8,42
2025-05-08T18:00,8.6,48,4.5,0.00,0.00,0.00,0.00,3,11.5,30.2,100
2025-05-08T19:00,7.9,49,3.9,0.00,0.00,0.00,0.00,3,10.5,29.2,99
2025-05-08T20:00,7.3,54,3.6,0.00,0.00,0.00,0.00,3,9.0,28.4,100
2025-05-08T21:00,6.8,58,3.4,0.00,0.00,0.00,0.00,3,7.3,21.2,100
2025-05-08T22:00,6.4,61,3.3,0.00,0.00,0.00,0.00,3,5.8,16.2,99
2025-05-08T23:00,6.0,64,3.3,0.00,0.00,0.00,0.00,3,3.9,12.6,100
2025-05-09T00:00,5.9,65,3.4,0.00,0.00,0.00,0.00,3,1.8,7.9,91
2025-05-09T01:00,5.4,70,2.8,0.00,0.00,0.00,0.00,3,3.7,6.5,92
2025-05-09T02:00,4.7,71,1.4,0.00,0.00,0.00,0.00,2,7.7,17.3,70
2025-05-09T03:00,3.9,71,0.5,0.00,0.00,0.00,0.00,2,8.0,17.3,75
2025-05-09T04:00,3.2,77,0.2,0.00,0.00,0.00,0.00,2,5.5,11.2,53
2025-05-09T05:00,2.6,75,-0.7,0.00,0.00,0.00,0.00,1,6.6,13.0,29
2025-05-09T06:00,2.7,73,-0.5,0.00,0.00,0.00,0.00,0,5.7,14.8,7
2025-05-09T07:00,3.6,69,0.4,0.00,0.00,0.00,0.00,0,6.0,15.8,0
2025-05-09T08:00,5.0,58,1.3,0.00,0.00,0.00,0.00,0,8.1,22.3,0
2025-05-09T09:00,6.3,47,2.0,0.00,0.00,0.00,0.00,1,10.7,27.4,47
2025-05-09T10:00,7.2,45,2.5,0.00,0.00,0.00,0.00,3,13.6,35.6,82
2025-05-09T11:00,8.0,42,3.1,0.00,0.00,0.00,0.00,3,15.0,38.5,99
2025-05-09T12:00,8.3,40,3.3,0.00,0.00,0.00,0.00,3,15.3,38.9,99
2025-05-09T13:00,8.9,38,4.0,0.00,0.00,0.00,0.00,3,15.0,39.6,100
2025-05-09T14:00,8.9,39,3.9,0.00,0.00,0.00,0.00,3,15.4,38.9,100
2025-05-09T15:00,9.1,39,4.2,0.00,0.00,0.00,0.00,3,15.2,38.9,100
2025-05-09T16:00,8.3,48,3.7,0.00,0.00,0.00,0.00,3,15.2,39.6,96
2025-05-09T17:00,7.3,62,3.6,0.00,0.00,0.00,0.00,3,11.4,37.1,100
2025-05-09T18:00,7.3,63,4.0,0.00,0.00,0.00,0.00,2,8.5,28.8,61
2025-05-09T19:00,7.0,64,3.8,0.00,0.00,0.00,0.00,1,8.0,25.9,43
2025-05-09T20:00,6.2,72,3.4,0.00,0.00,0.00,0.00,1,6.1,20.5,43
2025-05-09T21:00,5.8,75,2.9,0.00,0.00,0.00,0.00,0,6.8,13.7,11
2025-05-09T22:00,5.2,78,2.3,0.00,0.00,0.00,0.00,0,7.5,14.8,4
2025-05-09T23:00,4.5,82,1.5,0.00,0.00,0.00,0.00,2,7.4,15.1,50
2025-05-10T00:00,3.8,85,1.1,0.00,0.00,0.00,0.00,1,5.6,14.8,32
2025-05-10T01:00,3.3,88,0.9,0.00,0.00,0.00,0.00,1,2.8,10.4,40
2025-05-10T02:00,2.9,89,0.5,0.00,0.00,0.00,0.00,3,3.3,6.8,98
2025-05-10T03:00,2.6,90,-0.1,0.00,0.00,0.00,0.00,3,5.5,10.4,100
2025-05-10T04:00,2.1,91,-0.7,0.00,0.00,0.00,0.00,3,5.6,11.5,100
2025-05-10T05:00,1.9,91,-0.8,0.00,0.00,0.00,0.00,3,4.3,10.4,100
2025-05-10T06:00,2.2,90,-0.6,0.00,0.00,0.00,0.00,3,4.9,9.4,100
2025-05-10T07:00,3.3,83,0.7,0.00,0.00,0.00,0.00,3,3.4,10.8,100
2025-05-10T08:00,5.0,74,2.1,0.00,0.00,0.00,0.00,3,5.7,17.3,100
2025-05-10T09:00,6.5,62,2.9,0.00,0.00,0.00,0.00,3,9.1,25.6,100
2025-05-10T10:00,8.1,49,3.8,0.00,0.00,0.00,0.00,3,12.9,33.8,100
2025-05-10T11:00,8.7,48,4.6,0.00,0.00,0.00,0.00,3,13.2,35.6,100
2025-05-10T12:00,9.0,48,4.8,0.00,0.00,0.00,0.00,3,13.0,35.6,100
2025-05-10T13:00,9.4,47,5.0,0.00,0.00,0.00,0.00,3,13.8,37.1,99
2025-05-10T14:00,9.5,47,5.1,0.10,0.10,0.00,0.00,51,14.1,37.4,90
2025-05-10T15:00,9.1,49,4.6,0.00,0.00,0.00,0.00,3,15.1,39.2,99
2025-05-10T16:00,10.0,38,5.0,0.00,0.00,0.00,0.00,2,15.5,40.0,78
2025-05-10T17:00,9.7,42,4.9,0.00,0.00,0.00,0.00,3,15.5,40.3,98
2025-05-10T18:00,8.4,53,4.2,0.10,0.10,0.00,0.00,51,13.9,38.9,72
2025-05-10T19:00,6.2,76,2.7,1.40,1.40,0.00,0.00,61,11.6,35.6,65
2025-05-10T20:00,6.1,76,2.6,0.20,0.20,0.00,0.00,51,11.9,27.0,58
2025-05-10T21:00,5.3,79,1.8,0.00,0.00,0.00,0.00,1,11.5,28.1,23
2025-05-10T22:00,4.6,84,1.1,0.00,0.00,0.00,0.00,1,11.9,27.0,42
2025-05-10T23:00,4.1,88,0.7,0.00,0.00,0.00,0.00,2,11.1,27.0,55
2025-05-11T00:00,3.9,86,0.4,0.00,0.00,0.00,0.00,3,10.8,25.2,100
2025-05-11T01:00,3.8,84,0.2,0.00,0.00,0.00,0.00,3,11.1,25.6,100
2025-05-11T02:00,3.6,83,-0.1,0.00,0.00,0.00,0.00,3,11.6,27.7,83
2025-05-11T03:00,3.1,86,-0.7,0.00,0.00,0.00,0.00,3,12.3,28.4,100
2025-05-11T04:00,2.7,85,-1.1,0.00,0.00,0.00,0.00,1,11.9,27.4,29
2025-05-11T05:00,2.4,88,-1.5,0.00,0.00,0.00,0.00,3,12.4,29.2,100
2025-05-11T06:00,3.1,85,-1.2,0.00,0.00,0.00,0.00,3,16.2,37.1,100
2025-05-11T07:00,3.6,84,-0.5,0.00,0.00,0.00,0.00,3,14.3,37.4,100
2025-05-11T08:00,3.8,85,-0.2,0.00,0.00,0.00,0.00,3,14.2,34.6,100
2025-05-11T09:00,4.0,85,-0.2,0.10,0.10,0.00,0.00,51,16.2,37.8,100
2025-05-11T10:00,5.6,72,1.3,0.10,0.10,0.00,0.00,51,15.8,40.7,94
2025-05-11T11:00,7.0,66,2.8,0.10,0.10,0.00,0.00,51,15.1,40.7,82
2025-05-11T12:00,8.2,56,3.8,0.00,0.00,0.00,0.00,3,15.5,41.8,100
2025-05-11T13:00,8.4,53,3.8,0.00,0.00,0.00,0.00,3,16.1,41.8,100
2025-05-11T14:00,8.3,51,3.6,0.00,0.00,0.00,0.00,3,16.7,42.8,100
2025-05-11T15:00,8.0,54,3.4,0.10,0.10,0.00,0.00,51,16.0,46.1,100
2025-05-11T16:00,8.2,46,3.3,0.00,0.00,0.00,0.00,3,16.4,41.8,100
2025-05-11T17:00,7.6,51,2.8,0.10,0.10,0.00,0.00,51,16.3,41.0,100
2025-05-11T18:00,6.2,66,1.9,0.10,0.10,0.00,0.00,51,14.6,40.3,100
2025-05-11T19:00,5.1,76,1.6,0.30,0.30,0.00,0.00,51,10.5,35.6,100
2025-05-11T20:00,4.7,79,1.3,0.20,0.20,0.00,0.00,51,9.9,26.3,100
2025-05-11T21:00,4.4,82,1.0,0.10,0.10,0.00,0.00,51,10.4,24.8,100
2025-05-11T22:00,4.1,84,0.7,0.00,0.00,0.00,0.00,3,10.4,24.8,100
2025-05-11T23:00,3.8,84,0.2,0.00,0.00,0.00,0.00,3,11.1,25.9,99
2025-05-12T00:00,3.5,85,-0.2,0.00,0.00,0.00,0.00,3,11.6,26.3,100
2025-05-12T01:00,3.4,85,-0.3,0.20,0.20,0.00,0.00,51,11.4,27.0,100
2025-05-12T02:00,3.1,87,-0.5,0.30,0.30,0.00,0.00,51,11.1,27.0,100
2025-05-12T03:00,3.0,87,-0.8,0.10,0.10,0.00,0.00,51,12.1,27.7,100
2025-05-12T04:00,1.4,96,-2.1,0.50,0.40,0.07,0.00,71,10.6,24.5,100
2025-05-12T05:00,1.6,95,-1.9,0.20,0.20,0.00,0.00,51,10.5,23.4,100
2025-05-12T06:00,1.7,95,-2.0,0.20,0.20,0.00,0.00,51,11.6,25.9,100
2025-05-12T07:00,2.0,93,-2.0,0.30,0.30,0.00,0.00,51,14.0,29.5,100
2025-05-12T08:00,2.4,91,-1.5,0.20,0.20,0.00,0.00,51,13.8,31.3,100
2025-05-12T09:00,2.8,89,-1.2,0.40,0.40,0.00,0.00,51,14.0,32.0,100
2025-05-12T10:00,3.4,86,-0.5,0.40,0.40,0.00,0.00,51,13.5,32.4,100
2025-05-12T11:00,4.6,79,0.7,0.30,0.30,0.00,0.00,51,13.6,33.1,100
2025-05-12T12:00,5.4,75,1.6,0.30,0.30,0.00,0.00,51,13.0,32.8,100
2025-05-12T13:00,6.6,69,2.9,0.30,0.30,0.00,0.00,51,12.2,31.7,100
2025-05-12T14:00,7.0,69,3.6,0.10,0.10,0.00,0.00,51,10.3,30.2,93
2025-05-12T15:00,7.3,68,4.1,0.00,0.00,0.00,0.00,3,8.9,26.3,97
2025-05-12T16:00,9.1,53,5.2,0.00,0.00,0.00,0.00,3,12.3,33.5,86
2025-05-12T17:00,8.9,55,5.3,0.00,0.00,0.00,0.00,2,10.2,30.6,63
2025-05-12T18:00,8.2,63,5.1,0.20,0.20,0.00,0.00,51,8.3,25.9,83
2025-05-12T19:00,8.1,63,5.4,0.00,0.00,0.00,0.00,1,5.6,20.9,47
2025-05-12T20:00,7.7,67,5.3,0.00,0.00,0.00,0.00,1,4.4,13.7,32
2025-05-12T21:00,7.2,70,4.8,0.00,0.00,0.00,0.00,0,4.3,8.6,11
2025-05-12T22:00,6.4,75,3.9,0.00,0.00,0.00,0.00,0,5.0,9.7,4
2025-05-12T23:00,5.8,79,3.5,0.00,0.00,0.00,0.00,0,3.6,9.4,4
2025-05-13T00:00,5.2,81,2.7,0.00,0.00,0.00,0.00,0,5.4,9.7,2
2025-05-13T01:00,4.7,84,2.2,0.00,0.00,0.00,0.00,0,4.4,10.8,8
2025-05-13T02:00,3.9,87,1.7,0.00,0.00,0.00,0.00,0,3.1,7.2,1
2025-05-13T03:00,3.4,89,1.1,0.00,0.00,0.00,0.00,0,2.9,5.0,0
2025-05-13T04:00,3.6,90,1.6,0.00,0.00,0.00,0.00,0,1.3,2.2,0
2025-05-13T05:00,3.2,92,0.8,0.00,0.00,0.00,0.00,0,4.5,7.6,3
2025-05-13T06:00,3.8,90,1.3,0.00,0.00,0.00,0.00,0,4.5,9.0,6
2025-05-13T07:00,5.2,85,3.2,0.00,0.00,0.00,0.00,2,2.8,8.6,64
2025-05-13T08:00,7.0,78,4.9,0.00,0.00,0.00,0.00,3,3.4,11.5,100
2025-05-13T09:00,7.7,73,5.3,0.00,0.00,0.00,0.00,3,5.0,14.4,100
2025-05-13T10:00,7.4,75,4.9,0.20,0.20,0.00,0.00,51,5.8,14.8,100
2025-05-13T11:00,7.5,75,4.9,0.30,0.30,0.00,0.00,51,7.0,17.3,100
2025-05-13T12:00,7.5,70,4.4,0.60,0.60,0.00,0.00,53,9.2,22.3,100
2025-05-13T13:00,7.3,73,4.4,0.80,0.80,0.00,0.00,53,8.4,22.3,100
2025-05-13T14:00,7.1,74,4.2,1.10,1.10,0.00,0.00,55,7.9,22.0,100
2025-05-13T15:00,6.9,82,4.3,1.40,1.40,0.00,0.00,61,7.6,20.9,100
2025-05-13T16:00,8.4,68,5.8,0.20,0.20,0.00,0.00,51,6.3,19.8,100
2025-05-13T17:00,8.8,67,6.4,0.10,0.10,0.00,0.00,51,5.5,17.3,100
2025-05-13T18:00,8.7,67,6.2,0.10,0.10,0.00,0.00,51,5.2,15.8,100
2025-05-13T19:00,8.3,72,6.0,0.20,0.20,0.00,0.00,51,5.2,13.7,100
2025-05-13T20:00,7.7,79,5.5,0.20,0.20,0.00,0.00,51,5.2,11.9,100
2025-05-13T21:00,6.9,84,4.9,0.60,0.60,0.00,0.00,53,4.5,10.4,100
2025-05-13T22:00,6.7,88,4.6,0.90,0.90,0.00,0.00,53,5.7,11.2,99
2025-05-13T23:00,6.1,92,4.1,0.40,0.40,0.00,0.00,51,5.1,11.2,95
2025-05-14T00:00,5.5,93,3.2,0.10,0.10,0.00,0.00,51,6.7,13.3,100
2025-05-14T01:00,4.9,94,2.4,0.00,0.00,0.00,0.00,3,6.8,13.7,100
2025-05-14T02:00,4.7,94,2.2,0.00,0.00,0.00,0.00,3,6.9,14.4,100
2025-05-14T03:00,4.5,95,1.9,0.10,0.10,0.00,0.00,51,7.6,15.1,100
2025-05-14T04:00,4.6,95,1.6,0.00,0.00,0.00,0.00,3,9.8,21.2,100
2025-05-14T05:00,4.8,92,1.6,0.00,0.00,0.00,0.00,3,11.2,23.0,100
2025-05-14T06:00,5.3,88,2.4,0.00,0.00,0.00,0.00,1,9.8,23.0,31
2025-05-14T07:00,6.6,87,4.1,0.00,0.00,0.00,0.00,0,8.1,20.5,5
2025-05-14T08:00,7.9,84,5.5,0.00,0.00,0.00,0.00,0,8.4,22.3,17
2025-05-14T09:00,9.4,75,6.9,0.00,0.00,0.00,0.00,0,8.8,24.8,5
2025-05-14T10:00,10.6,68,8.4,0.10,0.10,0.00,0.00,51,8.8,27.0,8
2025-05-14T11:00,11.6,61,10.0,0.10,0.10,0.00,0.00,51,8.1,27.0,99
2025-05-14T12:00,12.1,57,9.9,0.10,0.10,0.00,0.00,51,7.9,25.9,100
2025-05-14T13:00,12.0,55,9.2,0.10,0.10,0.00,0.00,51,8.2,24.8,100
2025-05-14T14:00,12.1,54,9.3,0.10,0.10,0.00,0.00,51,7.6,23.4,97
2025-05-14T15:00,12.7,52,10.3,0.00,0.00,0.00,0.00,1,5.0,22.0,49
2025-05-14T16:00,11.4,61,8.4,0.00,0.00,0.00,0.00,2,10.4,29.2,55
2025-05-14T17:00,11.6,60,8.9,0.20,0.20,0.00,0.00,51,8.3,28.1,38
2025-05-14T18:00,11.5,58,8.9,0.00,0.00,0.00,0.00,1,7.7,23.8,24
2025-05-14T19:00,11.2,60,8.7,0.00,0.00,0.00,0.00,2,6.9,20.5,50
2025-05-14T20:00,10.4,66,8.1,0.00,0.00,0.00,0.00,3,6.7,16.6,88
2025-05-14T21:00,9.3,73,7.0,0.00,0.00,0.00,0.00,2,6.9,14.0,77
2025-05-14T22:00,8.4,79,6.2,0.00,0.00,0.00,0.00,1,6.8,14.0,33
2025-05-14T23:00,7.7,83,5.6,0.00,0.00,0.00,0.00,0,6.2,13.3,2
2025-05-15T00:00,6.9,87,4.6,0.00,0.00,0.00,0.00,0,6.9,13.3,0
2025-05-15T01:00,6.2,89,3.9,0.00,0.00,0.00,0.00,0,6.7,13.7,0
2025-05-15T02:00,5.6,91,3.2,0.00,0.00,0.00,0.00,2,6.8,13.0,64
2025-05-15T03:00,5.2,93,2.7,0.00,0.00,0.00,0.00,2,7.0,14.4,70
2025-05-15T04:00,5.6,87,3.3,0.00,0.00,0.00,0.00,0,5.7,11.5,0
2025-05-15T05:00,5.2,88,2.8,0.00,0.00,0.00,0.00,0,5.9,10.8,0
2025-05-15T06:00,5.5,88,3.0,0.00,0.00,0.00,0.00,0,6.8,14.4,0
2025-05-15T07:00,6.8,85,4.8,0.00,0.00,0.00,0.00,0,4.2,13.3,0
2025-05-15T08:00,8.6,81,6.8,0.00,0.00,0.00,0.00,3,4.3,14.0,84
2025-05-15T09:00,10.6,74,8.8,0.00,0.00,0.00,0.00,3,5.8,17.6,100
2025-05-15T10:00,12.3,67,10.4,0.00,0.00,0.00,0.00,2,6.9,20.2,59
2025-05-15T11:00,14.3,49,12.4,0.00,0.00,0.00,0.00,0,9.6,29.2,10
2025-05-15T12:00,15.1,41,13.1,0.00,0.00,0.00,0.00,0,10.6,29.9,9
2025-05-15T13:00,15.6,38,13.3,0.00,0.00,0.00,0.00,0,11.1,30.6,16
2025-05-15T14:00,16.1,37,13.5,0.00,0.00,0.00,0.00,1,10.9,31.0,31
2025-05-15T15:00,16.4,36,13.3,0.10,0.10,0.00,0.00,51,13.4,34.6,77
2025-05-15T16:00,16.9,32,13.0,0.00,0.00,0.00,0.00,3,11.8,34.6,100
2025-05-15T17:00,16.9,34,13.3,0.00,0.00,0.00,0.00,2,11.3,29.2,63
2025-05-15T18:00,15.8,43,12.3,0.00,0.00,0.00,0.00,2,13.2,34.6,78
2025-05-15T19:00,15.4,48,13.1,0.00,0.00,0.00,0.00,2,6.5,29.9,67
2025-05-15T20:00,14.5,54,12.3,0.00,0.00,0.00,0.00,2,6.8,14.0,56
2025-05-15T21:00,13.4,58,11.0,0.00,0.00,0.00,0.00,1,8.3,15.5,29
2025-05-15T22:00,12.7,62,10.2,0.00,0.00,0.00,0.00,3,9.8,19.8,100
2025-05-15T23:00,12.6,64,10.0,0.00,0.00,0.00,0.00,2,10.7,23.0,51
2025-05-16T00:00,11.3,71,9.0,0.00,0.00,0.00,0.00,3,9.1,23.4,100
2025-05-16T01:00,10.6,77,8.5,0.00,0.00,0.00,0.00,2,8.7,18.7,60
2025-05-16T02:00,10.1,81,8.1,0.00,0.00,0.00,0.00,1,8.1,17.6,31
2025-05-16T03:00,9.7,84,7.7,0.00,0.00,0.00,0.00,3,7.9,16.9,96
2025-05-16T04:00,10.4,79,8.3,0.00,0.00,0.00,0.00,2,8.8,17.3,58
2025-05-16T05:00,10.3,80,8.2,0.00,0.00,0.00,0.00,0,8.9,18.0,18
2025-05-16T06:00,10.8,78,8.6,0.00,0.00,0.00,0.00,3,9.6,20.5,87
2025-05-16T07:00,11.8,74,10.0,0.00,0.00,0.00,0.00,3,7.7,20.5,100
2025-05-16T08:00,12.8,70,10.9,0.00,0.00,0.00,0.00,3,8.1,20.5,100
2025-05-16T09:00,14.1,66,12.3,0.00,0.00,0.00,0.00,3,8.1,22.0,85
2025-05-16T10:00,15.8,62,14.3,0.00,0.00,0.00,0.00,0,8.1,23.4,4
2025-05-16T11:00,17.4,57,16.8,0.00,0.00,0.00,0.00,0,8.9,25.9,1
2025-05-16T12:00,18.6,51,17.7,0.00,0.00,0.00,0.00,1,11.7,38.2,30
2025-05-16T13:00,19.3,46,17.4,0.00,0.00,0.00,0.00,1,13.2,38.2,41
2025-05-16T14:00,19.9,43,18.0,0.00,0.00,0.00,0.00,3,14.2,37.1,95
2025-05-16T15:00,19.9,43,17.2,0.00,0.00,0.00,0.00,3,14.2,38.9,100
2025-05-16T16:00,21.4,31,18.2,0.00,0.00,0.00,0.00,3,14.2,36.7,100
2025-05-16T17:00,20.6,36,17.1,0.00,0.00,0.00,0.00,3,15.0,37.4,99
2025-05-16T18:00,20.0,39,17.0,0.00,0.00,0.00,0.00,3,13.1,36.7,100
2025-05-16T19:00,19.4,43,17.0,0.00,0.00,0.00,0.00,3,10.4,30.6,100
2025-05-16T20:00,18.4,49,16.5,0.00,0.00,0.00,0.00,3,8.3,23.4,100
2025-05-16T21:00,17.2,57,15.7,0.00,0.00,0.00,0.00,3,7.2,17.6,100
2025-05-16T22:00,16.3,63,14.9,0.00,0.00,0.00,0.00,3,7.4,14.0,100
2025-05-16T23:00,15.5,63,13.9,0.00,0.00,0.00,0.00,3,8.0,15.8,100
2025-05-17T00:00,14.9,62,13.2,0.00,0.00,0.00,0.00,3,7.3,15.8,100
2025-05-17T01:00,13.9,66,12.6,0.00,0.00,0.00,0.00,3,4.2,13.7,100
2025-05-17T02:00,13.0,72,12.1,0.00,0.00,0.00,0.00,3,2.3,6.8,100
2025-05-17T03:00,12.6,69,11.1,0.00,0.00,0.00,0.00,3,5.3,9.7,100
2025-05-17T04:00,12.0,68,10.3,0.00,0.00,0.00,0.00,3,5.0,9.4,100
2025-05-17T05:00,11.5,70,9.8,0.00,0.00,0.00,0.00,3,4.8,9.7,100
2025-05-17T06:00,11.8,69,10.0,0.00,0.00,0.00,0.00,3,5.9,11.5,100
2025-05-17T07:00,12.8,67,11.2,0.00,0.00,0.00,0.00,3,5.2,13.0,100
2025-05-17T08:00,14.0,63,12.5,0.00,0.00,0.00,0.00,3,4.7,13.3,100
2025-05-17T09:00,15.6,58,14.0,0.00,0.00,0.00,0.00,3,5.7,16.6,100
2025-05-17T10:00,17.2,53,15.3,0.00,0.00,0.00,0.00,3,7.8,21.6,100
2025-05-17T11:00,18.8,47,17.0,0.00,0.00,0.00,0.00,3,9.4,25.9,100
2025-05-17T12:00,19.8,40,17.2,0.00,0.00,0.00,0.00,3,13.1,37.1,100
2025-05-17T13:00,19.9,39,16.6,0.00,0.00,0.00,0.00,3,15.6,41.4,100
2025-05-17T14:00,19.4,41,16.1,0.00,0.00,0.00,0.00,3,15.8,43.6,100
2025-05-17T15:00,19.5,42,16.7,0.00,0.00,0.00,0.00,3,12.7,38.9,100
2025-05-17T16:00,20.4,36,17.3,0.00,0.00,0.00,0.00,3,12.4,34.9,100
2025-05-17T17:00,20.7,36,16.6,0.00,0.00,0.00,0.00,3,19.8,45.0,100
2025-05-17T18:00,18.7,45,16.1,0.00,0.00,0.00,0.00,3,12.1,49.0,100
2025-05-17T19:00,18.6,47,16.2,0.00,0.00,0.00,0.00,3,11.4,28.4,100
2025-05-17T20:00,17.7,52,15.0,0.00,0.00,0.00,0.00,3,14.5,34.9,100
2025-05-17T21:00,16.9,58,15.1,0.00,0.00,0.00,0.00,3,9.8,33.1,100
2025-05-17T22:00,16.2,61,14.5,0.00,0.00,0.00,0.00,3,8.9,22.3,100
2025-05-17T23:00,15.7,62,13.9,0.00,0.00,0.00,0.00,3,9.4,19.8,100
2025-05-18T00:00,15.4,62,13.5,0.00,0.00,0.00,0.00,3,9.4,19.8,100
2025-05-18T01:00,15.2,63,13.2,0.00,0.00,0.00,0.00,3,9.8,20.9,100
2025-05-18T02:00,14.8,64,12.8,0.00,0.00,0.00,0.00,3,9.9,21.2,100
2025-05-18T03:00,14.8,63,12.9,0.00,0.00,0.00,0.00,3,8.9,20.9,100
2025-05-18T04:00,14.6,63,12.4,0.00,0.00,0.00,0.00,3,11.2,23.4,99
2025-05-18T05:00,14.5,62,12.0,0.00,0.00,0.00,0.00,3,12.5,27.4,100
2025-05-18T06:00,15.1,57,12.3,0.00,0.00,0.00,0.00,3,13.3,29.5,100
2025-05-18T07:00,15.4,55,12.5,0.00,0.00,0.00,0.00,3,14.0,32.8,100
2025-05-18T08:00,15.6,56,12.9,0.00,0.00,0.00,0.00,3,13.0,32.0,100
2025-05-18T09:00,16.8,52,14.3,0.00,0.00,0.00,0.00,3,11.6,30.6,97
2025-05-18T10:00,17.8,49,15.1,0.00,0.00,0.00,0.00,3,12.9,32.4,100
2025-05-18T11:00,20.0,40,16.9,0.00,0.00,0.00,0.00,3,14.2,36.0,100
2025-05-18T12:00,20.5,37,17.0,0.00,0.00,0.00,0.00,3,15.6,40.3,100
2025-05-18T13:00,20.6,34,16.7,0.00,0.00,0.00,0.00,3,16.8,40.0,84
2025-05-18T14:00,21.8,32,17.4,0.00,0.00,0.00,0.00,3,20.7,50.8,98
2025-05-18T15:00,21.2,32,16.9,0.00,0.00,0.00,0.00,3,19.7,51.1,100
2025-05-18T16:00,17.6,43,13.3,0.00,0.00,0.00,0.00,3,20.8,55.8,100
2025-05-18T17:00,15.4,58,12.5,0.50,0.50,0.00,0.00,53,14.8,50.8,100
2025-05-18T18:00,14.7,67,12.3,0.50,0.50,0.00,0.00,53,13.1,34.9,100
2025-05-18T19:00,14.0,68,11.4,0.00,0.00,0.00,0.00,3,15.0,36.4,100
2025-05-18T20:00,13.6,72,11.1,0.00,0.00,0.00,0.00,3,14.2,36.0,100
2025-05-18T21:00,13.1,76,11.1,0.10,0.10,0.00,0.00,51,11.6,33.5,100
2025-05-18T22:00,12.8,80,11.2,0.30,0.30,0.00,0.00,51,10.3,27.4,100
2025-05-18T23:00,12.7,83,11.3,0.00,0.00,0.00,0.00,3,8.8,24.1,100
2025-05-19T00:00,12.6,84,11.2,0.00,0.00,0.00,0.00,3,9.3,22.0,100
2025-05-19T01:00,12.5,85,11.1,0.00,0.00,0.00,0.00,3,9.6,22.3,100
2025-05-19T02:00,12.2,88,11.2,0.00,0.00,0.00,0.00,3,7.8,23.0,100
2025-05-19T03:00,11.8,91,10.9,0.00,0.00,0.00,0.00,3,7.1,18.7,100
2025-05-19T04:00,12.6,89,12.1,0.00,0.00,0.00,0.00,3,4.5,9.4,100
2025-05-19T05:00,12.3,91,12.1,0.20,0.20,0.00,0.00,51,3.4,10.1,100
2025-05-19T06:00,12.4,91,11.9,0.10,0.10,0.00,0.00,51,5.0,12.6,100
2025-05-19T07:00,12.4,91,11.5,0.10,0.10,0.00,0.00,51,7.8,19.4,100
2025-05-19T08:00,12.8,87,11.7,0.00,0.00,0.00,0.00,3,9.2,24.1,100
2025-05-19T09:00,13.9,78,12.4,0.10,0.10,0.00,0.00,51,10.1,26.3,100
2025-05-19T10:00,14.6,71,12.7,0.10,0.10,0.00,0.00,51,12.1,32.0,69
2025-05-19T11:00,15.2,68,13.1,0.30,0.30,0.00,0.00,51,13.5,35.6,55
2025-05-19T12:00,15.6,65,13.2,0.30,0.30,0.00,0.00,51,14.5,37.4,58
2025-05-19T13:00,16.5,61,14.2,0.10,0.10,0.00,0.00,51,13.6,38.2,89
2025-05-19T14:00,15.8,63,13.4,0.20,0.20,0.00,0.00,51,13.5,36.4,71
2025-05-19T15:00,16.7,60,14.4,0.20,0.20,0.00,0.00,51,13.6,36.4,98
2025-05-19T16:00,15.5,60,12.6,0.10,0.10,0.00,0.00,51,15.7,39.6,83
2025-05-19T17:00,15.4,60,12.6,0.00,0.00,0.00,0.00,3,14.7,38.9,100
2025-05-19T18:00,15.2,61,12.6,0.00,0.00,0.00,0.00,2,13.9,36.0,54
2025-05-19T19:00,14.8,62,12.2,0.00,0.00,0.00,0.00,3,13.5,33.5,100
2025-05-19T20:00,14.3,66,12.2,0.00,0.00,0.00,0.00,3,10.6,32.0,97
2025-05-19T21:00,13.3,72,11.5,0.10,0.10,0.00,0.00,51,9.2,25.2,100
2025-05-19T22:00,13.1,73,11.0,0.00,0.00,0.00,0.00,3,11.0,24.5,100
2025-05-19T23:00,12.4,77,10.2,0.00,0.00,0.00,0.00,3,12.2,28.1,100
2025-05-20T00:00,12.1,78,9.9,0.00,0.00,0.00,0.00,3,11.6,28.1,100
2025-05-20T01:00,11.7,79,9.5,0.00,0.00,0.00,0.00,3,11.4,26.6,100
2025-05-20T02:00,11.1,80,8.8,0.00,0.00,0.00,0.00,3,11.9,26.6,100
2025-05-20T03:00,10.0,84,7.5,1.90,1.90,0.00,0.00,61,12.2,27.4,100
2025-05-20T04:00,9.6,92,7.9,1.80,1.80,0.00,0.00,61,9.0,25.2,100
2025-05-20T05:00,9.9,97,8.7,0.50,0.50,0.00,0.00,53,6.7,20.5,100
2025-05-20T06:00,10.2,95,8.5,0.20,0.20,0.00,0.00,51,9.8,20.9,100
2025-05-20T07:00,10.3,93,8.8,0.10,0.10,0.00,0.00,51,9.1,23.0,100
2025-05-20T08:00,10.6,88,8.8,0.10,0.10,0.00,0.00,51,9.4,24.1,100
2025-05-20T09:00,10.6,87,8.8,0.20,0.20,0.00,0.00,51,9.4,25.9,100
2025-05-20T10:00,10.7,87,8.9,0.60,0.60,0.00,0.00,53,10.2,27.4,100
2025-05-20T11:00,10.8,87,8.9,0.60,0.60,0.00,0.00,53,10.7,28.8,100
2025-05-20T12:00,10.9,86,8.6,0.20,0.20,0.00,0.00,51,12.8,30.6,100
2025-05-20T13:00,12.0,79,9.5,0.10,0.10,0.00,0.00,51,13.6,34.6,100
2025-05-20T14:00,12.8,72,10.6,0.00,0.00,0.00,0.00,3,11.5,33.5,100
2025-05-20T15:00,15.0,57,13.2,0.00,0.00,0.00,0.00,1,6.1,28.4,26
2025-05-20T16:00,17.2,39,14.6,0.00,0.00,0.00,0.00,2,8.7,22.7,64
2025-05-20T17:00,17.4,35,13.9,0.00,0.00,0.00,0.00,2,11.0,30.6,77
2025-05-20T18:00,17.4,36,14.5,0.00,0.00,0.00,0.00,2,7.7,26.6,52
2025-05-20T19:00,17.0,44,15.3,0.00,0.00,0.00,0.00,2,2.6,16.9,50
2025-05-20T20:00,15.9,49,14.1,0.00,0.00,0.00,0.00,2,4.6,8.3,78
2025-05-20T21:00,14.4,57,12.0,0.00,0.00,0.00,0.00,2,9.8,19.8,64
2025-05-20T22:00,13.2,65,11.1,0.00,0.00,0.00,0.00,1,8.2,19.8,37
2025-05-20T23:00,12.3,69,10.1,0.00,0.00,0.00,0.00,3,9.0,18.0,93
2025-05-21T00:00,11.9,69,9.6,0.00,0.00,0.00,0.00,3,9.6,18.7,100
2025-05-21T01:00,11.4,70,8.8,0.00,0.00,0.00,0.00,3,10.7,21.6,98
2025-05-21T02:00,10.8,75,8.3,0.00,0.00,0.00,0.00,0,10.7,22.0,0
2025-05-21T03:00,10.3,79,7.9,0.00,0.00,0.00,0.00,3,10.7,22.0,87
2025-05-21T04:00,10.5,79,8.2,0.00,0.00,0.00,0.00,1,9.8,20.9,41
2025-05-21T05:00,10.2,81,8.0,0.00,0.00,0.00,0.00,0,10.1,20.9,4
2025-05-21T06:00,10.8,80,8.7,0.00,0.00,0.00,0.00,2,10.1,21.6,59
2025-05-21T07:00,11.9,79,10.3,0.00,0.00,0.00,0.00,2,8.3,22.0,58
2025-05-21T08:00,13.5,75,12.1,0.00,0.00,0.00,0.00,1,8.2,21.6,43
2025-05-21T09:00,15.2,69,13.8,0.00,0.00,0.00,0.00,2,8.5,23.4,53
2025-05-21T10:00,16.6,64,15.4,0.00,0.00,0.00,0.00,2,9.0,25.2,52
2025-05-21T11:00,17.3,60,15.9,0.00,0.00,0.00,0.00,2,10.5,33.5,55
2025-05-21T12:00,17.8,56,16.2,0.00,0.00,0.00,0.00,1,11.4,33.5,23
2025-05-21T13:00,17.7,56,16.1,0.10,0.10,0.00,0.00,51,12.4,33.5,61
2025-05-21T14:00,17.7,57,15.4,0.10,0.10,0.00,0.00,51,13.4,34.9,77
2025-05-21T15:00,16.0,66,14.8,0.60,0.60,0.00,0.00,53,7.8,37.1,91
2025-05-21T16:00,18.3,49,15.9,0.00,0.00,0.00,0.00,1,11.1,29.5,21
2025-05-21T17:00,18.7,45,16.3,0.00,0.00,0.00,0.00,1,10.3,28.1,24
2025-05-21T18:00,18.2,45,15.6,0.00,0.00,0.00,0.00,1,11.2,27.7,21
2025-05-21T19:00,17.4,49,15.1,0.00,0.00,0.00,0.00,1,9.8,27.7,28
2025-05-21T20:00,16.2,53,13.9,0.00,0.00,0.00,0.00,1,9.9,22.7,25
2025-05-21T21:00,14.9,59,13.3,0.00,0.00,0.00,0.00,0,5.8,21.6,1
2025-05-21T22:00,14.0,64,12.5,0.00,0.00,0.00,0.00,0,4.9,10.4,1
2025-05-21T23:00,13.0,68,11.2,0.00,0.00,0.00,0.00,0,6.7,12.6,4
2025-05-22T00:00,12.1,67,10.3,0.00,0.00,0.00,0.00,0,5.0,12.6,13
2025-05-22T01:00,11.2,73,9.8,0.00,0.00,0.00,0.00,0,3.1,8.6,4
2025-05-22T02:00,10.7,72,9.2,0.00,0.00,0.00,0.00,3,3.2,6.1,93
2025-05-22T03:00,10.2,78,9.1,0.00,0.00,0.00,0.00,3,1.9,6.5,89
2025-05-22T04:00,9.7,77,8.6,0.00,0.00,0.00,0.00,1,0.6,1.8,39
2025-05-22T05:00,9.4,81,8.1,0.00,0.00,0.00,0.00,0,1.9,3.2,16
2025-05-22T06:00,9.9,81,8.6,0.00,0.00,0.00,0.00,1,3.2,6.5,38
2025-05-22T07:00,11.4,76,10.3,0.00,0.00,0.00,0.00,1,2.2,7.9,35
2025-05-22T08:00,13.2,63,12.1,0.00,0.00,0.00,0.00,0,1.5,8.6,14
2025-05-22T09:00,15.1,53,13.8,0.00,0.00,0.00,0.00,0,0.8,8.6,17
2025-05-22T10:00,16.7,43,15.7,0.00,0.00,0.00,0.00,0,1.8,11.5,1
2025-05-22T11:00,17.8,41,17.3,0.00,0.00,0.00,0.00,0,3.0,14.4,0
2025-05-22T12:00,18.7,39,18.7,0.00,0.00,0.00,0.00,0,2.8,15.1,0
2025-05-22T13:00,19.7,39,19.9,0.00,0.00,0.00,0.00,0,2.5,14.8,0
2025-05-22T14:00,20.4,39,20.7,0.00,0.00,0.00,0.00,3,2.4,14.0,83
2025-05-22T15:00,20.9,37,20.3,0.00,0.00,0.00,0.00,3,3.6,16.6,98
2025-05-22T16:00,22.5,25,20.4,0.00,0.00,0.00,0.00,1,4.6,17.6,23
2025-05-22T17:00,22.6,25,20.2,0.00,0.00,0.00,0.00,0,3.8,16.9,0
2025-05-22T18:00,22.8,25,20.2,0.00,0.00,0.00,0.00,0,5.0,15.5,19
2025-05-22T19:00,22.7,25,19.5,0.00,0.00,0.00,0.00,2,8.4,20.2,56
2025-05-22T20:00,20.8,36,18.3,0.00,0.00,0.00,0.00,0,9.0,23.8,2
2025-05-22T21:00,19.7,41,17.9,0.00,0.00,0.00,0.00,0,5.8,19.4,0
2025-05-22T22:00,18.8,46,17.2,0.00,0.00,0.00,0.00,0,4.9,10.8,19
2025-05-22T23:00,17.8,49,16.1,0.00,0.00,0.00,0.00,1,6.3,11.9,45
2025-05-23T00:00,16.8,52,14.9,0.00,0.00,0.00,0.00,2,6.9,13.0,56
2025-05-23T01:00,16.0,55,14.1,0.00,0.00,0.00,0.00,1,7.4,14.0,46
2025-05-23T02:00,15.2,59,13.4,0.00,0.00,0.00,0.00,0,7.3,14.4,3
2025-05-23T03:00,14.4,62,12.5,0.00,0.00,0.00,0.00,0,7.3,14.4,0
2025-05-23T04:00,13.9,61,12.0,0.00,0.00,0.00,0.00,2,6.9,13.3,59
2025-05-23T05:00,13.4,63,11.4,0.00,0.00,0.00,0.00,0,7.0,13.7,13
2025-05-23T06:00,13.9,61,12.0,0.00,0.00,0.00,0.00,0,6.8,14.0,0
2025-05-23T07:00,15.3,55,13.7,0.00,0.00,0.00,0.00,0,4.4,13.7,0
2025-05-23T08:00,17.6,47,16.0,0.00,0.00,0.00,0.00,0,4.5,14.8,0
2025-05-23T09:00,20.1,40,18.3,0.00,0.00,0.00,0.00,0,5.6,18.4,0
2025-05-23T10:00,22.4,33,20.6,0.00,0.00,0.00,0.00,0,7.9,24.1,0
2025-05-23T11:00,23.5,30,21.4,0.00,0.00,0.00,0.00,2,13.2,35.3,50
2025-05-23T12:00,23.8,33,21.7,0.00,0.00,0.00,0.00,1,12.8,39.2,42
2025-05-23T13:00,23.5,33,20.8,0.00,0.00,0.00,0.00,1,16.1,44.3,26
2025-05-23T14:00,24.3,32,22.3,0.00,0.00,0.00,0.00,1,14.2,43.2,41
2025-05-23T15:00,24.6,30,21.9,0.00,0.00,0.00,0.00,0,14.8,40.3,18
2025-05-23T16:00,25.4,25,22.1,0.00,0.00,0.00,0.00,0,15.1,41.0,6
2025-05-23T17:00,25.2,27,21.9,0.00,0.00,0.00,0.00,0,14.0,40.3,12
2025-05-23T18:00,24.8,28,21.4,0.00,0.00,0.00,0.00,1,14.8,37.4,23
2025-05-23T19:00,24.1,30,21.0,0.00,0.00,0.00,0.00,0,13.3,37.8,10
2025-05-23T20:00,23.4,33,20.9,0.00,0.00,0.00,0.00,1,10.2,32.8,23
2025-05-23T21:00,22.5,38,20.6,0.00,0.00,0.00,0.00,2,7.7,24.5,54
2025-05-23T22:00,21.7,41,20.0,0.00,0.00,0.00,0.00,2,8.3,17.6,59
2025-05-23T23:00,20.7,48,19.2,0.00,0.00,0.00,0.00,2,8.5,18.4,65
2025-05-24T00:00,19.8,51,18.5,0.00,0.00,0.00,0.00,1,7.6,17.6,38
2025-05-24T01:00,19.0,53,17.8,0.00,0.00,0.00,0.00,0,7.0,15.1,2
2025-05-24T02:00,18.3,56,17.1,0.00,0.00,0.00,0.00,0,6.2,13.7,0
2025-05-24T03:00,17.3,59,16.2,0.00,0.00,0.00,0.00,0,6.5,12.6,0
2025-05-24T04:00,16.2,65,15.0,0.00,0.00,0.00,0.00,0,7.2,15.5,0
2025-05-24T05:00,15.9,66,14.7,0.00,0.00,0.00,0.00,0,6.9,14.0,0
2025-05-24T06:00,16.6,62,15.4,0.00,0.00,0.00,0.00,0,6.9,14.4,5
2025-05-24T07:00,18.0,56,17.0,0.00,0.00,0.00,0.00,0,4.6,13.3,6
2025-05-24T08:00,20.0,48,18.9,0.00,0.00,0.00,0.00,1,4.5,15.1,33
2025-05-24T09:00,22.3,40,20.9,0.00,0.00,0.00,0.00,0,5.7,18.7,7
2025-05-24T10:00,24.3,33,23.0,0.00,0.00,0.00,0.00,2,7.2,23.0,55
2025-05-24T11:00,25.5,27,23.9,0.00,0.00,0.00,0.00,1,9.6,28.8,44
2025-05-24T12:00,26.0,25,23.9,0.00,0.00,0.00,0.00,1,11.4,33.5,27
2025-05-24T13:00,26.2,25,24.0,0.00,0.00,0.00,0.00,0,12.9,36.4,13
2025-05-24T14:00,25.8,29,23.6,0.00,0.00,0.00,0.00,1,13.7,38.2,30
2025-05-24T15:00,26.3,25,24.1,0.00,0.00,0.00,0.00,0,11.1,38.2,13
2025-05-24T16:00,27.1,20,24.2,0.00,0.00,0.00,0.00,0,11.5,34.2,5
2025-05-24T17:00,27.1,20,23.6,0.00,0.00,0.00,0.00,0,12.0,33.1,1
2025-05-24T18:00,26.9,20,23.3,0.00,0.00,0.00,0.00,0,12.1,33.5,3
2025-05-24T19:00,26.5,19,22.4,0.00,0.00,0.00,0.00,1,14.8,36.0,25
2025-05-24T20:00,25.4,24,21.9,0.00,0.00,0.00,0.00,0,12.5,37.1,12
2025-05-24T21:00,24.4,28,21.7,0.00,0.00,0.00,0.00,0,9.4,29.5,7
2025-05-24T22:00,23.5,32,21.2,0.00,0.00,0.00,0.00,0,8.6,21.2,1
2025-05-24T23:00,22.4,34,19.9,0.00,0.00,0.00,0.00,0,10.1,21.6,2
2025-05-25T00:00,21.0,36,18.6,0.00,0.00,0.00,0.00,0,9.1,22.3,0
2025-05-25T01:00,20.0,38,17.7,0.00,0.00,0.00,0.00,0,7.4,19.4,0
2025-05-25T02:00,19.1,40,16.6,0.00,0.00,0.00,0.00,0,8.4,16.9,0
2025-05-25T03:00,18.1,43,15.6,0.00,0.00,0.00,0.00,0,8.8,18.4,0
2025-05-25T04:00,17.0,49,14.9,0.00,0.00,0.00,0.00,0,8.3,17.3,0
2025-05-25T05:00,16.6,51,14.4,0.00,0.00,0.00,0.00,0,8.3,16.9,0
2025-05-25T06:00,17.1,50,15.0,0.00,0.00,0.00,0.00,0,8.1,17.6,0
2025-05-25T07:00,18.4,46,16.5,0.00,0.00,0.00,0.00,0,6.8,18.0,0
2025-05-25T08:00,20.3,41,18.4,0.00,0.00,0.00,0.00,0,7.1,20.9,0
2025-05-25T09:00,22.7,34,20.5,0.00,0.00,0.00,0.00,0,8.1,23.4,0
2025-05-25T10:00,24.7,28,22.5,0.00,0.00,0.00,0.00,0,10.8,29.9,0
2025-05-25T11:00,26.0,23,23.3,0.00,0.00,0.00,0.00,0,14.7,39.2,3
2025-05-25T12:00,26.6,21,23.8,0.00,0.00,0.00,0.00,1,16.7,44.3,45
2025-05-25T13:00,27.0,21,24.1,0.00,0.00,0.00,0.00,1,16.7,45.0,41
2025-05-25T14:00,27.2,22,24.4,0.00,0.00,0.00,0.00,0,16.1,45.0,16
2025-05-25T15:00,27.5,21,24.5,0.00,0.00,0.00,0.00,0,15.7,43.2,6
2025-05-25T16:00,27.8,19,24.5,0.00,0.00,0.00,0.00,0,14.3,39.2,0
2025-05-25T17:00,27.9,18,24.3,0.00,0.00,0.00,0.00,0,12.1,38.5,9
2025-05-25T18:00,28.2,16,24.3,0.00,0.00,0.00,0.00,3,12.5,33.1,81
2025-05-25T19:00,26.7,21,22.5,0.00,0.00,0.00,0.00,3,17.4,42.1,88
2025-05-25T20:00,26.2,22,22.4,0.00,0.00,0.00,0.00,0,14.7,42.1,10
2025-05-25T21:00,25.3,25,22.2,0.00,0.00,0.00,0.00,1,10.6,34.6,25
2025-05-25T22:00,23.9,31,21.2,0.00,0.00,0.00,0.00,3,10.7,24.1,100
2025-05-25T23:00,21.8,40,19.6,0.00,0.00,0.00,0.00,3,11.0,25.9,99
2025-05-26T00:00,20.7,44,18.5,0.00,0.00,0.00,0.00,3,11.0,24.8,100
2025-05-26T01:00,20.0,43,17.5,0.00,0.00,0.00,0.00,3,12.4,27.0,100
2025-05-26T02:00,19.6,43,16.9,0.00,0.00,0.00,0.00,2,12.7,28.8,55
2025-05-26T03:00,18.8,45,16.2,0.00,0.00,0.00,0.00,0,12.1,27.7,18
2025-05-26T04:00,17.3,51,15.0,0.00,0.00,0.00,0.00,0,10.9,25.2,1
2025-05-26T05:00,16.9,53,14.5,0.00,0.00,0.00,0.00,0,11.1,23.4,0
2025-05-26T06:00,17.2,52,15.2,0.00,0.00,0.00,0.00,2,8.7,24.5,71
2025-05-26T07:00,18.3,50,16.1,0.00,0.00,0.00,0.00,1,10.3,25.6,41
2025-05-26T08:00,19.9,46,17.6,0.00,0.00,0.00,0.00,3,11.8,30.6,100
2025-05-26T09:00,21.9,41,19.6,0.00,0.00,0.00,0.00,2,12.2,32.4,79
2025-05-26T10:00,24.0,37,22.2,0.00,0.00,0.00,0.00,3,13.0,34.9,98
2025-05-26T11:00,25.9,32,24.1,0.00,0.00,0.00,0.00,3,15.4,40.7,100
2025-05-26T12:00,27.3,25,24.3,0.00,0.00,0.00,0.00,3,20.6,51.8,100
2025-05-26T13:00,27.5,23,23.9,0.00,0.00,0.00,0.00,3,22.1,55.8,100
2025-05-26T14:00,28.0,20,23.7,0.00,0.00,0.00,0.00,3,20.5,55.4,100
2025-05-26T15:00,28.2,19,24.0,0.00,0.00,0.00,0.00,3,20.9,54.0,98
2025-05-26T16:00,27.8,19,23.2,0.00,0.00,0.00,0.00,3,20.5,51.5,100
2025-05-26T17:00,27.4,21,22.6,0.00,0.00,0.00,0.00,3,22.0,53.6,100
2025-05-26T18:00,27.1,22,22.4,0.00,0.00,0.00,0.00,3,20.9,55.4,95
2025-05-26T19:00,26.5,23,21.8,0.00,0.00,0.00,0.00,3,21.9,51.8,84
2025-05-26T20:00,25.6,26,21.8,0.00,0.00,0.00,0.00,3,17.3,51.5,99
2025-05-26T21:00,24.7,29,21.4,0.00,0.00,0.00,0.00,3,14.5,40.7,100
2025-05-26T22:00,24.2,29,20.8,0.00,0.00,0.00,0.00,3,14.7,33.8,100
2025-05-26T23:00,23.4,30,20.0,0.00,0.00,0.00,0.00,3,14.8,36.4,100
2025-05-27T00:00,22.3,35,19.4,0.00,0.00,0.00,0.00,3,13.7,33.8,100
2025-05-27T01:00,21.9,37,18.9,0.00,0.00,0.00,0.00,3,14.4,33.5,100
2025-05-27T02:00,21.2,39,18.3,0.00,0.00,0.00,0.00,3,13.4,33.1,100
2025-05-27T03:00,20.2,41,17.3,0.00,0.00,0.00,0.00,3,13.5,30.6,100
2025-05-27T04:00,19.3,46,16.5,0.00,0.00,0.00,0.00,3,14.2,32.0,100
2025-05-27T05:00,18.8,47,16.0,0.00,0.00,0.00,0.00,3,13.9,32.4,100
2025-05-27T06:00,19.0,45,16.6,0.00,0.00,0.00,0.00,1,11.0,32.0,25
2025-05-27T07:00,19.6,41,16.7,0.00,0.00,0.00,0.00,2,12.9,31.7,61
2025-05-27T08:00,20.5,36,17.2,0.00,0.00,0.00,0.00,2,14.2,36.0,68
2025-05-27T09:00,21.6,32,18.1,0.00,0.00,0.00,0.00,2,14.6,38.5,56
2025-05-27T10:00,23.3,26,19.9,0.00,0.00,0.00,0.00,3,14.7,38.5,89
2025-05-27T11:00,24.4,21,20.8,0.00,0.00,0.00,0.00,3,17.5,45.7,100
2025-05-27T12:00,24.3,22,20.3,0.00,0.00,0.00,0.00,3,16.9,45.7,82
2025-05-27T13:00,25.0,22,21.9,0.00,0.00,0.00,0.00,3,17.6,46.8,82
2025-05-27T14:00,25.5,22,22.7,0.00,0.00,0.00,0.00,1,16.1,46.8,21
2025-05-27T15:00,25.9,21,22.7,0.00,0.00,0.00,0.00,1,16.3,43.9,40
2025-05-27T16:00,26.0,20,22.4,0.00,0.00,0.00,0.00,2,15.3,42.5,66
2025-05-27T17:00,26.1,20,22.1,0.00,0.00,0.00,0.00,0,14.3,41.0,5
2025-05-27T18:00,25.8,18,21.5,0.00,0.00,0.00,0.00,0,14.9,38.2,2
2025-05-27T19:00,25.4,18,21.1,0.00,0.00,0.00,0.00,3,14.2,38.2,95
2025-05-27T20:00,24.8,21,20.8,0.00,0.00,0.00,0.00,3,13.0,34.9,100
2025-05-27T21:00,23.7,27,20.5,0.00,0.00,0.00,0.00,3,11.4,31.0,100
2025-05-27T22:00,22.7,32,19.9,0.00,0.00,0.00,0.00,3,11.3,26.3,100
2025-05-27T23:00,21.9,35,19.2,0.00,0.00,0.00,0.00,3,10.5,25.6,100
2025-05-28T00:00,21.0,36,18.3,0.00,0.00,0.00,0.00,3,10.2,23.0,100
2025-05-28T01:00,20.4,35,17.6,0.00,0.00,0.00,0.00,3,10.0,22.3,100
2025-05-28T02:00,19.6,36,16.6,0.00,0.00,0.00,0.00,3,10.7,22.3,100
2025-05-28T03:00,18.3,39,15.3,0.00,0.00,0.00,0.00,3,11.1,23.8,100
2025-05-28T04:00,16.0,47,13.1,0.00,0.00,0.00,0.00,3,10.6,23.0,99
2025-05-28T05:00,15.6,47,12.6,0.00,0.00,0.00,0.00,3,11.0,23.0,99
2025-05-28T06:00,16.0,47,13.4,0.00,0.00,0.00,0.00,3,8.4,23.4,94
2025-05-28T07:00,17.0,44,14.4,0.00,0.00,0.00,0.00,0,8.7,23.0,4
2025-05-28T08:00,18.9,38,16.1,0.00,0.00,0.00,0.00,0,9.7,26.3,5
2025-05-28T09:00,20.8,34,17.9,0.00,0.00,0.00,0.00,0,10.5,29.5,0
2025-05-28T10:00,22.7,30,20.3,0.00,0.00,0.00,0.00,0,11.5,32.0,1
2025-05-28T11:00,24.5,25,22.0,0.00,0.00,0.00,0.00,0,14.3,38.5,1
2025-05-28T12:00,25.6,21,22.6,0.00,0.00,0.00,0.00,0,17.3,45.7,0
2025-05-28T13:00,26.1,22,23.3,0.00,0.00,0.00,0.00,0,18.0,47.5,0
2025-05-28T14:00,26.3,24,23.7,0.00,0.00,0.00,0.00,0,17.6,47.5,0
2025-05-28T15:00,26.9,21,23.7,0.00,0.00,0.00,0.00,0,17.4,46.4,0
2025-05-28T16:00,27.2,20,23.4,0.00,0.00,0.00,0.00,0,17.6,47.2,0
2025-05-28T17:00,27.1,21,22.8,0.00,0.00,0.00,0.00,0,17.8,46.1,0
2025-05-28T18:00,26.9,20,22.4,0.00,0.00,0.00,0.00,0,18.2,45.7,0
2025-05-28T19:00,26.5,20,21.9,0.00,0.00,0.00,0.00,0,18.6,45.4,0
2025-05-28T20:00,25.7,22,21.7,0.00,0.00,0.00,0.00,0,15.3,44.3,0
2025-05-28T21:00,24.6,26,21.3,0.00,0.00,0.00,0.00,0,12.6,34.9,0
2025-05-28T22:00,23.3,29,20.4,0.00,0.00,0.00,0.00,0,10.8,28.8,0
2025-05-28T23:00,22.2,32,19.5,0.00,0.00,0.00,0.00,0,9.3,23.8,0
2025-05-29T00:00,21.2,35,18.7,0.00,0.00,0.00,0.00,0,8.5,19.4,0
2025-05-29T01:00,20.1,37,17.5,0.00,0.00,0.00,0.00,0,9.2,18.7,0
2025-05-29T02:00,19.1,39,16.4,0.00,0.00,0.00,0.00,0,10.1,20.9,0
2025-05-29T03:00,18.4,40,15.5,0.00,0.00,0.00,0.00,0,10.2,21.2,0
2025-05-29T04:00,17.3,46,14.6,0.00,0.00,0.00,0.00,0,10.3,20.9,0
2025-05-29T05:00,16.9,46,14.1,0.00,0.00,0.00,0.00,0,10.8,22.3,0
2025-05-29T06:00,17.4,43,14.9,0.00,0.00,0.00,0.00,0,8.5,23.8,0
2025-05-29T07:00,18.6,40,16.0,0.00,0.00,0.00,0.00,0,9.4,23.0,0
2025-05-29T08:00,20.5,37,17.8,0.00,0.00,0.00,0.00,2,9.9,26.3,70
2025-05-29T09:00,22.2,34,19.5,0.00,0.00,0.00,0.00,3,11.0,30.6,99
2025-05-29T10:00,24.3,31,22.1,0.00,0.00,0.00,0.00,3,10.7,30.6,100
2025-05-29T11:00,26.5,28,24.6,0.00,0.00,0.00,0.00,3,12.5,34.2,100
2025-05-29T12:00,26.9,27,23.9,0.00,0.00,0.00,0.00,3,16.1,41.8,100
2025-05-29T13:00,27.6,27,24.8,0.10,0.10,0.00,0.00,51,17.6,51.5,42
2025-05-29T14:00,28.0,25,25.1,0.00,0.00,0.00,0.00,2,19.0,58.0,64
2025-05-29T15:00,28.7,22,25.1,0.00,0.00,0.00,0.00,1,20.5,53.3,24
2025-05-29T16:00,29.0,20,24.9,0.00,0.00,0.00,0.00,1,19.9,57.2,46
2025-05-29T17:00,29.1,17,24.3,0.00,0.00,0.00,0.00,0,19.5,51.8,17
2025-05-29T18:00,28.7,17,24.2,0.00,0.00,0.00,0.00,3,18.2,48.6,98
2025-05-29T19:00,27.8,20,23.8,0.00,0.00,0.00,0.00,3,16.2,45.7,100
2025-05-29T20:00,27.2,22,24.0,0.00,0.00,0.00,0.00,3,11.5,38.5,99
2025-05-29T21:00,26.4,26,23.5,0.00,0.00,0.00,0.00,3,11.5,27.4,100
2025-05-29T22:00,25.0,32,22.0,0.00,0.00,0.00,0.00,3,15.0,35.6,83
2025-05-29T23:00,24.5,32,21.7,0.00,0.00,0.00,0.00,2,13.4,34.9,51
2025-05-30T00:00,23.7,35,21.1,0.00,0.00,0.00,0.00,3,12.7,30.6,95
2025-05-30T01:00,23.0,37,20.4,0.00,0.00,0.00,0.00,3,12.9,29.9,100
2025-05-30T02:00,22.4,38,20.0,0.00,0.00,0.00,0.00,3,11.8,28.8,98
2025-05-30T03:00,21.6,39,19.3,0.00,0.00,0.00,0.00,3,10.9,26.3,99
2025-05-30T04:00,19.5,53,18.3,0.10,0.10,0.00,0.00,51,7.3,13.7,97
2025-05-30T05:00,19.4,52,17.9,0.00,0.00,0.00,0.00,3,8.2,16.9,97
2025-05-30T06:00,19.8,48,18.5,0.00,0.00,0.00,0.00,3,5.9,17.3,80
2025-05-30T07:00,21.0,43,19.3,0.00,0.00,0.00,0.00,3,7.4,19.1,95
2025-05-30T08:00,22.3,39,20.2,0.00,0.00,0.00,0.00,3,9.9,26.3,98
2025-05-30T09:00,23.5,37,21.1,0.00,0.00,0.00,0.00,3,12.8,33.8,100
2025-05-30T10:00,24.7,35,22.9,0.00,0.00,0.00,0.00,3,11.9,35.3,100
2025-05-30T11:00,25.7,33,23.7,0.00,0.00,0.00,0.00,3,11.5,32.8,99
2025-05-30T12:00,25.7,34,23.0,0.00,0.00,0.00,0.00,3,15.2,39.6,98
2025-05-30T13:00,25.0,34,21.4,0.00,0.00,0.00,0.00,3,20.9,56.2,100
2025-05-30T14:00,24.0,37,22.0,0.00,0.00,0.00,0.00,3,11.2,52.9,100
2025-05-30T15:00,23.7,38,22.0,0.00,0.00,0.00,0.00,3,8.7,29.5,99
2025-05-30T16:00,24.1,37,22.3,0.00,0.00,0.00,0.00,2,10.2,30.2,70
2025-05-30T17:00,24.9,32,22.7,0.00,0.00,0.00,0.00,2,9.7,28.4,55
2025-05-30T18:00,24.5,33,21.8,0.00,0.00,0.00,0.00,3,13.1,34.2,90
2025-05-30T19:00,23.9,37,22.1,0.00,0.00,0.00,0.00,3,9.4,33.8,100
2025-05-30T20:00,23.7,37,22.2,0.00,0.00,0.00,0.00,3,7.4,24.1,99
2025-05-30T21:00,23.3,38,21.9,0.00,0.00,0.00,0.00,3,6.6,18.7,100
2025-05-30T22:00,22.8,42,21.6,0.10,0.10,0.00,0.00,51,6.3,16.9,100
2025-05-30T23:00,20.5,54,19.2,0.30,0.30,0.00,0.00,51,10.3,26.6,100
2025-05-31T00:00,18.5,75,18.8,1.60,1.60,0.00,0.00,61,5.9,22.3,99
2025-05-31T01:00,18.1,73,18.6,0.00,0.00,0.00,0.00,3,3.5,11.9,100
2025-05-31T02:00,19.1,67,19.4,0.00,0.00,0.00,0.00,3,4.0,10.1,100
2025-05-31T03:00,19.2,64,18.9,0.00,0.00,0.00,0.00,3,6.7,14.0,100
2025-05-31T04:00,18.5,65,18.4,0.00,0.00,0.00,0.00,2,3.6,7.9,58
2025-05-31T05:00,18.0,67,18.1,0.00,0.00,0.00,0.00,3,2.7,6.8,100
2025-05-31T06:00,18.7,64,18.8,0.00,0.00,0.00,0.00,3,2.9,7.9,100
2025-05-31T07:00,19.3,61,19.3,0.00,0.00,0.00,0.00,3,3.4,10.8,100
2025-05-31T08:00,20.5,57,20.4,0.00,0.00,0.00,0.00,3,3.3,12.6,100
2025-05-31T09:00,21.2,53,20.9,0.00,0.00,0.00,0.00,3,4.2,15.1,100
2025-05-31T10:00,21.9,50,21.3,0.00,0.00,0.00,0.00,3,5.5,18.4,100
2025-05-31T11:00,22.2,48,21.3,0.00,0.00,0.00,0.00,3,7.3,22.0,100
2025-05-31T12:00,22.4,48,21.4,0.00,0.00,0.00,0.00,3,8.3,24.1,100
2025-05-31T13:00,23.0,46,22.1,0.00,0.00,0.00,0.00,3,7.6,24.8,100
2025-05-31T14:00,24.3,42,23.8,0.00,0.00,0.00,0.00,2,6.5,25.6,65
2025-05-31T15:00,24.5,41,23.9,0.00,0.00,0.00,0.00,2,8.2,28.1,54
2025-05-31T16:00,25.5,36,23.9,0.00,0.00,0.00,0.00,1,10.3,31.7,43
2025-05-31T17:00,24.3,40,22.3,0.10,0.10,0.00,0.00,51,12.6,34.9,84
2025-05-31T18:00,23.7,44,22.8,0.20,0.20,0.00,0.00,51,7.6,34.6,49
2025-05-31T19:00,23.0,46,21.9,0.20,0.20,0.00,0.00,51,8.7,24.1,72
2025-05-31T20:00,19.4,69,20.0,1.40,1.40,0.00,0.00,61,4.1,32.8,81
2025-05-31T21:00,19.8,66,20.3,0.00,0.00,0.00,0.00,1,3.1,12.2,45
2025-05-31T22:00,19.5,66,19.5,0.00,0.00,0.00,0.00,1,5.8,16.6,23
2025-05-31T23:00,19.1,67,19.3,0.00,0.00,0.00,0.00,1,5.2,15.1,32
2025-06-01T00:00,18.7,70,18.8,0.00,0.00,0.00,0.00,0,5.6,12.6,16
2025-06-01T01:00,18.2,72,18.3,0.00,0.00,0.00,0.00,0,6.1,13.7,15
2025-06-01T02:00,17.8,73,17.7,0.00,0.00,0.00,0.00,0,6.8,13.7,1
2025-06-01T03:00,17.0,74,16.5,0.00,0.00,0.00,0.00,1,7.8,16.6,20
2025-06-01T04:00,15.4,86,15.4,0.00,0.00,0.00,0.00,1,6.3,12.2,29
2025-06-01T05:00,15.1,84,15.0,0.00,0.00,0.00,0.00,1,6.0,14.4,26
2025-06-01T06:00,15.5,78,15.1,0.00,0.00,0.00,0.00,0,6.2,16.2,3
2025-06-01T07:00,16.3,69,15.2,0.00,0.00,0.00,0.00,0,8.8,23.8,18
2025-06-01T08:00,17.5,63,16.3,0.00,0.00,0.00,0.00,0,9.3,26.3,12
2025-06-01T09:00,19.1,56,17.6,0.00,0.00,0.00,0.00,0,10.2,29.5,12
2025-06-01T10:00,20.1,51,18.5,0.00,0.00,0.00,0.00,3,12.6,35.6,100
2025-06-01T11:00,20.3,47,17.9,0.00,0.00,0.00,0.00,3,14.3,38.5,100
2025-06-01T12:00,20.1,45,17.3,0.00,0.00,0.00,0.00,3,14.9,39.6,100
2025-06-01T13:00,20.0,43,16.8,0.10,0.10,0.00,0.00,51,16.8,42.8,39
2025-06-01T14:00,21.0,39,18.0,0.00,0.00,0.00,0.00,1,19.8,50.4,32
2025-06-01T15:00,20.6,38,17.3,0.00,0.00,0.00,0.00,0,18.7,53.3,17
2025-06-01T16:00,19.9,41,16.4,0.00,0.00,0.00,0.00,0,17.3,47.2,17
2025-06-01T17:00,19.7,42,16.4,0.00,0.00,0.00,0.00,0,16.1,47.9,18
2025-06-01T18:00,19.6,38,16.0,0.00,0.00,0.00,0.00,1,16.2,43.2,23
2025-06-01T19:00,19.2,34,15.1,0.00,0.00,0.00,0.00,0,16.8,42.5,14
2025-06-01T20:00,18.3,34,14.0,0.00,0.00,0.00,0.00,0,17.1,42.5,15
2025-06-01T21:00,17.3,36,13.3,0.00,0.00,0.00,0.00,0,14.9,40.7,6
2025-06-01T22:00,16.4,40,13.0,0.00,0.00,0.00,0.00,0,11.4,35.6,1
2025-06-01T23:00,15.6,43,12.3,0.00,0.00,0.00,0.00,0,11.7,27.0,8
2025-06-02T00:00,14.6,45,11.1,0.00,0.00,0.00,0.00,0,12.6,32.0,1
2025-06-02T01:00,13.9,47,10.9,0.00,0.00,0.00,0.00,0,9.4,29.2,0
2025-06-02T02:00,13.2,50,10.3,0.00,0.00,0.00,0.00,0,9.1,21.2,0
2025-06-02T03:00,12.6,53,9.6,0.00,0.00,0.00,0.00,0,9.4,20.2,0
2025-06-02T04:00,10.9,60,8.1,0.00,0.00,0.00,0.00,0,8.7,17.6,0
2025-06-02T05:00,10.6,62,7.7,0.00,0.00,0.00,0.00,0,9.4,20.2,0
2025-06-02T06:00,11.2,60,8.6,0.00,0.00,0.00,0.00,0,8.1,20.5,0
2025-06-02T07:00,12.8,54,10.1,0.00,0.00,0.00,0.00,0,8.0,21.6,0
2025-06-02T08:00,14.9,47,12.2,0.00,0.00,0.00,0.00,0,7.9,22.7,0
2025-06-02T09:00,17.0,38,13.6,0.00,0.00,0.00,0.00,0,11.1,30.2,0
2025-06-02T10:00,18.3,31,15.2,0.00,0.00,0.00,0.00,0,12.7,35.3,0
2025-06-02T11:00,19.3,28,16.6,0.00,0.00,0.00,0.00,0,12.4,35.6,0
2025-06-02T12:00,20.3,25,18.0,0.00,0.00,0.00,0.00,0,12.0,35.6,0
2025-06-02T13:00,21.3,23,19.1,0.00,0.00,0.00,0.00,0,11.5,34.9,0
2025-06-02T14:00,22.0,22,19.9,0.00,0.00,0.00,0.00,0,10.3,33.8,2
2025-06-02T15:00,22.6,22,20.3,0.00,0.00,0.00,0.00,0,9.4,31.3,0
2025-06-02T16:00,23.0,21,20.2,0.00,0.00,0.00,0.00,1,9.3,29.9,47
2025-06-02T17:00,22.9,23,19.4,0.00,0.00,0.00,0.00,3,10.2,29.9,99
2025-06-02T18:00,22.6,22,18.7,0.00,0.00,0.00,0.00,3,11.6,31.7,100
2025-06-02T19:00,22.0,19,17.5,0.00,0.00,0.00,0.00,3,13.3,34.6,90
2025-06-02T20:00,21.7,22,17.8,0.00,0.00,0.00,0.00,3,11.2,33.5,100
2025-06-02T21:00,21.2,25,18.0,0.00,0.00,0.00,0.00,3,7.7,26.6,100
2025-06-02T22:00,20.2,32,17.4,0.00,0.00,0.00,0.00,3,8.2,20.2,100
2025-06-02T23:00,19.0,41,16.6,0.00,0.00,0.00,0.00,3,8.4,20.5,99
2025-06-03T00:00,18.0,45,15.7,0.00,0.00,0.00,0.00,3,8.5,20.2,100
2025-06-03T01:00,17.1,50,15.7,0.00,0.00,0.00,0.00,3,3.3,20.9,100
2025-06-03T02:00,17.3,50,16.1,0.00,0.00,0.00,0.00,3,2.9,8.6,84
2025-06-03T03:00,16.8,51,14.9,0.00,0.00,0.00,0.00,3,7.0,16.2,90
2025-06-03T04:00,14.9,73,13.8,0.00,0.00,0.00,0.00,1,7.8,14.8,30
2025-06-03T05:00,14.7,74,13.5,0.00,0.00,0.00,0.00,0,8.1,16.6,10
2025-06-03T06:00,15.3,73,14.5,0.00,0.00,0.00,0.00,0,6.6,17.6,11
2025-06-03T07:00,16.4,72,15.6,0.00,0.00,0.00,0.00,3,8.4,22.7,84
2025-06-03T08:00,17.7,73,16.7,0.00,0.00,0.00,0.00,3,12.7,32.0,100
2025-06-03T09:00,18.7,68,17.9,0.00,0.00,0.00,0.00,0,11.0,33.1,19
2025-06-03T10:00,20.4,56,19.0,0.00,0.00,0.00,0.00,1,12.4,33.5,30
2025-06-03T11:00,22.3,45,21.1,0.00,0.00,0.00,0.00,3,13.2,37.1,97
2025-06-03T12:00,22.7,43,20.8,0.10,0.10,0.00,0.00,51,14.9,40.0,99
2025-06-03T13:00,23.0,42,20.7,0.00,0.00,0.00,0.00,3,14.9,40.3,100
2025-06-03T14:00,23.3,41,20.8,0.00,0.00,0.00,0.00,3,15.5,40.7,100
2025-06-03T15:00,23.4,40,20.9,0.00,0.00,0.00,0.00,3,15.2,40.7,100
2025-06-03T16:00,22.7,36,19.7,0.00,0.00,0.00,0.00,3,14.5,38.9,100
2025-06-03T17:00,22.7,34,19.6,0.00,0.00,0.00,0.00,3,14.1,38.2,100
2025-06-03T18:00,22.1,36,19.4,0.00,0.00,0.00,0.00,3,12.2,36.0,100
2025-06-03T19:00,21.9,37,19.3,0.00,0.00,0.00,0.00,3,11.5,30.6,100
2025-06-03T20:00,20.4,46,18.4,0.00,0.00,0.00,0.00,3,10.6,28.4,100
2025-06-03T21:00,19.4,52,18.0,0.00,0.00,0.00,0.00,3,7.6,25.9,100
2025-06-03T22:00,19.0,53,18.0,0.00,0.00,0.00,0.00,3,5.2,17.3,100
2025-06-03T23:00,18.7,55,17.8,0.00,0.00,0.00,0.00,3,4.8,10.4,100
2025-06-04T00:00,18.0,56,16.7,0.00,0.00,0.00,0.00,3,6.8,13.7,100
2025-06-04T01:00,17.5,58,16.4,0.00,0.00,0.00,0.00,3,5.2,13.3,100
2025-06-04T02:00,17.0,59,15.8,0.00,0.00,0.00,0.00,3,5.4,10.1,100
2025-06-04T03:00,16.4,59,15.1,0.00,0.00,0.00,0.00,3,6.1,11.9,100
2025-06-04T04:00,15.3,63,13.7,0.00,0.00,0.00,0.00,3,7.7,15.8,100
2025-06-04T05:00,14.8,65,13.2,0.00,0.00,0.00,0.00,3,7.6,15.8,100
2025-06-04T06:00,14.8,66,13.5,0.00,0.00,0.00,0.00,3,5.6,16.2,100
2025-06-04T07:00,15.3,64,14.1,0.00,0.00,0.00,0.00,3,5.1,14.0,100
2025-06-04T08:00,16.2,61,15.1,0.00,0.00,0.00,0.00,3,5.2,15.1,100
2025-06-04T09:00,18.0,52,16.3,0.00,0.00,0.00,0.00,3,7.7,22.0,82
2025-06-04T10:00,19.0,44,16.6,0.10,0.10,0.00,0.00,51,10.1,28.1,100
2025-06-04T11:00,19.5,40,16.8,0.00,0.00,0.00,0.00,3,10.7,29.9,100
2025-06-04T12:00,19.9,41,17.2,0.10,0.10,0.00,0.00,51,11.8,31.7,100
2025-06-04T13:00,20.4,42,17.9,0.10,0.10,0.00,0.00,51,13.3,37.1,100
2025-06-04T14:00,20.9,41,18.4,0.10,0.10,0.00,0.00,51,13.0,36.0,100
2025-06-04T15:00,21.3,38,18.9,0.00,0.00,0.00,0.00,3,13.4,36.4,96
2025-06-04T16:00,22.0,31,18.7,0.00,0.00,0.00,0.00,0,14.8,40.0,8
2025-06-04T17:00,22.3,29,18.3,0.00,0.00,0.00,0.00,1,16.6,42.1,37
2025-06-04T18:00,21.2,33,17.3,0.00,0.00,0.00,0.00,0,17.5,43.2,12
2025-06-04T19:00,21.3,31,17.7,0.00,0.00,0.00,0.00,3,14.3,42.5,90
2025-06-04T20:00,20.9,33,17.8,0.00,0.00,0.00,0.00,1,11.2,33.8,23
2025-06-04T21:00,19.9,38,17.6,0.00,0.00,0.00,0.00,0,7.4,26.6,0
2025-06-04T22:00,19.1,42,16.9,0.00,0.00,0.00,0.00,0,7.9,15.5,0
2025-06-04T23:00,18.1,47,16.1,0.00,0.00,0.00,0.00,0,7.4,15.8,3
2025-06-05T00:00,17.2,52,15.4,0.00,0.00,0.00,0.00,0,7.0,14.4,3
2025-06-05T01:00,16.4,55,14.6,0.00,0.00,0.00,0.00,0,7.0,14.0,1
2025-06-05T02:00,15.7,58,13.9,0.00,0.00,0.00,0.00,0,7.4,14.0,0
2025-06-05T03:00,14.9,61,13.1,0.00,0.00,0.00,0.00,0,8.1,15.8,0
2025-06-05T04:00,13.6,70,12.0,0.00,0.00,0.00,0.00,0,7.0,14.4,0
2025-06-05T05:00,13.2,71,11.7,0.00,0.00,0.00,0.00,0,6.9,13.3,0
2025-06-05T06:00,13.7,71,12.5,0.00,0.00,0.00,0.00,0,5.4,13.7,0
2025-06-05T07:00,15.1,65,14.3,0.00,0.00,0.00,0.00,0,3.1,11.9,0
2025-06-05T08:00,17.2,59,16.5,0.00,0.00,0.00,0.00,0,2.9,11.9,0
2025-06-05T09:00,19.3,48,18.0,0.00,0.00,0.00,0.00,0,5.1,16.9,0
2025-06-05T10:00,20.6,41,19.6,0.00,0.00,0.00,0.00,0,6.9,21.6,4
2025-06-05T11:00,21.8,37,21.3,0.00,0.00,0.00,0.00,0,6.5,22.3,8
2025-06-05T12:00,22.8,34,22.8,0.00,0.00,0.00,0.00,0,5.5,21.6,12
2025-06-05T13:00,23.7,32,23.8,0.00,0.00,0.00,0.00,2,5.7,20.9,68
2025-06-05T14:00,24.4,31,23.9,0.00,0.00,0.00,0.00,0,8.0,25.6,0
2025-06-05T15:00,24.7,30,23.5,0.00,0.00,0.00,0.00,0,9.8,29.2,4
2025-06-05T16:00,25.0,19,22.3,0.00,0.00,0.00,0.00,0,9.2,28.8,0
2025-06-05T17:00,25.2,24,22.5,0.00,0.00,0.00,0.00,0,7.7,28.4,0
2025-06-05T18:00,25.1,29,22.8,0.00,0.00,0.00,0.00,2,8.4,24.5,56
2025-06-05T19:00,24.5,31,22.0,0.00,0.00,0.00,0.00,0,10.5,27.7,7
2025-06-05T20:00,23.5,35,20.9,0.00,0.00,0.00,0.00,0,12.5,31.0,2
2025-06-05T21:00,22.1,42,19.9,0.00,0.00,0.00,0.00,3,12.1,32.0,93
2025-06-05T22:00,21.3,44,19.1,0.00,0.00,0.00,0.00,2,12.3,29.2,74
2025-06-05T23:00,20.6,47,18.4,0.00,0.00,0.00,0.00,3,12.4,28.8,99
2025-06-06T00:00,19.6,51,17.7,0.00,0.00,0.00,0.00,3,11.2,28.1,99
2025-06-06T01:00,18.9,53,17.1,0.00,0.00,0.00,0.00,3,10.8,24.8,98
2025-06-06T02:00,18.2,56,16.4,0.00,0.00,0.00,0.00,2,10.6,23.0,77
2025-06-06T03:00,17.6,57,15.7,0.00,0.00,0.00,0.00,3,11.0,23.4,95
2025-06-06T04:00,16.4,63,14.7,0.00,0.00,0.00,0.00,3,10.4,21.6,92
2025-06-06T05:00,16.4,62,14.6,0.00,0.00,0.00,0.00,3,10.7,23.0,100
2025-06-06T06:00,17.0,61,15.3,0.00,0.00,0.00,0.00,2,10.6,23.0,77
2025-06-06T07:00,18.2,58,16.5,0.00,0.00,0.00,0.00,2,10.6,26.3,68
2025-06-06T08:00,18.3,59,16.4,0.20,0.20,0.00,0.00,51,13.1,31.3,69
2025-06-06T09:00,18.2,70,17.4,1.60,1.60,0.00,0.00,61,10.4,32.4,52
2025-06-06T10:00,19.3,65,18.3,0.60,0.60,0.00,0.00,53,12.0,33.5,15
2025-06-06T11:00,21.3,62,21.3,0.00,0.00,0.00,0.00,2,12.1,33.5,51
2025-06-06T12:00,23.6,57,23.7,0.00,0.00,0.00,0.00,3,14.3,40.7,100
2025-06-06T13:00,23.5,56,22.7,0.20,0.20,0.00,0.00,51,14.6,37.8,34
2025-06-06T14:00,25.4,49,24.9,0.10,0.10,0.00,0.00,51,15.9,40.7,47
2025-06-06T15:00,26.1,48,25.9,0.00,0.00,0.00,0.00,0,13.9,41.8,11
2025-06-06T16:00,26.1,40,24.5,0.00,0.00,0.00,0.00,3,14.5,38.2,93
2025-06-06T17:00,26.5,38,24.9,0.00,0.00,0.00,0.00,3,13.3,36.7,91
2025-06-06T18:00,26.5,38,24.8,0.00,0.00,0.00,0.00,3,13.4,34.9,87
2025-06-06T19:00,25.7,41,24.6,0.00,0.00,0.00,0.00,1,10.6,33.8,28
2025-06-06T20:00,24.8,45,24.2,0.00,0.00,0.00,0.00,3,8.2,26.6,92
2025-06-06T21:00,24.2,48,24.1,0.00,0.00,0.00,0.00,3,6.0,18.7,99
2025-06-06T22:00,23.7,50,23.6,0.00,0.00,0.00,0.00,0,6.7,13.0,17
2025-06-06T23:00,22.7,55,22.6,0.00,0.00,0.00,0.00,0,7.6,16.2,3
2025-06-07T00:00,21.6,60,21.6,0.00,0.00,0.00,0.00,2,7.5,15.5,57
2025-06-07T01:00,20.6,64,20.7,0.00,0.00,0.00,0.00,3,6.6,15.1,100
2025-06-07T02:00,19.8,67,19.9,0.00,0.00,0.00,0.00,3,7.1,14.0,100
2025-06-07T03:00,19.2,69,19.3,0.00,0.00,0.00,0.00,3,6.9,14.8,100
2025-06-07T04:00,18.5,76,19.0,0.00,0.00,0.00,0.00,3,5.8,11.9,95
2025-06-07T05:00,18.5,76,18.9,0.00,0.00,0.00,0.00,3,6.0,12.6,99
2025-06-07T06:00,19.0,72,19.5,0.00,0.00,0.00,0.00,3,5.4,14.0,98
2025-06-07T07:00,20.0,68,20.5,0.00,0.00,0.00,0.00,1,5.4,16.2,27
2025-06-07T08:00,21.8,64,22.5,0.00,0.00,0.00,0.00,0,5.7,18.4,5
2025-06-07T09:00,23.8,58,24.3,0.00,0.00,0.00,0.00,1,7.1,24.8,34
2025-06-07T10:00,25.3,51,25.7,0.00,0.00,0.00,0.00,0,10.4,33.5,15
2025-06-07T11:00,26.5,45,26.8,0.00,0.00,0.00,0.00,2,11.3,35.6,67
2025-06-07T12:00,27.3,42,27.2,0.00,0.00,0.00,0.00,3,13.8,39.6,100
2025-06-07T13:00,23.3,61,22.5,3.20,3.20,0.00,0.00,63,17.7,45.7,100
2025-06-07T14:00,24.0,59,24.8,0.00,0.00,0.00,0.00,2,7.8,41.4,77
2025-06-07T15:00,25.6,56,26.9,0.10,0.10,0.00,0.00,51,10.1,37.4,66
2025-06-07T16:00,26.4,45,25.1,0.00,0.00,0.00,0.00,3,16.3,43.9,93
2025-06-07T17:00,23.4,57,22.9,0.00,0.00,0.00,0.00,0,13.1,47.5,10
2025-06-07T18:00,24.4,53,24.3,0.00,0.00,0.00,0.00,0,9.8,32.8,1
2025-06-07T19:00,24.5,52,24.4,0.00,0.00,0.00,0.00,0,9.6,27.0,5
2025-06-07T20:00,24.4,54,24.6,0.00,0.00,0.00,0.00,0,8.3,25.2,12
2025-06-07T21:00,23.9,56,24.5,0.00,0.00,0.00,0.00,0,6.3,20.5,7
2025-06-07T22:00,23.3,58,23.7,0.00,0.00,0.00,0.00,0,7.4,14.8,4
2025-06-07T23:00,22.3,61,22.6,0.00,0.00,0.00,0.00,0,7.9,16.2,0
2025-06-08T00:00,21.2,65,21.6,0.00,0.00,0.00,0.00,0,7.5,16.2,0
2025-06-08T01:00,20.3,69,20.8,0.00,0.00,0.00,0.00,1,6.4,14.8,40
2025-06-08T02:00,19.5,74,20.0,0.00,0.00,0.00,0.00,3,6.4,12.6,100
2025-06-08T03:00,18.8,77,19.4,0.00,0.00,0.00,0.00,3,6.6,14.0,98
2025-06-08T04:00,17.2,83,17.9,0.00,0.00,0.00,0.00,3,4.8,8.3,100
2025-06-08T05:00,17.1,86,17.9,0.00,0.00,0.00,0.00,3,5.4,10.4,100
2025-06-08T06:00,17.7,88,18.8,0.00,0.00,0.00,0.00,3,5.4,10.1,99
2025-06-08T07:00,18.9,87,20.5,0.00,0.00,0.00,0.00,3,4.5,12.6,100
2025-06-08T08:00,20.7,81,22.3,0.00,0.00,0.00,0.00,3,6.2,17.3,97
2025-06-08T09:00,22.6,73,24.0,0.00,0.00,0.00,0.00,3,8.4,23.0,98
2025-06-08T10:00,24.0,65,24.8,0.00,0.00,0.00,0.00,3,12.0,30.6,100
2025-06-08T11:00,25.1,59,25.3,0.00,0.00,0.00,0.00,3,15.0,37.4,100
2025-06-08T12:00,25.3,59,25.5,0.00,0.00,0.00,0.00,3,14.4,37.4,100
2025-06-08T13:00,26.4,56,27.0,0.00,0.00,0.00,0.00,3,17.1,46.8,100
2025-06-08T14:00,26.9,55,26.9,0.00,0.00,0.00,0.00,2,17.2,42.8,74
2025-06-08T15:00,27.3,55,27.6,0.00,0.00,0.00,0.00,1,16.6,47.9,43
2025-06-08T16:00,26.6,61,28.0,0.00,0.00,0.00,0.00,2,11.6,32.8,58
2025-06-08T17:00,27.0,60,28.2,0.00,0.00,0.00,0.00,3,13.0,31.3,100
2025-06-08T18:00,22.2,82,24.3,1.80,1.80,0.00,0.00,61,8.3,39.6,100
2025-06-08T19:00,22.1,84,24.7,0.10,0.10,0.00,0.00,51,6.1,15.8,100
2025-06-08T20:00,21.7,86,23.9,0.00,0.00,0.00,0.00,3,8.7,20.5,100
2025-06-08T21:00,21.2,87,23.5,0.00,0.00,0.00,0.00,3,6.6,19.4,100
2025-06-08T22:00,20.6,89,22.9,0.00,0.00,0.00,0.00,3,6.2,13.0,100
2025-06-08T23:00,20.1,91,22.5,0.00,0.00,0.00,0.00,3,5.1,12.2,100
2025-06-09T00:00,19.7,92,22.0,0.00,0.00,0.00,0.00,3,4.9,9.4,96
2025-06-09T01:00,19.3,93,21.7,0.00,0.00,0.00,0.00,1,3.5,9.4,46
2025-06-09T02:00,18.7,96,21.3,0.00,0.00,0.00,0.00,2,2.2,6.5,74
2025-06-09T03:00,18.5,96,21.0,0.00,0.00,0.00,0.00,0,2.3,4.3,9
2025-06-09T04:00,18.0,95,19.8,0.00,0.00,0.00,0.00,1,5.5,9.4,28
2025-06-09T05:00,18.2,96,19.7,0.00,0.00,0.00,0.00,1,7.9,15.8,37
2025-06-09T06:00,18.8,95,20.6,0.00,0.00,0.00,0.00,1,7.6,18.0,26
2025-06-09T07:00,19.9,90,21.6,0.00,0.00,0.00,0.00,0,8.8,22.0,19
2025-06-09T08:00,21.4,79,22.4,0.00,0.00,0.00,0.00,3,11.4,28.4,100
2025-06-09T09:00,22.5,70,23.0,0.00,0.00,0.00,0.00,3,12.6,32.0,99
2025-06-09T10:00,23.9,63,24.1,0.00,0.00,0.00,0.00,3,14.0,35.3,89
2025-06-09T11:00,25.4,61,26.5,0.00,0.00,0.00,0.00,0,15.0,38.5,3
2025-06-09T12:00,26.9,57,28.3,0.00,0.00,0.00,0.00,1,18.3,55.8,29
2025-06-09T13:00,26.3,55,26.7,0.00,0.00,0.00,0.00,2,19.3,56.9,59
2025-06-09T14:00,23.7,73,24.6,1.20,1.20,0.00,0.00,55,15.6,54.0,99
2025-06-09T15:00,24.1,67,24.2,0.30,0.30,0.00,0.00,51,17.7,44.3,94
2025-06-09T16:00,26.3,49,25.2,0.20,0.20,0.00,0.00,51,17.8,54.4,37
2025-06-09T17:00,25.8,52,25.0,0.00,0.00,0.00,0.00,3,17.2,46.8,88
2025-06-09T18:00,25.7,46,24.4,0.00,0.00,0.00,0.00,3,15.8,46.1,94
2025-06-09T19:00,24.6,46,23.1,0.00,0.00,0.00,0.00,0,15.6,37.8,18
2025-06-09T20:00,23.1,51,21.6,0.00,0.00,0.00,0.00,0,14.9,37.4,10
2025-06-09T21:00,21.6,54,19.9,0.00,0.00,0.00,0.00,1,15.5,36.0,39
2025-06-09T22:00,20.0,58,18.2,0.00,0.00,0.00,0.00,1,15.2,36.7,27
2025-06-09T23:00,18.8,59,17.0,0.00,0.00,0.00,0.00,1,13.9,34.9,40
2025-06-10T00:00,17.9,59,15.8,0.00,0.00,0.00,0.00,0,13.7,32.0,16
2025-06-10T01:00,16.9,60,14.8,0.00,0.00,0.00,0.00,2,13.1,31.0,70
2025-06-10T02:00,16.1,62,13.8,0.00,0.00,0.00,0.00,2,13.1,29.5,75
2025-06-10T03:00,15.3,65,13.0,0.00,0.00,0.00,0.00,3,13.2,29.9,92
2025-06-10T04:00,14.0,69,11.7,0.00,0.00,0.00,0.00,3,13.0,29.5,86
2025-06-10T05:00,13.7,71,11.4,0.00,0.00,0.00,0.00,3,12.6,29.9,100
2025-06-10T06:00,13.7,70,11.2,0.00,0.00,0.00,0.00,3,13.8,33.1,95
2025-06-10T07:00,14.2,67,11.5,0.00,0.00,0.00,0.00,3,15.1,37.8,100
2025-06-10T08:00,15.0,63,12.3,0.00,0.00,0.00,0.00,3,14.8,37.8,100
2025-06-10T09:00,16.2,54,13.3,0.00,0.00,0.00,0.00,3,14.7,37.8,86
2025-06-10T10:00,17.5,47,14.6,0.00,0.00,0.00,0.00,1,15.3,40.0,43
2025-06-10T11:00,18.7,41,16.2,0.00,0.00,0.00,0.00,3,15.3,41.0,89
2025-06-10T12:00,19.5,37,17.2,0.00,0.00,0.00,0.00,2,14.6,40.7,54
2025-06-10T13:00,20.2,33,17.9,0.00,0.00,0.00,0.00,2,14.1,39.6,60
2025-06-10T14:00,20.2,34,17.9,0.00,0.00,0.00,0.00,0,13.7,38.5,16
2025-06-10T15:00,20.4,34,18.0,0.00,0.00,0.00,0.00,0,13.7,38.5,15
2025-06-10T16:00,20.0,33,16.7,0.00,0.00,0.00,0.00,0,14.8,39.2,14
2025-06-10T17:00,19.8,35,16.3,0.00,0.00,0.00,0.00,0,13.9,39.2,15
2025-06-10T18:00,19.5,34,16.2,0.00,0.00,0.00,0.00,0,12.4,37.4,4
2025-06-10T19:00,19.3,34,15.7,0.00,0.00,0.00,0.00,0,13.3,33.8,3
2025-06-10T20:00,18.7,35,15.2,0.00,0.00,0.00,0.00,1,12.6,33.5,20
2025-06-10T21:00,17.8,41,15.0,0.00,0.00,0.00,0.00,0,9.5,30.6,1
2025-06-10T22:00,16.6,48,14.1,0.00,0.00,0.00,0.00,0,9.3,21.6,1
2025-06-10T23:00,15.6,55,13.7,0.00,0.00,0.00,0.00,0,7.3,20.2,0
2025-06-11T00:00,14.9,59,13.1,0.00,0.00,0.00,0.00,0,7.2,15.5,0
2025-06-11T01:00,14.1,63,12.1,0.00,0.00,0.00,0.00,0,8.3,17.3,0
2025-06-11T02:00,13.2,68,11.2,0.00,0.00,0.00,0.00,0,8.3,18.0,0
2025-06-11T03:00,12.4,73,10.8,0.00,0.00,0.00,0.00,0,7.0,17.3,0
2025-06-11T04:00,11.0,80,9.3,0.00,0.00,0.00,0.00,0,7.1,14.8,0
2025-06-11T05:00,10.8,82,9.3,0.00,0.00,0.00,0.00,0,6.4,15.8,0
2025-06-11T06:00,11.3,81,10.0,0.00,0.00,0.00,0.00,0,5.4,15.1,0
2025-06-11T07:00,12.5,77,11.4,0.00,0.00,0.00,0.00,0,4.3,15.8,0
2025-06-11T08:00,14.1,69,13.2,0.00,0.00,0.00,0.00,0,2.9,14.4,0
2025-06-11T09:00,15.5,60,14.5,0.00,0.00,0.00,0.00,0,2.4,13.7,1
2025-06-11T10:00,17.1,51,16.2,0.00,0.00,0.00,0.00,1,5.1,19.1,40
2025-06-11T11:00,17.4,48,15.6,0.00,0.00,0.00,0.00,3,5.6,19.4,83
2025-06-11T12:00,18.0,45,16.2,0.00,0.00,0.00,0.00,3,4.8,19.4,100
2025-06-11T13:00,18.7,43,17.0,0.00,0.00,0.00,0.00,3,4.3,18.0,100
2025-06-11T14:00,19.3,41,17.6,0.00,0.00,0.00,0.00,3,4.5,16.9,100
2025-06-11T15:00,19.8,40,18.0,0.00,0.00,0.00,0.00,3,4.9,18.4,100
2025-06-11T16:00,20.2,34,18.2,0.00,0.00,0.00,0.00,3,3.4,15.1,100
2025-06-11T17:00,20.0,34,17.7,0.00,0.00,0.00,0.00,3,5.5,18.0,100
2025-06-11T18:00,19.7,36,17.2,0.00,0.00,0.00,0.00,3,7.8,20.9,100
2025-06-11T19:00,19.1,40,16.5,0.00,0.00,0.00,0.00,3,9.5,24.1,100
2025-06-11T20:00,18.8,42,16.4,0.00,0.00,0.00,0.00,3,8.1,24.8,100
2025-06-11T21:00,18.2,45,16.5,0.00,0.00,0.00,0.00,3,4.4,20.5,100
2025-06-11T22:00,17.7,49,16.4,0.00,0.00,0.00,0.00,3,2.9,9.7,100
2025-06-11T23:00,17.2,53,16.0,0.00,0.00,0.00,0.00,3,3.6,7.2,100
2025-06-12T00:00,16.8,57,15.9,0.00,0.00,0.00,0.00,3,2.6,7.9,100
2025-06-12T01:00,16.5,59,15.6,0.00,0.00,0.00,0.00,3,3.5,7.6,99
2025-06-12T02:00,16.1,62,15.1,0.00,0.00,0.00,0.00,3,4.3,8.3,100
2025-06-12T03:00,15.2,68,14.1,0.40,0.40,0.00,0.00,51,6.0,11.5,94
2025-06-12T04:00,14.7,70,13.7,0.00,0.00,0.00,0.00,3,5.2,14.0,100
2025-06-12T05:00,14.5,73,14.1,0.30,0.30,0.00,0.00,51,1.5,9.7,99
2025-06-12T06:00,14.4,75,13.6,0.00,0.00,0.00,0.00,3,4.9,10.1,100
2025-06-12T07:00,14.6,74,13.7,0.00,0.00,0.00,0.00,3,6.2,14.8,89
2025-06-12T08:00,15.9,66,14.9,0.00,0.00,0.00,0.00,3,5.8,18.4,100
2025-06-12T09:00,16.8,62,15.7,0.00,0.00,0.00,0.00,3,6.3,19.4,94
2025-06-12T10:00,17.4,58,16.2,0.00,0.00,0.00,0.00,2,6.3,19.8,61
2025-06-12T11:00,18.6,46,16.7,0.00,0.00,0.00,0.00,2,7.8,24.1,52
2025-06-12T12:00,19.4,41,17.8,0.00,0.00,0.00,0.00,1,7.2,25.6,34
2025-06-12T13:00,20.3,38,19.2,0.00,0.00,0.00,0.00,3,6.0,24.5,98
2025-06-12T14:00,20.6,38,19.0,0.00,0.00,0.00,0.00,3,7.2,23.0,98
2025-06-12T15:00,21.0,38,19.3,0.00,0.00,0.00,0.00,3,6.2,23.0,97
2025-06-12T16:00,21.5,33,18.8,0.00,0.00,0.00,0.00,3,9.2,25.9,92
2025-06-12T17:00,21.4,34,18.6,0.00,0.00,0.00,0.00,3,10.8,29.2,87
2025-06-12T18:00,20.5,39,18.0,0.00,0.00,0.00,0.00,3,10.5,29.5,89
2025-06-12T19:00,19.9,42,17.5,0.00,0.00,0.00,0.00,3,10.3,27.0,99
2025-06-12T20:00,19.5,43,17.5,0.00,0.00,0.00,0.00,3,7.3,25.2,100
2025-06-12T21:00,18.9,48,17.2,0.20,0.20,0.00,0.00,51,7.0,17.3,82
2025-06-12T22:00,17.6,56,16.3,0.20,0.20,0.00,0.00,51,6.1,18.0,99
2025-06-12T23:00,15.4,71,14.1,2.60,2.60,0.00,0.00,63,9.8,19.4,100
2025-06-13T00:00,14.6,80,13.5,0.50,0.50,0.00,0.00,53,9.4,20.9,100
2025-06-13T01:00,15.1,76,14.1,0.00,0.00,0.00,0.00,3,8.7,19.8,100
2025-06-13T02:00,15.3,73,14.1,0.00,0.00,0.00,0.00,2,8.9,18.0,52
2025-06-13T03:00,14.6,73,13.3,0.00,0.00,0.00,0.00,1,8.5,18.0,24
2025-06-13T04:00,14.9,70,13.4,0.00,0.00,0.00,0.00,0,9.4,19.4,12
2025-06-13T05:00,14.8,72,13.3,0.00,0.00,0.00,0.00,3,9.8,20.9,100
2025-06-13T06:00,15.1,73,14.0,0.00,0.00,0.00,0.00,3,8.7,22.0,96
2025-06-13T07:00,16.3,70,15.4,0.00,0.00,0.00,0.00,1,8.3,22.0,33
2025-06-13T08:00,17.6,67,16.7,0.00,0.00,0.00,0.00,1,9.0,24.5,25
2025-06-13T09:00,18.9,60,17.7,0.00,0.00,0.00,0.00,3,10.6,30.2,100
2025-06-13T10:00,19.3,56,17.7,0.20,0.20,0.00,0.00,51,12.9,36.0,100
2025-06-13T11:00,18.3,61,16.3,0.50,0.50,0.00,0.00,53,15.0,38.9,100
2025-06-13T12:00,16.6,73,15.2,2.50,2.50,0.00,0.00,63,13.2,38.5,100
2025-06-13T13:00,16.7,74,15.9,0.50,0.50,0.00,0.00,53,9.4,36.0,100
2025-06-13T14:00,19.2,67,18.1,0.10,0.10,0.00,0.00,51,13.8,33.5,100
2025-06-13T15:00,18.2,68,17.1,1.70,1.70,0.00,0.00,61,11.6,43.9,100
2025-06-13T16:00,20.4,47,18.2,0.00,0.00,0.00,0.00,2,12.8,33.5,52
2025-06-13T17:00,18.3,61,16.1,0.00,0.00,0.00,0.00,3,16.2,41.0,93
2025-06-13T18:00,15.9,74,14.5,0.30,0.30,0.00,0.00,51,12.0,39.6,100
2025-06-13T19:00,15.0,86,14.8,2.00,2.00,0.00,0.00,61,7.1,30.2,100
2025-06-13T20:00,15.3,88,14.7,0.70,0.70,0.00,0.00,53,11.2,24.5,100
2025-06-13T21:00,15.0,90,14.0,1.00,1.00,0.00,0.00,55,13.8,29.5,100
2025-06-13T22:00,14.5,87,12.7,0.30,0.30,0.00,0.00,51,17.0,35.6,87
2025-06-13T23:00,14.1,86,12.3,0.10,0.10,0.00,0.00,51,16.2,37.4,100
2025-06-14T00:00,13.8,85,12.1,0.00,0.00,0.00,0.00,3,14.6,36.4,99
2025-06-14T01:00,13.4,84,11.4,0.00,0.00,0.00,0.00,3,14.5,33.8,100
2025-06-14T02:00,12.7,89,10.8,2.20,2.20,0.00,0.00,61,14.5,33.8,100
2025-06-14T03:00,12.5,93,11.0,0.30,0.30,0.00,0.00,51,13.4,31.7,100
2025-06-14T04:00,12.2,94,11.0,0.00,0.00,0.00,0.00,3,10.4,22.7,100
2025-06-14T05:00,12.6,93,11.2,0.00,0.00,0.00,0.00,3,13.1,29.9,100
2025-06-14T06:00,13.2,91,11.6,0.10,0.10,0.00,0.00,51,14.8,32.8,100
2025-06-14T07:00,13.6,89,12.1,0.10,0.10,0.00,0.00,51,13.6,32.4,100
2025-06-14T08:00,13.8,87,12.2,0.10,0.10,0.00,0.00,51,14.0,33.1,100
2025-06-14T09:00,13.3,92,11.9,0.30,0.30,0.00,0.00,51,13.5,32.8,100
2025-06-14T10:00,14.1,88,13.0,0.30,0.30,0.00,0.00,51,12.1,33.8,100
2025-06-14T11:00,15.0,82,13.6,0.20,0.20,0.00,0.00,51,13.2,31.0,100
2025-06-14T12:00,15.9,79,14.8,0.20,0.20,0.00,0.00,51,11.9,34.2,100
2025-06-14T13:00,13.9,88,12.4,4.90,4.90,0.00,0.00,63,13.9,34.9,100
2025-06-14T14:00,16.2,80,15.0,0.30,0.30,0.00,0.00,51,14.6,38.9,100
2025-06-14T15:00,17.4,70,15.8,0.20,0.20,0.00,0.00,51,15.0,39.6,100
2025-06-14T16:00,17.4,67,15.6,0.10,0.10,0.00,0.00,51,14.7,38.9,75
2025-06-14T17:00,17.7,63,15.5,0.00,0.00,0.00,0.00,2,16.1,45.4,76
2025-06-14T18:00,15.6,72,13.4,0.70,0.70,0.00,0.00,53,16.2,46.8,100
2025-06-14T19:00,15.6,77,14.5,0.00,0.00,0.00,0.00,3,10.7,36.4,99
2025-06-14T20:00,15.5,79,14.2,0.00,0.00,0.00,0.00,2,12.7,29.5,53
2025-06-14T21:00,14.7,85,13.5,0.00,0.00,0.00,0.00,1,12.6,30.2,36
2025-06-14T22:00,14.1,89,13.1,0.00,0.00,0.00,0.00,3,11.4,28.4,100
2025-06-14T23:00,13.7,91,12.8,0.00,0.00,0.00,0.00,3,10.8,25.6,100
2025-06-15T00:00,13.9,90,12.8,0.00,0.00,0.00,0.00,3,12.2,27.0,100
2025-06-15T01:00,13.8,89,12.8,0.20,0.20,0.00,0.00,51,11.2,27.4,100
2025-06-15T02:00,13.3,91,12.4,0.90,0.90,0.00,0.00,53,10.2,25.6,100
2025-06-15T03:00,13.1,95,12.4,1.80,1.80,0.00,0.00,61,9.2,22.0,100
2025-06-15T04:00,12.9,92,11.8,0.20,0.20,0.00,0.00,51,10.2,22.0,100
2025-06-15T05:00,13.1,90,12.1,0.10,0.10,0.00,0.00,51,10.0,22.3,100
2025-06-15T06:00,13.3,91,12.4,0.10,0.10,0.00,0.00,51,9.5,22.3,96
2025-06-15T07:00,13.6,89,12.2,0.20,0.20,0.00,0.00,51,13.0,28.4,100
2025-06-15T08:00,13.7,89,12.5,0.10,0.10,0.00,0.00,51,12.4,28.8,100
2025-06-15T09:00,14.3,85,12.6,0.20,0.20,0.00,0.00,51,14.8,38.2,100
2025-06-15T10:00,14.4,84,12.4,0.30,0.30,0.00,0.00,51,17.0,38.2,100
2025-06-15T11:00,14.7,82,13.0,0.40,0.40,0.00,0.00,51,15.1,38.5,74
2025-06-15T12:00,15.6,78,13.8,0.50,0.50,0.00,0.00,53,16.1,39.6,89
2025-06-15T13:00,16.7,70,14.8,0.20,0.20,0.00,0.00,51,15.7,39.2,100
2025-06-15T14:00,17.3,68,15.4,0.20,0.20,0.00,0.00,51,15.8,38.9,100
2025-06-15T15:00,17.7,67,15.5,0.30,0.30,0.00,0.00,51,17.9,42.5,100
2025-06-15T16:00,16.7,68,14.3,0.00,0.00,0.00,0.00,3,17.8,45.4,97
2025-06-15T17:00,17.4,66,14.8,0.00,0.00,0.00,0.00,3,19.0,44.3,100
2025-06-15T18:00,17.1,67,14.9,0.00,0.00,0.00,0.00,3,17.3,45.0,85
2025-06-15T19:00,17.0,70,15.5,0.00,0.00,0.00,0.00,1,12.9,40.3,47
2025-06-15T20:00,16.2,77,15.3,0.00,0.00,0.00,0.00,1,11.0,29.5,41
2025-06-15T21:00,15.7,81,15.1,0.00,0.00,0.00,0.00,3,9.0,24.5,99
2025-06-15T22:00,15.1,84,14.6,0.00,0.00,0.00,0.00,3,8.3,19.4,100
2025-06-15T23:00,14.7,86,14.4,0.00,0.00,0.00,0.00,3,7.3,17.3,96
2025-06-16T00:00,14.3,88,14.0,0.00,0.00,0.00,0.00,0,7.0,14.4,17
2025-06-16T01:00,14.0,89,13.7,0.00,0.00,0.00,0.00,1,6.9,13.7,24
2025-06-16T02:00,13.8,89,13.5,0.00,0.00,0.00,0.00,0,5.9,13.0,17
2025-06-16T03:00,13.5,89,13.3,0.00,0.00,0.00,0.00,0,4.9,10.8,3
2025-06-16T04:00,13.0,92,12.8,0.00,0.00,0.00,0.00,0,5.0,10.1,5
2025-06-16T05:00,13.2,91,12.9,0.00,0.00,0.00,0.00,0,5.8,11.2,0
2025-06-16T06:00,14.0,90,13.9,0.00,0.00,0.00,0.00,0,5.8,11.9,0
2025-06-16T07:00,15.4,84,15.7,0.00,0.00,0.00,0.00,0,3.6,11.9,1
2025-06-16T08:00,17.0,78,17.5,0.00,0.00,0.00,0.00,0,3.6,12.6,0
2025-06-16T09:00,18.7,69,18.9,0.00,0.00,0.00,0.00,1,4.4,15.1,39
2025-06-16T10:00,20.0,57,20.0,0.00,0.00,0.00,0.00,3,6.6,19.8,100
2025-06-16T11:00,20.9,51,20.7,0.00,0.00,0.00,0.00,0,7.6,22.0,0
2025-06-16T12:00,21.7,49,22.2,0.00,0.00,0.00,0.00,0,8.8,28.4,4
2025-06-16T13:00,22.5,48,23.0,0.00,0.00,0.00,0.00,0,9.8,29.5,17
2025-06-16T14:00,22.7,48,22.8,0.00,0.00,0.00,0.00,1,10.7,31.7,27
2025-06-16T15:00,23.1,51,22.9,0.00,0.00,0.00,0.00,2,11.1,33.1,53
2025-06-16T16:00,23.1,43,21.3,0.00,0.00,0.00,0.00,2,12.0,30.2,51
2025-06-16T17:00,22.5,48,21.4,0.00,0.00,0.00,0.00,1,9.9,32.0,42
2025-06-16T18:00,22.7,48,21.6,0.00,0.00,0.00,0.00,2,9.8,23.0,65
2025-06-16T19:00,22.1,55,21.5,0.00,0.00,0.00,0.00,1,9.3,23.0,21
2025-06-16T20:00,20.6,64,20.3,0.00,0.00,0.00,0.00,0,9.6,25.2,14
2025-06-16T21:00,19.2,73,19.6,0.00,0.00,0.00,0.00,0,7.2,20.5,14
2025-06-16T22:00,18.1,80,18.4,0.00,0.00,0.00,0.00,0,7.6,14.8,5
2025-06-16T23:00,17.1,85,17.5,0.00,0.00,0.00,0.00,0,7.9,16.2,7
2025-06-17T00:00,16.2,90,16.6,0.00,0.00,0.00,0.00,0,7.8,16.6,6
2025-06-17T01:00,15.7,92,16.4,0.00,0.00,0.00,0.00,0,5.6,15.5,6
2025-06-17T02:00,15.3,93,15.8,0.00,0.00,0.00,0.00,0,5.6,10.4,4
2025-06-17T03:00,14.8,94,15.2,0.00,0.00,0.00,0.00,0,5.1,10.4,4
2025-06-17T04:00,14.6,93,14.9,0.00,0.00,0.00,0.00,0,5.1,10.1,1
2025-06-17T05:00,14.5,93,15.0,0.00,0.00,0.00,0.00,0,4.2,9.4,15
2025-06-17T06:00,15.0,91,15.5,0.00,0.00,0.00,0.00,1,4.2,10.4,22
2025-06-17T07:00,15.9,87,16.4,0.00,0.00,0.00,0.00,0,4.9,14.4,18
2025-06-17T08:00,17.0,81,17.5,0.00,0.00,0.00,0.00,0,4.9,15.8,12
2025-06-17T09:00,18.2,75,18.6,0.00,0.00,0.00,0.00,1,5.3,17.6,20
2025-06-17T10:00,19.2,69,20.0,0.00,0.00,0.00,0.00,0,5.8,19.4,10
2025-06-17T11:00,20.2,64,21.5,0.00,0.00,0.00,0.00,0,5.4,19.8,17
2025-06-17T12:00,20.7,61,22.1,0.20,0.20,0.00,0.00,51,4.2,19.1,76
2025-06-17T13:00,20.6,64,21.1,0.10,0.10,0.00,0.00,51,4.2,16.2,31
2025-06-17T14:00,22.0,58,23.0,0.10,0.10,0.00,0.00,51,5.9,19.8,50
2025-06-17T15:00,20.1,67,20.4,2.50,2.50,0.00,0.00,63,9.7,27.0,97
2025-06-17T16:00,19.1,79,20.7,0.90,0.90,0.00,0.00,53,0.5,24.8,63
2025-06-17T17:00,20.2,75,21.4,0.10,0.10,0.00,0.00,51,4.4,16.2,13
2025-06-17T18:00,20.4,74,21.2,0.10,0.10,0.00,0.00,51,6.8,20.2,30
2025-06-17T19:00,19.3,75,19.8,1.20,1.20,0.00,0.00,55,7.7,19.8,89
2025-06-17T20:00,17.8,86,18.8,0.00,0.00,0.00,0.00,3,5.6,18.7,99
2025-06-17T21:00,17.3,89,19.0,0.00,0.00,0.00,0.00,3,0.6,14.8,100
2025-06-17T22:00,17.0,91,18.5,0.00,0.00,0.00,0.00,3,2.7,7.6,100
2025-06-17T23:00,17.0,92,18.6,0.00,0.00,0.00,0.00,3,1.5,7.6,100
2025-06-18T00:00,16.9,92,18.6,0.00,0.00,0.00,0.00,3,1.4,5.0,98
2025-06-18T01:00,16.4,95,17.9,0.10,0.10,0.00,0.00,51,1.9,3.2,100
2025-06-18T02:00,16.0,96,17.1,0.10,0.10,0.00,0.00,51,4.6,8.3,96
2025-06-18T03:00,15.7,94,16.4,0.00,0.00,0.00,0.00,3,6.4,12.6,99
2025-06-18T04:00,14.7,96,15.4,0.00,0.00,0.00,0.00,3,3.6,8.3,99
2025-06-18T05:00,14.7,95,15.5,0.00,0.00,0.00,0.00,3,3.0,7.9,97
2025-06-18T06:00,15.0,93,15.5,0.00,0.00,0.00,0.00,3,4.6,11.2,100
2025-06-18T07:00,15.3,91,15.7,0.00,0.00,0.00,0.00,3,5.8,14.8,100
2025-06-18T08:00,15.5,90,16.0,0.10,0.10,0.00,0.00,51,4.7,14.4,100
2025-06-18T09:00,15.5,89,16.1,0.30,0.30,0.00,0.00,51,4.1,13.3,100
2025-06-18T10:00,15.7,87,16.0,0.90,0.90,0.00,0.00,53,5.2,14.4,100
2025-06-18T11:00,15.6,88,16.1,0.90,0.90,0.00,0.00,53,4.9,14.4,100
2025-06-18T12:00,16.2,86,16.7,0.80,0.80,0.00,0.00,53,5.3,16.6,100
2025-06-18T13:00,16.5,84,16.9,0.40,0.40,0.00,0.00,51,5.2,17.3,99
2025-06-18T14:00,17.2,79,17.5,0.10,0.10,0.00,0.00,51,5.4,16.2,100
2025-06-18T15:00,17.5,76,17.7,0.10,0.10,0.00,0.00,51,5.6,16.6,100
2025-06-18T16:00,19.4,63,19.0,0.10,0.10,0.00,0.00,51,7.6,23.4,100
2025-06-18T17:00,19.7,60,19.2,0.10,0.10,0.00,0.00,51,6.6,21.6,97
2025-06-18T18:00,19.4,61,18.8,0.00,0.00,0.00,0.00,3,7.8,19.4,100
2025-06-18T19:00,18.0,73,17.6,0.00,0.00,0.00,0.00,3,9.5,24.5,100
2025-06-18T20:00,17.1,81,17.2,0.00,0.00,0.00,0.00,3,7.6,23.0,92
2025-06-18T21:00,16.6,86,16.8,0.00,0.00,0.00,0.00,3,7.8,17.6,95
2025-06-18T22:00,16.0,87,16.2,0.00,0.00,0.00,0.00,3,7.2,18.4,100
2025-06-18T23:00,15.8,88,16.2,0.10,0.10,0.00,0.00,51,5.4,15.1,100
2025-06-19T00:00,15.6,90,16.2,0.20,0.20,0.00,0.00,51,4.9,11.2,100
2025-06-19T01:00,15.4,92,15.8,0.10,0.10,0.00,0.00,51,6.2,12.2,100
2025-06-19T02:00,15.0,92,15.2,0.00,0.00,0.00,0.00,3,6.8,13.7,99
2025-06-19T03:00,14.5,91,14.4,0.00,0.00,0.00,0.00,3,7.4,14.4,93
2025-06-19T04:00,13.1,94,12.4,0.00,0.00,0.00,0.00,1,9.5,19.8,39
2025-06-19T05:00,13.2,94,12.3,0.00,0.00,0.00,0.00,1,10.3,22.0,35
2025-06-19T06:00,13.7,92,12.9,0.00,0.00,0.00,0.00,1,10.4,24.8,48
2025-06-19T07:00,14.5,88,13.8,0.00,0.00,0.00,0.00,3,9.7,24.5,96
2025-06-19T08:00,15.1,84,14.7,0.10,0.10,0.00,0.00,51,7.6,24.5,100
2025-06-19T09:00,15.2,84,14.9,0.20,0.20,0.00,0.00,51,7.0,22.0,100
2025-06-19T10:00,16.6,75,16.5,0.10,0.10,0.00,0.00,51,5.5,20.9,71
2025-06-19T11:00,15.6,78,14.6,2.70,2.70,0.00,0.00,63,10.4,27.0,99
2025-06-19T12:00,16.1,83,15.6,0.60,0.60,0.00,0.00,53,10.5,29.5,66
2025-06-19T13:00,17.8,72,17.9,0.10,0.10,0.00,0.00,51,11.1,30.6,100
2025-06-19T14:00,16.2,75,15.1,0.40,0.40,0.00,0.00,51,15.0,38.2,98
2025-06-19T15:00,16.7,70,14.4,0.10,0.10,0.00,0.00,51,18.6,43.2,97
2025-06-19T16:00,16.6,64,13.7,0.00,0.00,0.00,0.00,3,19.8,47.9,97
2025-06-19T17:00,16.1,65,13.4,0.00,0.00,0.00,0.00,3,17.8,47.9,100
2025-06-19T18:00,15.8,67,13.2,0.00,0.00,0.00,0.00,3,16.7,42.5,100
2025-06-19T19:00,15.4,69,12.8,0.10,0.10,0.00,0.00,51,16.6,39.6,100
2025-06-19T20:00,14.7,75,12.9,0.00,0.00,0.00,0.00,3,12.5,38.2,100
2025-06-19T21:00,14.1,78,12.6,0.00,0.00,0.00,0.00,3,10.7,29.2,100
2025-06-19T22:00,13.6,81,12.2,0.00,0.00,0.00,0.00,3,10.6,24.5,100
2025-06-19T23:00,13.3,83,12.0,0.00,0.00,0.00,0.00,3,9.9,23.4,100
2025-06-20T00:00,13.2,84,11.7,0.00,0.00,0.00,0.00,3,10.6,23.4,100
2025-06-20T01:00,12.9,83,11.4,0.00,0.00,0.00,0.00,3,10.2,24.1,100
2025-06-20T02:00,12.6,83,11.1,0.00,0.00,0.00,0.00,3,9.7,22.7,100
2025-06-20T03:00,12.1,84,10.5,0.00,0.00,0.00,0.00,3,10.0,21.6,100
2025-06-20T04:00,11.4,86,9.7,0.00,0.00,0.00,0.00,3,9.7,21.2,100
2025-06-20T05:00,11.3,86,9.5,0.00,0.00,0.00,0.00,3,10.0,23.0,100
2025-06-20T06:00,11.6,86,10.1,0.00,0.00,0.00,0.00,3,9.1,23.0,100
2025-06-20T07:00,12.3,84,10.3,0.00,0.00,0.00,0.00,3,13.0,30.6,100
2025-06-20T08:00,13.4,81,11.6,0.10,0.10,0.00,0.00,51,12.5,32.0,100
2025-06-20T09:00,13.4,82,11.9,0.90,0.90,0.00,0.00,53,10.7,31.0,100
2025-06-20T10:00,13.2,86,11.9,1.80,1.80,0.00,0.00,61,10.9,27.7,100
2025-06-20T11:00,12.5,92,11.3,2.30,2.30,0.00,0.00,61,11.2,25.6,100
2025-06-20T12:00,13.3,88,12.0,1.20,1.20,0.00,0.00,55,11.5,28.8,100
2025-06-20T13:00,13.4,86,12.1,0.40,0.40,0.00,0.00,51,10.8,28.8,100
2025-06-20T14:00,13.8,85,12.2,0.20,0.20,0.00,0.00,51,13.5,32.8,100
2025-06-20T15:00,14.0,85,12.5,0.50,0.50,0.00,0.00,53,13.1,32.4,100
2025-06-20T16:00,15.6,73,13.6,0.10,0.10,0.00,0.00,51,14.5,36.7,100
2025-06-20T17:00,16.6,68,14.6,0.00,0.00,0.00,0.00,3,14.3,34.6,100
2025-06-20T18:00,17.0,66,15.2,0.00,0.00,0.00,0.00,3,13.1,35.6,100
2025-06-20T19:00,16.6,69,14.8,0.30,0.30,0.00,0.00,51,13.9,29.5,100
2025-06-20T20:00,15.1,82,13.9,0.00,0.00,0.00,0.00,3,12.4,32.8,99
2025-06-20T21:00,14.4,86,13.3,0.00,0.00,0.00,0.00,2,12.0,28.4,60
2025-06-20T22:00,14.2,90,13.0,0.00,0.00,0.00,0.00,3,13.4,30.2,93
2025-06-20T23:00,14.1,91,12.9,0.00,0.00,0.00,0.00,3,13.7,32.0,100
2025-06-21T00:00,14.0,90,12.6,0.00,0.00,0.00,0.00,3,14.2,32.8,100
2025-06-21T01:00,13.9,89,12.3,0.00,0.00,0.00,0.00,3,15.3,35.3,100
2025-06-21T02:00,13.5,89,11.8,0.00,0.00,0.00,0.00,3,15.4,36.0,100
2025-06-21T03:00,13.1,89,11.2,0.10,0.10,0.00,0.00,51,15.6,36.4,100
2025-06-21T04:00,12.0,89,9.8,0.00,0.00,0.00,0.00,3,15.0,34.9,100
2025-06-21T05:00,11.8,88,9.7,0.00,0.00,0.00,0.00,3,13.8,36.0,100
2025-06-21T06:00,11.8,87,9.7,0.00,0.00,0.00,0.00,3,13.4,34.6,100
2025-06-21T07:00,11.9,85,9.7,0.00,0.00,0.00,0.00,3,13.8,33.1,100
2025-06-21T08:00,12.2,81,9.8,0.00,0.00,0.00,0.00,3,14.9,35.6,100
2025-06-21T09:00,12.5,78,10.0,0.00,0.00,0.00,0.00,3,14.6,36.4,100
2025-06-21T10:00,12.7,76,10.2,0.00,0.00,0.00,0.00,3,14.8,36.4,100
2025-06-21T11:00,13.8,69,10.7,0.00,0.00,0.00,0.00,3,17.5,41.8,100
2025-06-21T12:00,14.3,65,11.5,0.00,0.00,0.00,0.00,3,15.2,42.1,99
2025-06-21T13:00,15.0,60,12.2,0.00,0.00,0.00,0.00,3,14.3,38.2,89
2025-06-21T14:00,16.1,54,13.6,0.00,0.00,0.00,0.00,1,15.8,40.3,48
2025-06-21T15:00,16.5,51,13.9,0.00,0.00,0.00,0.00,2,16.3,41.0,71
2025-06-21T16:00,15.9,47,12.8,0.00,0.00,0.00,0.00,1,15.6,41.0,31
2025-06-21T17:00,15.8,48,12.3,0.00,0.00,0.00,0.00,0,15.0,39.6,10
2025-06-21T18:00,15.6,49,12.1,0.00,0.00,0.00,0.00,1,15.5,38.2,40
2025-06-21T19:00,15.0,51,11.8,0.00,0.00,0.00,0.00,1,13.1,37.1,32
2025-06-21T20:00,14.6,54,12.6,0.00,0.00,0.00,0.00,3,5.9,29.5,94
2025-06-21T21:00,14.0,59,12.2,0.00,0.00,0.00,0.00,2,5.4,11.5,76
2025-06-21T22:00,13.4,64,11.5,0.00,0.00,0.00,0.00,2,6.9,13.0,58
2025-06-21T23:00,12.5,70,11.1,0.00,0.00,0.00,0.00,0,4.3,13.0,7
2025-06-22T00:00,11.7,76,10.7,0.00,0.00,0.00,0.00,1,2.1,7.6,33
2025-06-22T01:00,11.3,79,10.3,0.00,0.00,0.00,0.00,3,2.6,6.8,97
2025-06-22T02:00,11.3,79,10.1,0.00,0.00,0.00,0.00,3,4.0,7.2,100
2025-06-22T03:00,11.0,79,9.6,0.00,0.00,0.00,0.00,3,5.4,10.1,100
2025-06-22T04:00,9.9,86,8.7,0.00,0.00,0.00,0.00,3,3.9,9.4,94
2025-06-22T05:00,10.2,84,9.0,0.00,0.00,0.00,0.00,2,3.9,6.8,65
2025-06-22T06:00,10.8,83,9.5,0.00,0.00,0.00,0.00,3,5.2,9.4,100
2025-06-22T07:00,12.1,81,11.0,0.00,0.00,0.00,0.00,3,5.0,12.2,90
2025-06-22T08:00,13.5,74,12.3,0.00,0.00,0.00,0.00,3,6.1,16.6,100
2025-06-22T09:00,14.7,68,13.3,0.00,0.00,0.00,0.00,3,7.6,19.8,100
2025-06-22T10:00,15.9,61,13.9,0.00,0.00,0.00,0.00,3,10.6,26.6,100
2025-06-22T11:00,16.0,56,13.3,0.00,0.00,0.00,0.00,3,13.4,32.8,100
2025-06-22T12:00,16.3,57,13.6,0.00,0.00,0.00,0.00,3,13.9,34.6,100
2025-06-22T13:00,15.7,58,13.0,0.30,0.30,0.00,0.00,51,14.3,36.7,100
2025-06-22T14:00,14.3,69,12.5,0.70,0.70,0.00,0.00,53,10.0,33.8,100
2025-06-22T15:00,13.8,77,12.6,1.00,1.00,0.00,0.00,55,7.4,23.4,100
2025-06-22T16:00,14.4,67,13.0,0.10,0.10,0.00,0.00,51,6.6,22.7,100
2025-06-22T17:00,14.1,70,13.0,0.30,0.30,0.00,0.00,51,4.9,18.4,100
2025-06-22T18:00,14.0,71,12.8,0.10,0.10,0.00,0.00,51,6.1,16.2,99
2025-06-22T19:00,13.9,72,12.5,0.00,0.00,0.00,0.00,3,7.3,18.0,100
2025-06-22T20:00,13.7,75,12.5,0.10,0.10,0.00,0.00,51,6.4,17.3,100
2025-06-22T21:00,13.3,78,12.2,0.00,0.00,0.00,0.00,3,7.0,15.1,100
2025-06-22T22:00,12.9,80,11.6,0.00,0.00,0.00,0.00,3,7.8,16.2,100
2025-06-22T23:00,12.6,81,11.1,0.00,0.00,0.00,0.00,3,8.9,19.1,100
2025-06-23T00:00,12.2,83,10.7,0.00,0.00,0.00,0.00,3,9.0,19.8,92
2025-06-23T01:00,11.9,84,10.4,0.00,0.00,0.00,0.00,2,8.8,19.4,55
2025-06-23T02:00,11.3,86,9.8,0.00,0.00,0.00,0.00,0,8.6,18.4,17
2025-06-23T03:00,11.0,87,9.4,0.00,0.00,0.00,0.00,0,8.2,17.6,8
2025-06-23T04:00,11.3,90,9.8,0.00,0.00,0.00,0.00,3,9.3,19.1,92
2025-06-23T05:00,11.3,89,9.8,0.00,0.00,0.00,0.00,3,9.2,19.1,99
2025-06-23T06:00,11.9,87,10.9,0.00,0.00,0.00,0.00,3,6.7,19.1,99
2025-06-23T07:00,12.8,84,12.0,0.00,0.00,0.00,0.00,3,6.2,16.2,100
2025-06-23T08:00,14.0,79,13.2,0.00,0.00,0.00,0.00,3,6.6,17.3,100
2025-06-23T09:00,14.9,73,13.7,0.00,0.00,0.00,0.00,3,7.9,20.2,100
2025-06-23T10:00,15.7,64,14.0,0.00,0.00,0.00,0.00,3,9.7,24.8,100
2025-06-23T11:00,16.8,55,14.7,0.00,0.00,0.00,0.00,0,9.9,27.0,6
2025-06-23T12:00,17.8,49,16.9,0.00,0.00,0.00,0.00,0,8.8,27.4,19
2025-06-23T13:00,18.4,46,17.3,0.00,0.00,0.00,0.00,1,8.4,26.3,49
2025-06-23T14:00,18.3,47,16.6,0.00,0.00,0.00,0.00,3,8.1,24.5,82
2025-06-23T15:00,18.5,48,17.3,0.00,0.00,0.00,0.00,1,6.4,23.4,32
2025-06-23T16:00,19.4,45,17.8,0.00,0.00,0.00,0.00,0,6.3,21.2,13
2025-06-23T17:00,19.2,45,17.6,0.00,0.00,0.00,0.00,1,5.3,19.4,34
2025-06-23T18:00,19.0,46,17.5,0.00,0.00,0.00,0.00,1,5.0,15.8,31
2025-06-23T19:00,18.8,47,17.4,0.00,0.00,0.00,0.00,2,4.7,14.4,60
2025-06-23T20:00,17.7,56,16.6,0.00,0.00,0.00,0.00,1,5.4,11.2,24
2025-06-23T21:00,16.4,65,15.5,0.00,0.00,0.00,0.00,1,5.4,11.9,25
2025-06-23T22:00,15.6,70,15.0,0.00,0.00,0.00,0.00,1,4.1,10.4,38
2025-06-23T23:00,14.8,74,14.2,0.00,0.00,0.00,0.00,0,4.9,9.4,0
2025-06-24T00:00,14.0,80,13.7,0.00,0.00,0.00,0.00,0,3.0,9.0,0
2025-06-24T01:00,13.4,83,13.4,0.00,0.00,0.00,0.00,0,1.3,4.7,0
2025-06-24T02:00,12.8,85,12.6,0.00,0.00,0.00,0.00,0,1.8,2.9,0
2025-06-24T03:00,12.1,88,11.7,0.00,0.00,0.00,0.00,0,3.2,5.0,0
2025-06-24T04:00,11.3,89,11.0,0.00,0.00,0.00,0.00,0,1.2,4.0,0
2025-06-24T05:00,11.6,89,11.0,0.00,0.00,0.00,0.00,0,4.1,7.2,0
2025-06-24T06:00,12.4,89,11.6,0.00,0.00,0.00,0.00,0,6.7,12.2,14
2025-06-24T07:00,14.0,84,13.6,0.00,0.00,0.00,0.00,0,4.9,13.7,1
2025-06-24T08:00,15.7,74,15.0,0.00,0.00,0.00,0.00,3,6.5,18.0,94
2025-06-24T09:00,17.1,65,15.9,0.00,0.00,0.00,0.00,3,9.6,25.6,91
2025-06-24T10:00,18.4,57,16.6,0.00,0.00,0.00,0.00,3,14.8,35.6,80
2025-06-24T11:00,19.3,51,17.2,0.00,0.00,0.00,0.00,3,18.1,43.9,86
2025-06-24T12:00,19.8,50,17.3,0.00,0.00,0.00,0.00,3,20.0,49.3,100
2025-06-24T13:00,19.6,52,16.7,0.00,0.00,0.00,0.00,3,18.4,49.0,99
2025-06-24T14:00,20.1,52,17.3,0.00,0.00,0.00,0.00,3,19.1,46.4,100
2025-06-24T15:00,19.9,54,17.4,0.00,0.00,0.00,0.00,2,17.8,45.7,66
2025-06-24T16:00,20.4,50,17.5,0.00,0.00,0.00,0.00,3,18.7,42.5,94
2025-06-24T17:00,20.1,54,17.8,0.00,0.00,0.00,0.00,3,17.1,43.9,100
2025-06-24T18:00,19.5,58,17.7,0.00,0.00,0.00,0.00,3,13.5,40.3,100
2025-06-24T19:00,18.3,64,16.7,0.20,0.20,0.00,0.00,51,13.0,31.3,100
2025-06-24T20:00,16.5,75,15.4,0.90,0.90,0.00,0.00,53,11.8,29.5,100
2025-06-24T21:00,15.5,83,14.7,0.70,0.70,0.00,0.00,53,10.7,25.2,100
2025-06-24T22:00,15.1,86,14.2,0.10,0.10,0.00,0.00,51,11.7,25.6,100
2025-06-24T23:00,14.7,89,13.9,0.00,0.00,0.00,0.00,3,11.7,26.3,100
2025-06-25T00:00,14.3,92,13.7,0.00,0.00,0.00,0.00,3,10.2,25.9,100
2025-06-25T01:00,13.7,94,13.2,0.00,0.00,0.00,0.00,1,9.7,22.7,36
2025-06-25T02:00,13.3,95,12.7,0.00,0.00,0.00,0.00,0,9.8,20.9,7
2025-06-25T03:00,12.9,95,12.2,0.00,0.00,0.00,0.00,0,9.6,20.9,0
2025-06-25T04:00,13.1,92,12.2,0.00,0.00,0.00,0.00,0,10.1,24.5,17
2025-06-25T05:00,13.0,92,12.0,0.00,0.00,0.00,0.00,0,9.7,21.6,4
2025-06-25T06:00,13.4,90,12.7,0.00,0.00,0.00,0.00,0,8.4,21.6,0
2025-06-25T07:00,14.3,84,12.6,0.00,0.00,0.00,0.00,0,14.4,35.6,16
2025-06-25T08:00,15.2,78,13.8,0.00,0.00,0.00,0.00,0,12.5,37.1,16
2025-06-25T09:00,16.0,76,14.3,0.00,0.00,0.00,0.00,1,14.5,42.5,34
2025-06-25T10:00,16.8,70,14.9,0.00,0.00,0.00,0.00,3,16.6,46.4,100
2025-06-25T11:00,17.4,65,15.3,0.10,0.10,0.00,0.00,51,16.9,46.4,100
2025-06-25T12:00,17.5,60,14.8,0.10,0.10,0.00,0.00,51,17.7,45.4,100
2025-06-25T13:00,17.6,55,14.8,0.00,0.00,0.00,0.00,3,16.9,49.3,92
2025-06-25T14:00,18.9,55,16.0,0.00,0.00,0.00,0.00,3,19.1,45.7,90
2025-06-25T15:00,16.1,74,14.7,1.60,1.60,0.00,0.00,61,12.2,50.0,14
2025-06-25T16:00,18.9,50,16.2,0.00,0.00,0.00,0.00,3,17.5,48.6,100
2025-06-25T17:00,18.9,49,15.8,0.00,0.00,0.00,0.00,3,17.9,42.5,100
2025-06-25T18:00,18.6,51,16.0,0.00,0.00,0.00,0.00,1,14.8,42.5,21
2025-06-25T19:00,18.2,56,16.3,0.00,0.00,0.00,0.00,0,12.2,34.2,14
2025-06-25T20:00,17.3,63,15.8,0.00,0.00,0.00,0.00,1,11.1,28.4,21
2025-06-25T21:00,16.3,69,15.0,0.00,0.00,0.00,0.00,1,10.2,25.2,29
2025-06-25T22:00,15.5,74,13.9,0.00,0.00,0.00,0.00,0,12.2,26.3,13
2025-06-25T23:00,14.7,77,13.1,0.00,0.00,0.00,0.00,0,12.2,27.7,16
2025-06-26T00:00,14.2,81,12.8,0.00,0.00,0.00,0.00,0,11.2,27.0,15
2025-06-26T01:00,13.7,83,12.4,0.00,0.00,0.00,0.00,0,11.2,24.5,8
2025-06-26T02:00,13.3,86,12.1,0.00,0.00,0.00,0.00,2,10.2,24.1,69
2025-06-26T03:00,12.8,89,11.7,0.00,0.00,0.00,0.00,3,9.6,21.6,100
2025-06-26T04:00,13.0,91,12.2,0.00,0.00,0.00,0.00,1,9.1,20.9,24
2025-06-26T05:00,13.0,93,12.3,0.00,0.00,0.00,0.00,0,8.6,19.4,9
2025-06-26T06:00,13.6,91,12.9,0.00,0.00,0.00,0.00,1,9.4,23.4,45
2025-06-26T07:00,14.5,86,13.6,0.00,0.00,0.00,0.00,3,10.6,26.3,100
2025-06-26T08:00,15.4,80,14.7,0.10,0.10,0.00,0.00,51,8.4,28.8,100
2025-06-26T09:00,16.2,75,15.5,0.10,0.10,0.00,0.00,51,8.0,24.8,100
2025-06-26T10:00,16.7,70,15.8,0.10,0.10,0.00,0.00,51,8.2,24.1,100
2025-06-26T11:00,16.7,70,15.9,0.00,0.00,0.00,0.00,2,7.8,23.4,59
2025-06-26T12:00,17.9,65,16.8,0.00,0.00,0.00,0.00,1,9.7,29.9,40
2025-06-26T13:00,18.8,59,18.0,0.00,0.00,0.00,0.00,1,11.5,32.8,48
2025-06-26T14:00,19.0,59,17.9,0.00,0.00,0.00,0.00,2,13.0,36.4,69
2025-06-26T15:00,18.7,56,16.8,0.00,0.00,0.00,0.00,2,15.0,38.9,66
2025-06-26T16:00,19.4,47,16.7,0.10,0.10,0.00,0.00,51,16.4,40.0,42
2025-06-26T17:00,18.8,51,15.8,0.10,0.10,0.00,0.00,51,17.3,42.8,64
2025-06-26T18:00,17.4,63,15.2,0.00,0.00,0.00,0.00,1,15.3,42.1,24
2025-06-26T19:00,16.6,68,14.1,0.10,0.10,0.00,0.00,51,18.0,44.3,45
2025-06-26T20:00,15.8,74,14.0,0.00,0.00,0.00,0.00,1,14.7,40.7,29
2025-06-26T21:00,14.8,79,13.2,0.50,0.50,0.00,0.00,53,13.5,39.2,29
2025-06-26T22:00,14.1,82,12.4,0.00,0.00,0.00,0.00,1,14.0,31.0,33
2025-06-26T23:00,13.5,85,11.8,0.00,0.00,0.00,0.00,1,13.9,31.3,29
2025-06-27T00:00,13.0,86,11.1,0.00,0.00,0.00,0.00,1,13.8,31.7,20
2025-06-27T01:00,12.3,88,10.6,0.00,0.00,0.00,0.00,1,12.5,31.0,31
2025-06-27T02:00,11.7,88,9.6,0.00,0.00,0.00,0.00,3,13.9,32.8,91
2025-06-27T03:00,11.6,87,9.5,0.00,0.00,0.00,0.00,3,12.9,31.3,100
2025-06-27T04:00,11.2,85,9.0,0.00,0.00,0.00,0.00,2,12.6,28.1,53
2025-06-27T05:00,11.1,85,8.6,0.00,0.00,0.00,0.00,1,14.3,32.8,47
2025-06-27T06:00,11.5,81,9.1,0.00,0.00,0.00,0.00,2,13.4,32.8,65
2025-06-27T07:00,12.1,76,9.3,0.00,0.00,0.00,0.00,1,15.6,37.8,29
2025-06-27T08:00,12.9,70,9.7,0.00,0.00,0.00,0.00,1,17.3,42.5,23
2025-06-27T09:00,13.8,63,10.4,0.00,0.00,0.00,0.00,1,17.2,43.2,35
2025-06-27T10:00,14.7,56,11.3,0.00,0.00,0.00,0.00,2,17.0,44.3,66
2025-06-27T11:00,15.3,52,11.6,0.00,0.00,0.00,0.00,3,17.9,44.6,100
2025-06-27T12:00,15.9,49,12.0,0.00,0.00,0.00,0.00,3,18.3,44.6,100
2025-06-27T13:00,16.4,46,12.4,0.00,0.00,0.00,0.00,3,18.6,46.1,100
2025-06-27T14:00,16.5,47,12.8,0.00,0.00,0.00,0.00,3,17.7,45.4,100
2025-06-27T15:00,17.0,46,13.4,0.00,0.00,0.00,0.00,3,16.4,42.5,100
2025-06-27T16:00,18.5,41,15.6,0.00,0.00,0.00,0.00,1,15.3,38.2,48
2025-06-27T17:00,18.2,43,14.7,0.00,0.00,0.00,0.00,3,16.5,39.6,86
2025-06-27T18:00,17.8,45,14.5,0.00,0.00,0.00,0.00,3,15.0,42.8,100
2025-06-27T19:00,17.2,52,15.0,0.00,0.00,0.00,0.00,0,10.1,36.0,14
2025-06-27T20:00,16.8,56,15.1,0.00,0.00,0.00,0.00,0,7.8,23.4,4
2025-06-27T21:00,15.7,63,14.5,0.00,0.00,0.00,0.00,1,5.4,16.9,33
2025-06-27T22:00,14.8,68,13.7,0.00,0.00,0.00,0.00,2,5.2,10.4,55
2025-06-27T23:00,14.1,72,13.3,0.00,0.00,0.00,0.00,0,4.2,9.4,14
2025-06-28T00:00,13.1,78,12.6,0.00,0.00,0.00,0.00,3,2.5,7.2,89
2025-06-28T01:00,12.7,79,12.0,0.00,0.00,0.00,0.00,2,3.4,5.8,51
2025-06-28T02:00,11.9,84,11.2,0.00,0.00,0.00,0.00,0,3.4,7.6,0
2025-06-28T03:00,11.2,88,10.7,0.00,0.00,0.00,0.00,2,1.9,5.4,67
2025-06-28T04:00,10.2,89,9.5,0.00,0.00,0.00,0.00,3,1.8,4.7,100
2025-06-28T05:00,10.4,90,9.9,0.00,0.00,0.00,0.00,3,0.7,2.9,100
2025-06-28T06:00,11.3,87,10.9,0.00,0.00,0.00,0.00,3,1.5,4.0,98
2025-06-28T07:00,12.8,83,12.6,0.00,0.00,0.00,0.00,3,1.4,6.5,99
2025-06-28T08:00,14.9,74,14.8,0.00,0.00,0.00,0.00,3,1.3,8.3,99
2025-06-28T09:00,16.5,64,16.2,0.00,0.00,0.00,0.00,3,1.5,9.4,100
2025-06-28T10:00,17.7,56,17.4,0.00,0.00,0.00,0.00,2,2.0,11.5,58
2025-06-28T11:00,18.8,49,19.0,0.00,0.00,0.00,0.00,0,2.2,12.2,0
2025-06-28T12:00,19.8,46,20.8,0.00,0.00,0.00,0.00,2,0.7,12.6,52
2025-06-28T13:00,20.3,43,20.4,0.00,0.00,0.00,0.00,3,1.7,11.2,100
2025-06-28T14:00,20.6,41,19.5,0.00,0.00,0.00,0.00,3,2.0,11.9,100
2025-06-28T15:00,20.6,39,19.3,0.00,0.00,0.00,0.00,3,1.9,11.2,100
2025-06-28T16:00,22.2,31,20.4,0.00,0.00,0.00,0.00,3,3.0,13.3,100
2025-06-28T17:00,22.4,31,20.5,0.00,0.00,0.00,0.00,3,3.8,13.3,100
2025-06-28T18:00,21.4,35,19.0,0.00,0.00,0.00,0.00,3,8.9,21.6,100
2025-06-28T19:00,19.9,44,17.4,0.00,0.00,0.00,0.00,3,11.9,28.4,99
2025-06-28T20:00,19.2,49,17.9,0.00,0.00,0.00,0.00,3,5.6,27.4,100
2025-06-28T21:00,18.3,55,17.3,0.00,0.00,0.00,0.00,3,5.3,11.2,99
2025-06-28T22:00,17.1,66,16.8,0.00,0.00,0.00,0.00,3,3.4,10.1,98
2025-06-28T23:00,16.7,68,16.7,0.00,0.00,0.00,0.00,2,1.1,4.7,52
2025-06-29T00:00,15.9,67,15.2,0.00,0.00,0.00,0.00,3,4.9,8.3,100
2025-06-29T01:00,15.2,70,14.5,0.00,0.00,0.00,0.00,3,4.5,9.0,99
2025-06-29T02:00,14.3,74,13.6,0.00,0.00,0.00,0.00,3,3.7,8.3,100
2025-06-29T03:00,13.5,78,13.1,0.00,0.00,0.00,0.00,1,2.3,6.1,43
2025-06-29T04:00,13.4,83,13.4,0.00,0.00,0.00,0.00,2,1.0,3.2,71
2025-06-29T05:00,13.3,85,13.4,0.00,0.00,0.00,0.00,3,0.8,2.2,100
2025-06-29T06:00,14.3,79,14.1,0.00,0.00,0.00,0.00,3,3.1,5.8,100
2025-06-29T07:00,15.5,75,15.3,0.00,0.00,0.00,0.00,1,3.3,8.6,40
2025-06-29T08:00,17.7,66,17.5,0.00,0.00,0.00,0.00,0,4.0,13.0,13
2025-06-29T09:00,19.2,59,18.5,0.00,0.00,0.00,0.00,1,6.8,19.8,27
2025-06-29T10:00,20.1,57,19.2,0.00,0.00,0.00,0.00,1,8.7,27.4,23
2025-06-29T11:00,21.0,53,20.2,0.00,0.00,0.00,0.00,2,10.6,32.0,72
2025-06-29T12:00,21.6,50,20.6,0.00,0.00,0.00,0.00,2,12.6,34.9,51
2025-06-29T13:00,21.0,47,19.0,0.30,0.30,0.00,0.00,51,16.0,41.0,94
2025-06-29T14:00,20.5,51,18.1,0.00,0.00,0.00,0.00,2,15.8,40.7,54
2025-06-29T15:00,20.8,53,18.3,0.10,0.10,0.00,0.00,51,18.2,46.1,100
2025-06-29T16:00,20.1,54,17.5,0.00,0.00,0.00,0.00,3,18.6,47.2,100
2025-06-29T17:00,17.6,68,16.0,1.20,1.20,0.00,0.00,55,14.8,45.4,100
2025-06-29T18:00,16.2,85,15.5,1.70,1.70,0.00,0.00,61,13.0,33.1,100
2025-06-29T19:00,16.0,83,14.5,0.20,0.20,0.00,0.00,51,16.4,39.6,95
2025-06-29T20:00,15.5,80,13.5,0.40,0.40,0.00,0.00,51,18.5,40.0,100
2025-06-29T21:00,14.6,91,13.3,2.20,2.20,0.00,0.00,61,15.3,41.4,100
2025-06-29T22:00,14.2,95,13.2,0.90,0.90,0.00,0.00,53,13.8,34.2,100
2025-06-29T23:00,14.1,94,12.5,0.70,0.70,0.00,0.00,53,17.0,34.9,19
2025-06-30T00:00,13.2,91,11.1,0.10,0.10,0.00,0.00,51,17.8,39.2,8
2025-06-30T01:00,12.0,91,9.4,0.10,0.10,0.00,0.00,51,19.1,43.6,61
2025-06-30T02:00,11.9,89,9.3,0.00,0.00,0.00,0.00,2,17.9,42.8,53
2025-06-30T03:00,11.5,89,8.7,0.10,0.10,0.00,0.00,51,18.2,43.6,96
2025-06-30T04:00,11.3,87,8.2,0.10,0.10,0.00,0.00,51,19.4,43.6,100
2025-06-30T05:00,11.0,87,7.8,0.10,0.10,0.00,0.00,51,19.6,44.6,100
2025-06-30T06:00,11.1,85,8.2,0.10,0.10,0.00,0.00,51,17.3,44.6,100
2025-06-30T07:00,11.4,85,8.9,0.50,0.50,0.00,0.00,53,15.4,42.5,100
2025-06-30T08:00,11.7,83,8.7,0.10,0.10,0.00,0.00,51,18.4,42.1,100
2025-06-30T09:00,11.4,83,7.9,0.70,0.70,0.00,0.00,53,20.9,48.2,100
2025-06-30T10:00,11.9,81,8.5,0.10,0.10,0.00,0.00,51,20.9,50.4,100
2025-06-30T11:00,12.1,79,9.1,0.20,0.20,0.00,0.00,51,17.8,52.6,100
2025-06-30T12:00,12.7,78,9.3,0.30,0.30,0.00,0.00,51,21.4,49.0,100
2025-06-30T13:00,13.0,81,10.8,0.60,0.60,0.00,0.00,53,15.2,49.3,100
2025-06-30T14:00,13.0,86,11.4,0.60,0.60,0.00,0.00,53,12.6,38.9,100
2025-06-30T15:00,13.3,89,11.7,0.10,0.10,0.00,0.00,51,13.8,38.9,100
2025-06-30T16:00,14.4,73,11.8,0.10,0.10,0.00,0.00,51,17.1,45.7,100
2025-06-30T17:00,14.7,74,12.8,0.00,0.00,0.00,0.00,3,12.6,40.7,100
2025-06-30T18:00,14.7,78,13.8,0.80,0.80,0.00,0.00,53,8.3,29.5,100
2025-06-30T19:00,13.8,84,12.5,1.00,1.00,0.00,0.00,55,11.5,26.6,100
2025-06-30T20:00,13.1,89,11.3,1.00,1.00,0.00,0.00,55,15.0,32.0,100
2025-06-30T21:00,13.0,94,10.9,1.60,1.60,0.00,0.00,61,19.1,41.0,99
2025-06-30T22:00,12.5,93,10.2,0.00,0.00,0.00,0.00,3,19.1,43.6,100
2025-06-30T23:00,12.5,93,10.3,0.00,0.00,0.00,0.00,3,17.9,42.5,100
2025-07-01T00:00,12.5,92,9.8,0.10,0.10,0.00,0.00,51,20.7,46.8,100
2025-07-01T01:00,12.5,90,10.0,0.00,0.00,0.00,0.00,3,18.9,46.8,100
2025-07-01T02:00,12.6,91,10.3,0.10,0.10,0.00,0.00,51,17.5,42.8,100
2025-07-01T03:00,12.4,89,10.1,0.20,0.20,0.00,0.00,51,17.3,38.2,100
2025-07-01T04:00,12.4,91,9.4,0.80,0.80,0.00,0.00,53,22.1,49.0,100
2025-07-01T05:00,11.6,93,8.6,1.40,1.40,0.00,0.00,61,21.7,48.6,100
2025-07-01T06:00,11.4,92,8.1,0.80,0.80,0.00,0.00,53,23.1,52.9,100
2025-07-01T07:00,11.3,91,8.2,0.50,0.50,0.00,0.00,53,20.9,50.4,100
2025-07-01T08:00,11.3,89,8.3,0.70,0.70,0.00,0.00,53,19.9,47.2,100
2025-07-01T09:00,11.2,91,8.2,1.20,1.20,0.00,0.00,55,20.1,45.4,100
2025-07-01T10:00,11.5,90,8.4,0.90,0.90,0.00,0.00,53,21.4,54.7,100
2025-07-01T11:00,13.4,77,9.8,0.20,0.20,0.00,0.00,51,23.0,55.1,100
2025-07-01T12:00,13.8,76,10.4,0.10,0.10,0.00,0.00,51,22.7,54.0,100
2025-07-01T13:00,14.2,76,10.9,0.10,0.10,0.00,0.00,51,22.1,54.0,100
2025-07-01T14:00,14.4,76,11.3,0.30,0.30,0.00,0.00,51,21.0,51.8,100
2025-07-01T15:00,15.3,71,12.4,0.20,0.20,0.00,0.00,51,20.1,52.6,99
2025-07-01T16:00,14.2,71,10.7,0.00,0.00,0.00,0.00,3,22.4,54.0,100
2025-07-01T17:00,14.5,70,11.2,0.00,0.00,0.00,0.00,3,20.6,52.9,100
2025-07-01T18:00,14.2,72,11.4,0.00,0.00,0.00,0.00,3,18.2,48.2,100
2025-07-01T19:00,14.1,74,11.7,0.00,0.00,0.00,0.00,3,16.0,42.5,100
2025-07-01T20:00,13.6,80,11.6,0.00,0.00,0.00,0.00,3,13.8,36.4,100
2025-07-01T21:00,13.1,85,11.1,0.00,0.00,0.00,0.00,3,14.1,32.4,99
2025-07-01T22:00,12.7,87,10.8,0.00,0.00,0.00,0.00,3,13.6,32.4,100
2025-07-01T23:00,12.6,88,10.9,0.00,0.00,0.00,0.00,3,13.2,31.0,100
2025-07-02T00:00,12.7,88,10.9,0.00,0.00,0.00,0.00,3,13.4,31.0,100
2025-07-02T01:00,12.6,88,11.0,0.00,0.00,0.00,0.00,3,12.5,31.0,100
2025-07-02T02:00,12.5,89,10.9,0.00,0.00,0.00,0.00,3,12.5,28.8,100
2025-07-02T03:00,12.5,89,10.9,0.00,0.00,0.00,0.00,3,12.1,28.8,100
2025-07-02T04:00,12.0,89,10.3,0.00,0.00,0.00,0.00,3,12.5,28.4,100
2025-07-02T05:00,12.1,89,10.4,0.00,0.00,0.00,0.00,3,12.1,28.8,100
2025-07-02T06:00,12.4,88,10.3,0.00,0.00,0.00,0.00,3,14.8,33.8,100
2025-07-02T07:00,12.7,85,10.9,0.10,0.10,0.00,0.00,51,12.9,37.8,100
2025-07-02T08:00,13.7,80,11.8,0.10,0.10,0.00,0.00,51,13.9,34.6,100
2025-07-02T09:00,14.6,75,12.2,0.10,0.10,0.00,0.00,51,16.9,39.6,100
2025-07-02T10:00,15.4,70,13.2,0.20,0.20,0.00,0.00,51,15.3,39.6,39
2025-07-02T11:00,17.0,62,15.1,0.10,0.10,0.00,0.00,51,14.6,37.4,51
2025-07-02T12:00,18.0,58,16.2,0.10,0.10,0.00,0.00,51,14.7,37.4,43
2025-07-02T13:00,19.0,55,17.2,0.20,0.20,0.00,0.00,51,16.0,39.6,53
2025-07-02T14:00,19.3,54,16.9,0.10,0.10,0.00,0.00,51,16.5,40.3,58
2025-07-02T15:00,19.6,54,17.2,0.10,0.10,0.00,0.00,51,18.2,43.6,99
2025-07-02T16:00,18.8,55,16.0,0.00,0.00,0.00,0.00,3,18.1,44.3,100
2025-07-02T17:00,18.7,58,16.4,0.00,0.00,0.00,0.00,3,16.3,43.2,100
2025-07-02T18:00,18.2,62,16.0,0.10,0.10,0.00,0.00,51,16.1,39.6,100
2025-07-02T19:00,17.7,66,15.7,0.00,0.00,0.00,0.00,3,16.1,37.8,100
2025-07-02T20:00,16.2,74,14.8,0.00,0.00,0.00,0.00,3,13.1,37.8,100
2025-07-02T21:00,15.6,78,14.6,0.10,0.10,0.00,0.00,51,11.1,29.9,100
2025-07-02T22:00,15.5,80,14.4,0.20,0.20,0.00,0.00,51,11.9,26.3,100
2025-07-02T23:00,15.7,78,14.1,0.00,0.00,0.00,0.00,3,14.9,34.6,100
2025-07-03T00:00,15.9,79,14.8,0.00,0.00,0.00,0.00,3,12.6,33.8,88
2025-07-03T01:00,15.9,80,14.9,0.00,0.00,0.00,0.00,2,12.4,28.8,62
2025-07-03T02:00,15.7,81,14.7,0.00,0.00,0.00,0.00,1,12.2,27.4,42
2025-07-03T03:00,15.2,84,14.1,0.00,0.00,0.00,0.00,0,12.5,27.4,9
2025-07-03T04:00,15.1,88,14.3,0.00,0.00,0.00,0.00,0,11.6,26.6,15
2025-07-03T05:00,14.8,89,14.1,0.00,0.00,0.00,0.00,0,11.0,25.2,0
2025-07-03T06:00,15.1,89,15.1,0.00,0.00,0.00,0.00,1,7.4,24.1,48
2025-07-03T07:00,16.0,86,16.1,0.00,0.00,0.00,0.00,3,7.6,19.8,88
2025-07-03T08:00,17.5,78,16.8,0.00,0.00,0.00,0.00,2,12.2,29.5,64
2025-07-03T09:00,18.9,73,18.4,0.00,0.00,0.00,0.00,1,12.1,32.4,42
2025-07-03T10:00,20.1,67,19.6,0.00,0.00,0.00,0.00,1,13.6,32.8,49
2025-07-03T11:00,21.2,62,20.7,0.00,0.00,0.00,0.00,3,14.5,35.3,92
2025-07-03T12:00,22.1,57,21.2,0.00,0.00,0.00,0.00,3,15.7,38.2,97
2025-07-03T13:00,22.9,53,21.7,0.00,0.00,0.00,0.00,3,15.6,42.8,87
2025-07-03T14:00,24.0,49,23.2,0.00,0.00,0.00,0.00,3,15.5,38.5,100
2025-07-03T15:00,23.8,53,22.9,0.00,0.00,0.00,0.00,3,14.7,38.2,100
2025-07-03T16:00,25.0,47,24.3,0.00,0.00,0.00,0.00,3,14.2,40.7,100
2025-07-03T17:00,24.5,53,24.8,0.00,0.00,0.00,0.00,2,7.8,33.8,78
2025-07-03T18:00,24.8,52,25.2,0.00,0.00,0.00,0.00,1,6.7,19.8,22
2025-07-03T19:00,24.5,57,25.4,0.00,0.00,0.00,0.00,0,6.0,15.5,8
2025-07-03T20:00,23.4,64,24.5,0.00,0.00,0.00,0.00,0,6.7,14.0,8
2025-07-03T21:00,22.2,70,23.3,0.00,0.00,0.00,0.00,0,7.5,14.4,0
2025-07-03T22:00,21.3,74,22.3,0.00,0.00,0.00,0.00,0,8.0,15.8,3
2025-07-03T23:00,20.6,77,21.7,0.00,0.00,0.00,0.00,0,7.5,15.5,2
2025-07-04T00:00,19.9,80,21.1,0.00,0.00,0.00,0.00,0,6.8,14.0,1
2025-07-04T01:00,19.4,82,20.5,0.00,0.00,0.00,0.00,0,6.8,13.0,0
2025-07-04T02:00,18.8,85,19.9,0.00,0.00,0.00,0.00,0,7.4,14.0,0
2025-07-04T03:00,18.4,87,19.4,0.00,0.00,0.00,0.00,0,7.8,15.5,0
2025-07-04T04:00,18.2,87,19.3,0.00,0.00,0.00,0.00,0,6.8,15.1,6
2025-07-04T05:00,18.1,88,19.1,0.00,0.00,0.00,0.00,0,7.1,13.7,8
2025-07-04T06:00,18.8,86,19.7,0.00,0.00,0.00,0.00,1,8.7,18.4,33
2025-07-04T07:00,19.9,84,21.4,0.00,0.00,0.00,0.00,0,6.9,18.7,8
2025-07-04T08:00,21.7,78,23.5,0.00,0.00,0.00,0.00,0,6.9,18.0,0
2025-07-04T09:00,23.4,72,25.1,0.00,0.00,0.00,0.00,0,8.9,23.0,0
2025-07-04T10:00,24.7,67,26.5,0.00,0.00,0.00,0.00,2,11.2,28.8,66
2025-07-04T11:00,24.7,66,25.9,0.00,0.00,0.00,0.00,2,13.3,33.8,73
2025-07-04T12:00,23.4,70,24.5,0.60,0.60,0.00,0.00,53,15.8,43.6,93
2025-07-04T13:00,22.2,71,22.2,0.90,0.90,0.00,0.00,53,15.9,47.5,91
2025-07-04T14:00,22.9,58,22.9,0.00,0.00,0.00,0.00,3,14.1,43.9,83
2025-07-04T15:00,22.8,51,22.0,0.00,0.00,0.00,0.00,0,15.0,37.8,9
2025-07-04T16:00,23.8,48,22.8,0.00,0.00,0.00,0.00,0,15.5,38.9,1
2025-07-04T17:00,23.3,47,21.3,0.00,0.00,0.00,0.00,0,16.4,39.6,1
2025-07-04T18:00,22.7,49,20.9,0.00,0.00,0.00,0.00,0,15.5,39.2,5
2025-07-04T19:00,22.1,52,20.7,0.00,0.00,0.00,0.00,1,12.9,36.4,48
2025-07-04T20:00,20.6,58,19.3,0.00,0.00,0.00,0.00,3,13.6,31.3,98
2025-07-04T21:00,18.9,63,17.7,0.00,0.00,0.00,0.00,0,11.6,31.3,18
2025-07-04T22:00,17.6,68,16.7,0.00,0.00,0.00,0.00,3,9.7,25.6,100
2025-07-04T23:00,16.8,70,15.9,0.00,0.00,0.00,0.00,3,8.9,20.5,100
2025-07-05T00:00,16.3,70,15.4,0.00,0.00,0.00,0.00,3,7.7,18.7,100
2025-07-05T01:00,15.8,71,15.0,0.00,0.00,0.00,0.00,3,6.2,15.1,100
2025-07-05T02:00,15.4,73,14.6,0.00,0.00,0.00,0.00,3,6.3,12.2,100
2025-07-05T03:00,14.8,76,14.0,0.00,0.00,0.00,0.00,3,6.9,13.3,100
2025-07-05T04:00,14.0,78,13.1,0.00,0.00,0.00,0.00,3,7.0,13.3,100
2025-07-05T05:00,13.7,80,12.7,0.00,0.00,0.00,0.00,3,7.6,15.5,100
2025-07-05T06:00,14.0,79,13.2,0.00,0.00,0.00,0.00,3,6.2,16.2,100
2025-07-05T07:00,14.5,76,13.6,0.00,0.00,0.00,0.00,3,6.8,16.2,92
2025-07-05T08:00,15.4,71,14.3,0.00,0.00,0.00,0.00,3,7.2,19.4,100
2025-07-05T09:00,15.6,68,14.5,0.00,0.00,0.00,0.00,3,7.2,19.8,100
2025-07-05T10:00,16.1,64,14.7,0.00,0.00,0.00,0.00,3,8.0,20.9,100
2025-07-05T11:00,17.2,57,15.0,0.00,0.00,0.00,0.00,3,11.6,30.2,96
2025-07-05T12:00,18.3,49,16.8,0.00,0.00,0.00,0.00,3,12.9,34.2,100
2025-07-05T13:00,18.7,46,16.8,0.00,0.00,0.00,0.00,2,13.2,34.9,57
2025-07-05T14:00,19.0,46,17.5,0.00,0.00,0.00,0.00,0,13.4,36.4,19
2025-07-05T15:00,19.4,44,17.4,0.00,0.00,0.00,0.00,1,14.3,36.4,27
2025-07-05T16:00,20.1,38,17.2,0.00,0.00,0.00,0.00,1,16.3,40.7,29
2025-07-05T17:00,19.7,39,16.0,0.00,0.00,0.00,0.00,2,17.5,42.5,74
2025-07-05T18:00,19.4,38,15.9,0.00,0.00,0.00,0.00,2,15.1,44.3,55
2025-07-05T19:00,18.9,42,16.0,0.00,0.00,0.00,0.00,0,12.0,36.0,3
2025-07-05T20:00,18.0,46,15.6,0.00,0.00,0.00,0.00,0,9.7,28.1,0
2025-07-05T21:00,16.8,53,15.2,0.00,0.00,0.00,0.00,0,6.2,20.9,0
2025-07-05T22:00,16.0,58,14.4,0.00,0.00,0.00,0.00,0,6.3,12.2,0
2025-07-05T23:00,15.1,65,14.1,0.00,0.00,0.00,0.00,1,3.7,11.9,48
2025-07-06T00:00,14.2,71,13.5,0.00,0.00,0.00,0.00,3,3.0,6.1,100
2025-07-06T01:00,14.0,69,12.6,0.00,0.00,0.00,0.00,3,6.5,11.9,99
2025-07-06T02:00,13.7,68,12.3,0.00,0.00,0.00,0.00,2,6.0,12.2,63
2025-07-06T03:00,13.3,67,11.4,0.00,0.00,0.00,0.00,3,8.6,16.6,100
2025-07-06T04:00,12.3,70,10.3,0.00,0.00,0.00,0.00,3,8.1,15.5,86
2025-07-06T05:00,12.2,69,10.0,0.00,0.00,0.00,0.00,3,9.0,18.0,100
2025-07-06T06:00,12.7,65,10.4,0.00,0.00,0.00,0.00,3,9.6,20.5,100
2025-07-06T07:00,13.3,67,11.4,0.00,0.00,0.00,0.00,3,8.4,20.9,100
2025-07-06T08:00,13.6,71,12.1,0.00,0.00,0.00,0.00,3,6.9,18.0,100
2025-07-06T09:00,13.8,75,12.6,0.00,0.00,0.00,0.00,3,7.0,16.2,100
2025-07-06T10:00,13.9,79,13.1,0.10,0.10,0.00,0.00,51,6.3,16.2,100
2025-07-06T11:00,15.1,76,14.1,0.00,0.00,0.00,0.00,3,8.2,20.5,100
2025-07-06T12:00,16.0,73,15.0,0.00,0.00,0.00,0.00,3,8.9,23.4,100
2025-07-06T13:00,17.9,65,17.2,0.00,0.00,0.00,0.00,3,8.7,24.8,100
2025-07-06T14:00,19.2,55,17.9,0.00,0.00,0.00,0.00,3,9.7,28.1,100
2025-07-06T15:00,20.0,51,18.5,0.00,0.00,0.00,0.00,3,9.3,28.8,100
2025-07-06T16:00,21.4,45,20.0,0.00,0.00,0.00,0.00,1,10.0,27.0,29
2025-07-06T17:00,21.9,42,19.5,0.00,0.00,0.00,0.00,3,13.0,31.3,100
2025-07-06T18:00,21.0,48,19.2,0.00,0.00,0.00,0.00,1,11.7,32.4,48
2025-07-06T19:00,21.1,49,19.6,0.00,0.00,0.00,0.00,1,10.5,28.8,39
2025-07-06T20:00,20.0,57,19.0,0.00,0.00,0.00,0.00,1,9.8,24.8,31
2025-07-06T21:00,19.0,62,17.7,0.00,0.00,0.00,0.00,0,12.1,25.9,15
2025-07-06T22:00,18.3,66,17.1,0.00,0.00,0.00,0.00,2,12.2,26.3,57
2025-07-06T23:00,17.9,66,16.6,0.00,0.00,0.00,0.00,2,11.7,25.9,75
2025-07-07T00:00,17.8,64,16.2,0.00,0.00,0.00,0.00,3,12.5,26.6,86
2025-07-07T01:00,17.4,65,15.9,0.00,0.00,0.00,0.00,2,11.7,27.0,79
2025-07-07T02:00,17.0,66,15.5,0.00,0.00,0.00,0.00,3,11.3,24.8,100
2025-07-07T03:00,16.8,67,15.4,0.00,0.00,0.00,0.00,3,11.1,23.4,96
2025-07-07T04:00,16.2,71,15.0,0.00,0.00,0.00,0.00,3,10.0,19.8,91
2025-07-07T05:00,16.0,73,14.9,0.00,0.00,0.00,0.00,2,9.8,21.2,79
2025-07-07T06:00,16.5,74,15.6,0.00,0.00,0.00,0.00,3,9.3,20.2,98
2025-07-07T07:00,17.5,73,17.3,0.00,0.00,0.00,0.00,1,6.6,19.8,23
2025-07-07T08:00,18.8,70,18.7,0.00,0.00,0.00,0.00,0,8.0,20.9,8
2025-07-07T09:00,20.4,66,20.5,0.00,0.00,0.00,0.00,0,7.9,21.6,9
2025-07-07T10:00,22.3,61,22.9,0.00,0.00,0.00,0.00,3,7.9,23.0,81
2025-07-07T11:00,23.8,55,24.8,0.00,0.00,0.00,0.00,3,8.8,25.2,100
2025-07-07T12:00,25.2,49,25.9,0.00,0.00,0.00,0.00,3,11.2,36.4,100
2025-07-07T13:00,25.3,46,24.4,0.10,0.10,0.00,0.00,51,14.8,37.1,100
2025-07-07T14:00,25.8,43,24.6,0.00,0.00,0.00,0.00,3,14.2,37.1,100
2025-07-07T15:00,26.4,41,25.7,0.00,0.00,0.00,0.00,3,13.5,38.5,89
2025-07-07T16:00,27.7,32,25.9,0.00,0.00,0.00,0.00,2,11.9,32.0,54
2025-07-07T17:00,27.3,34,25.4,0.00,0.00,0.00,0.00,3,12.9,33.5,96
2025-07-07T18:00,26.7,38,25.3,0.00,0.00,0.00,0.00,3,12.3,33.5,100
2025-07-07T19:00,26.2,41,25.0,0.00,0.00,0.00,0.00,3,11.9,31.3,100
2025-07-07T20:00,25.3,48,24.7,0.00,0.00,0.00,0.00,3,12.0,29.2,100
2025-07-07T21:00,24.1,54,23.8,0.00,0.00,0.00,0.00,2,11.1,29.2,66
2025-07-07T22:00,23.2,56,22.8,0.00,0.00,0.00,0.00,2,10.6,24.8,64
2025-07-07T23:00,22.2,59,22.1,0.00,0.00,0.00,0.00,3,9.5,22.3,100
2025-07-08T00:00,21.6,62,21.5,0.00,0.00,0.00,0.00,3,9.8,20.5,100
2025-07-08T01:00,21.0,64,20.9,0.00,0.00,0.00,0.00,3,9.6,20.5,100
2025-07-08T02:00,20.4,65,20.3,0.00,0.00,0.00,0.00,3,8.6,19.8,87
2025-07-08T03:00,19.7,68,19.6,0.00,0.00,0.00,0.00,2,8.1,17.3,60
2025-07-08T04:00,18.8,74,18.8,0.00,0.00,0.00,0.00,3,9.1,18.4,90
2025-07-08T05:00,18.6,72,18.3,0.00,0.00,0.00,0.00,0,9.8,20.5,6
2025-07-08T06:00,19.1,70,19.1,0.00,0.00,0.00,0.00,0,7.8,21.6,6
2025-07-08T07:00,20.3,66,20.2,0.00,0.00,0.00,0.00,0,8.3,21.2,7
2025-07-08T08:00,21.9,61,21.8,0.00,0.00,0.00,0.00,0,9.5,25.2,0
2025-07-08T09:00,23.6,57,23.8,0.00,0.00,0.00,0.00,1,9.0,25.9,30
2025-07-08T10:00,25.4,53,26.2,0.00,0.00,0.00,0.00,0,9.6,28.1,10
2025-07-08T11:00,27.4,49,28.7,0.00,0.00,0.00,0.00,3,11.0,31.3,91
2025-07-08T12:00,29.0,47,30.6,0.00,0.00,0.00,0.00,3,12.9,36.0,100
2025-07-08T13:00,30.5,44,32.1,0.00,0.00,0.00,0.00,2,14.1,38.2,74
2025-07-08T14:00,31.1,44,32.8,0.00,0.00,0.00,0.00,3,13.3,46.1,82
2025-07-08T15:00,31.7,44,32.6,0.00,0.00,0.00,0.00,0,17.2,54.0,17
2025-07-08T16:00,29.0,54,30.5,0.00,0.00,0.00,0.00,3,11.4,29.2,100
2025-07-08T17:00,29.6,52,30.9,0.00,0.00,0.00,0.00,3,13.6,35.3,98
2025-07-08T18:00,28.2,57,29.8,1.60,1.60,0.00,0.00,61,11.8,46.8,32
2025-07-08T19:00,28.2,56,29.4,0.00,0.00,0.00,0.00,3,13.2,33.1,98
2025-07-08T20:00,27.5,66,29.6,0.00,0.00,0.00,0.00,3,13.9,33.1,100
2025-07-08T21:00,26.4,66,27.4,0.00,0.00,0.00,0.00,3,17.8,42.8,100
2025-07-08T22:00,24.9,70,26.0,0.00,0.00,0.00,0.00,3,16.3,43.9,98
2025-07-08T23:00,23.7,74,25.0,0.00,0.00,0.00,0.00,3,13.1,37.4,100
2025-07-09T00:00,22.8,77,24.5,0.00,0.00,0.00,0.00,2,9.4,31.0,65
2025-07-09T01:00,22.1,81,24.0,0.00,0.00,0.00,0.00,3,8.5,21.2,100
2025-07-09T02:00,21.5,84,23.5,0.00,0.00,0.00,0.00,3,8.2,19.8,91
2025-07-09T03:00,20.8,88,23.0,0.00,0.00,0.00,0.00,0,7.0,18.7,1
2025-07-09T04:00,21.4,81,23.8,0.00,0.00,0.00,0.00,0,3.1,9.7,0
2025-07-09T05:00,21.3,83,23.7,0.00,0.00,0.00,0.00,2,3.8,8.3,53
2025-07-09T06:00,21.8,80,24.3,0.00,0.00,0.00,0.00,3,3.3,10.8,100
2025-07-09T07:00,22.8,76,25.5,0.00,0.00,0.00,0.00,2,1.5,9.7,70
2025-07-09T08:00,24.0,71,26.9,0.00,0.00,0.00,0.00,0,1.0,10.8,12
2025-07-09T09:00,25.6,64,27.6,0.00,0.00,0.00,0.00,1,6.7,20.5,30
2025-07-09T10:00,26.6,59,28.8,0.00,0.00,0.00,0.00,1,4.8,21.6,31
2025-07-09T11:00,28.2,52,30.8,0.00,0.00,0.00,0.00,0,6.3,22.7,10
2025-07-09T12:00,29.6,46,32.1,0.00,0.00,0.00,0.00,1,6.9,24.5,35
2025-07-09T13:00,30.5,42,32.3,0.00,0.00,0.00,0.00,1,7.6,25.2,39
2025-07-09T14:00,31.3,40,32.9,0.00,0.00,0.00,0.00,0,8.9,32.8,13
2025-07-09T15:00,31.1,44,33.0,0.00,0.00,0.00,0.00,2,9.1,35.6,50
2025-07-09T16:00,29.6,48,31.4,1.30,1.30,0.00,0.00,61,9.5,43.2,99
2025-07-09T17:00,27.9,53,28.9,0.20,0.20,0.00,0.00,51,10.9,31.3,99
2025-07-09T18:00,27.3,50,28.2,0.00,0.00,0.00,0.00,3,7.1,36.7,100
2025-07-09T19:00,27.2,52,28.3,0.00,0.00,0.00,0.00,3,7.9,22.0,92
2025-07-09T20:00,27.0,55,28.5,0.00,0.00,0.00,0.00,3,7.1,20.5,96
2025-07-09T21:00,26.3,62,28.0,0.00,0.00,0.00,0.00,0,8.5,19.1,1
2025-07-09T22:00,25.7,67,27.7,0.00,0.00,0.00,0.00,0,9.0,20.5,4
2025-07-09T23:00,25.2,69,27.2,0.00,0.00,0.00,0.00,0,9.4,20.9,0
2025-07-10T00:00,24.7,70,26.6,0.00,0.00,0.00,0.00,0,9.4,20.2,1
2025-07-10T01:00,24.4,68,25.9,0.00,0.00,0.00,0.00,0,9.6,19.8,0
2025-07-10T02:00,24.0,67,25.1,0.00,0.00,0.00,0.00,0,10.7,22.0,0
2025-07-10T03:00,23.7,67,24.6,0.00,0.00,0.00,0.00,0,10.7,22.3,0
2025-07-10T04:00,22.6,71,23.6,0.00,0.00,0.00,0.00,0,10.2,20.2,0
2025-07-10T05:00,22.4,68,23.0,0.00,0.00,0.00,0.00,1,10.6,21.6,22
2025-07-10T06:00,22.8,65,23.3,0.00,0.00,0.00,0.00,0,10.3,22.0,7
2025-07-10T07:00,23.6,64,24.6,0.00,0.00,0.00,0.00,2,8.2,22.0,78
2025-07-10T08:00,24.6,60,25.5,0.00,0.00,0.00,0.00,2,8.8,22.0,68
2025-07-10T09:00,25.9,56,26.8,0.00,0.00,0.00,0.00,3,8.9,23.8,99
2025-07-10T10:00,27.2,53,28.5,0.00,0.00,0.00,0.00,3,8.9,24.1,87
2025-07-10T11:00,28.9,48,30.9,0.00,0.00,0.00,0.00,0,9.3,25.6,0
2025-07-10T12:00,30.6,42,32.6,0.00,0.00,0.00,0.00,0,10.8,28.8,0
2025-07-10T13:00,32.0,30,31.8,0.00,0.00,0.00,0.00,0,15.5,38.5,5
2025-07-10T14:00,32.5,25,31.1,0.00,0.00,0.00,0.00,0,17.7,44.3,4
2025-07-10T15:00,32.5,25,30.8,0.00,0.00,0.00,0.00,0,17.8,44.3,1
2025-07-10T16:00,33.5,22,31.4,0.00,0.00,0.00,0.00,0,15.0,39.6,1
2025-07-10T17:00,33.4,22,30.8,0.00,0.00,0.00,0.00,0,15.3,38.5,0
2025-07-10T18:00,32.9,23,30.3,0.00,0.00,0.00,0.00,0,15.4,38.9,0
2025-07-10T19:00,32.4,23,30.1,0.00,0.00,0.00,0.00,0,13.2,37.8,0
2025-07-10T20:00,31.3,28,30.2,0.00,0.00,0.00,0.00,0,8.9,31.7,0
2025-07-10T21:00,29.7,36,29.3,0.00,0.00,0.00,0.00,0,8.7,19.8,0
2025-07-10T22:00,28.3,42,28.3,0.00,0.00,0.00,0.00,0,9.0,18.0,0
2025-07-10T23:00,27.2,43,26.8,0.00,0.00,0.00,0.00,0,10.3,20.9,0
2025-07-11T00:00,26.1,43,25.4,0.00,0.00,0.00,0.00,0,10.1,21.6,0
2025-07-11T01:00,25.2,44,24.3,0.00,0.00,0.00,0.00,0,10.0,20.5,0
2025-07-11T02:00,24.3,46,23.3,0.00,0.00,0.00,0.00,0,10.7,22.0,0
2025-07-11T03:00,23.6,48,22.7,0.00,0.00,0.00,0.00,0,10.4,22.0,0
2025-07-11T04:00,22.0,61,21.8,0.00,0.00,0.00,0.00,0,9.8,19.4,0
2025-07-11T05:00,21.8,62,21.5,0.00,0.00,0.00,0.00,0,10.7,22.0,0
2025-07-11T06:00,22.4,60,22.2,0.00,0.00,0.00,0.00,0,10.9,23.8,0
2025-07-11T07:00,23.3,59,23.4,0.00,0.00,0.00,0.00,0,9.5,23.8,0
2025-07-11T08:00,24.7,54,24.7,0.00,0.00,0.00,0.00,0,10.8,27.4,0
2025-07-11T09:00,26.5,48,26.2,0.00,0.00,0.00,0.00,0,12.0,31.0,0
2025-07-11T10:00,28.1,43,28.2,0.00,0.00,0.00,0.00,0,12.2,32.8,3
2025-07-11T11:00,29.7,40,30.3,0.00,0.00,0.00,0.00,0,12.4,33.5,0
2025-07-11T12:00,31.2,37,32.2,0.00,0.00,0.00,0.00,0,12.7,34.9,0
2025-07-11T13:00,32.3,36,33.5,0.00,0.00,0.00,0.00,0,13.2,36.4,19
2025-07-11T14:00,33.1,34,33.7,0.00,0.00,0.00,0.00,1,14.0,37.4,35
2025-07-11T15:00,33.7,31,33.4,0.00,0.00,0.00,0.00,0,13.7,37.4,9
2025-07-11T16:00,35.1,24,33.3,0.00,0.00,0.00,0.00,1,14.4,37.8,34
2025-07-11T17:00,35.0,21,32.3,0.00,0.00,0.00,0.00,1,17.3,46.4,36
2025-07-11T18:00,34.9,19,31.7,0.00,0.00,0.00,0.00,1,17.2,45.0,21
2025-07-11T19:00,34.7,19,31.9,0.00,0.00,0.00,0.00,0,14.5,41.4,19
2025-07-11T20:00,34.0,21,32.2,0.00,0.00,0.00,0.00,0,9.6,34.2,14
2025-07-11T21:00,32.7,26,31.4,0.00,0.00,0.00,0.00,0,9.3,23.0,5
2025-07-11T22:00,31.2,33,30.6,0.00,0.00,0.00,0.00,0,9.7,22.0,10
2025-07-11T23:00,30.1,35,29.5,0.00,0.00,0.00,0.00,2,10.6,22.7,68
2025-07-12T00:00,29.3,34,28.3,0.00,0.00,0.00,0.00,1,10.0,24.8,34
2025-07-12T01:00,28.0,36,27.1,0.00,0.00,0.00,0.00,3,9.0,20.5,100
2025-07-12T02:00,27.1,38,26.3,0.00,0.00,0.00,0.00,3,9.2,19.1,100
2025-07-12T03:00,26.4,41,25.6,0.00,0.00,0.00,0.00,3,9.6,20.2,96
2025-07-12T04:00,24.5,60,25.5,0.00,0.00,0.00,0.00,3,7.5,15.8,85
2025-07-12T05:00,23.7,63,24.8,0.00,0.00,0.00,0.00,3,7.5,14.8,100
2025-07-12T06:00,23.8,64,24.9,0.00,0.00,0.00,0.00,3,7.5,15.8,100
2025-07-12T07:00,24.4,63,26.0,0.00,0.00,0.00,0.00,3,5.8,16.2,100
2025-07-12T08:00,25.8,59,27.4,0.00,0.00,0.00,0.00,3,6.2,16.6,100
2025-07-12T09:00,27.2,54,28.6,0.00,0.00,0.00,0.00,3,7.1,19.4,100
2025-07-12T10:00,29.0,49,30.4,0.00,0.00,0.00,0.00,3,7.7,22.0,100
2025-07-12T11:00,31.2,41,32.9,0.00,0.00,0.00,0.00,3,9.1,25.2,100
2025-07-12T12:00,32.2,35,32.7,0.00,0.00,0.00,0.00,3,11.6,34.9,100
2025-07-12T13:00,30.8,40,31.9,0.40,0.40,0.00,0.00,51,5.5,35.3,100
2025-07-12T14:00,30.9,39,30.7,0.00,0.00,0.00,0.00,3,13.5,34.2,98
2025-07-12T15:00,32.1,31,31.1,0.00,0.00,0.00,0.00,3,12.6,33.8,94
2025-07-12T16:00,33.2,25,31.7,0.00,0.00,0.00,0.00,3,11.7,41.0,81
2025-07-12T17:00,32.0,29,30.5,0.20,0.20,0.00,0.00,51,14.0,38.2,100
2025-07-12T18:00,32.1,28,31.6,0.00,0.00,0.00,0.00,3,6.0,36.7,100
2025-07-12T19:00,32.2,28,31.2,0.00,0.00,0.00,0.00,3,8.6,22.3,100
2025-07-12T20:00,31.6,30,30.6,0.00,0.00,0.00,0.00,3,9.9,24.8,100
2025-07-12T21:00,30.7,33,30.1,0.00,0.00,0.00,0.00,3,9.1,23.4,84
2025-07-12T22:00,29.7,37,29.6,0.00,0.00,0.00,0.00,1,8.3,20.2,29
2025-07-12T23:00,28.7,41,29.1,0.00,0.00,0.00,0.00,3,6.3,17.6,98
2025-07-13T00:00,27.8,45,28.6,0.00,0.00,0.00,0.00,2,5.1,14.0,65
2025-07-13T01:00,26.7,50,27.4,0.00,0.00,0.00,0.00,3,6.9,14.4,99
2025-07-13T02:00,25.9,54,26.9,0.00,0.00,0.00,0.00,0,6.4,14.8,17
2025-07-13T03:00,25.2,57,26.4,0.00,0.00,0.00,0.00,0,6.6,13.3,7
2025-07-13T04:00,21.8,73,23.4,0.00,0.00,0.00,0.00,0,5.4,9.7,15
2025-07-13T05:00,21.4,76,22.9,0.00,0.00,0.00,0.00,1,6.5,13.0,30
2025-07-13T06:00,21.8,76,23.7,0.00,0.00,0.00,0.00,0,4.6,13.3,16
2025-07-13T07:00,22.6,71,24.3,0.00,0.00,0.00,0.00,1,5.4,15.5,26
2025-07-13T08:00,23.7,64,24.4,0.00,0.00,0.00,0.00,1,9.9,27.4,38
2025-07-13T09:00,25.6,55,26.4,0.00,0.00,0.00,0.00,1,8.1,26.3,20
2025-07-13T10:00,28.0,48,29.1,0.00,0.00,0.00,0.00,1,8.3,24.8,26
2025-07-13T11:00,29.1,45,30.0,0.00,0.00,0.00,0.00,2,10.2,28.8,72
2025-07-13T12:00,30.5,42,32.0,0.00,0.00,0.00,0.00,3,11.2,32.0,94
2025-07-13T13:00,30.9,40,32.4,0.00,0.00,0.00,0.00,3,9.6,32.0,98
2025-07-13T14:00,30.5,41,31.5,0.00,0.00,0.00,0.00,3,8.0,28.8,94
2025-07-13T15:00,29.4,45,29.9,0.00,0.00,0.00,0.00,3,11.5,32.8,90
2025-07-13T16:00,29.8,47,30.9,0.00,0.00,0.00,0.00,0,12.4,34.2,18
2025-07-13T17:00,28.8,53,30.6,2.10,2.10,0.00,0.00,61,8.0,33.8,67
2025-07-13T18:00,27.3,61,29.9,1.00,1.00,0.00,0.00,55,6.1,23.4,23
2025-07-13T19:00,27.8,59,30.0,0.00,0.00,0.00,0.00,2,8.1,19.4,60
2025-07-13T20:00,26.9,59,28.5,0.00,0.00,0.00,0.00,2,9.7,22.3,76
2025-07-13T21:00,25.3,64,26.7,0.00,0.00,0.00,0.00,3,10.2,25.9,80
2025-07-13T22:00,24.2,70,26.0,0.00,0.00,0.00,0.00,3,9.1,22.7,97
2025-07-13T23:00,23.2,76,25.3,0.00,0.00,0.00,0.00,3,8.1,21.2,100
2025-07-14T00:00,22.3,82,24.6,0.00,0.00,0.00,0.00,3,7.1,17.6,100
2025-07-14T01:00,21.5,87,24.1,0.20,0.20,0.00,0.00,51,5.9,15.8,100
2025-07-14T02:00,21.2,89,24.0,0.00,0.00,0.00,0.00,3,5.1,15.5,100
2025-07-14T03:00,21.0,89,24.1,0.00,0.00,0.00,0.00,3,2.4,10.4,99
2025-07-14T04:00,19.9,90,21.8,0.00,0.00,0.00,0.00,3,7.0,26.6,100
2025-07-14T05:00,19.9,92,21.7,0.10,0.10,0.00,0.00,51,8.9,19.1,41
2025-07-14T06:00,20.6,92,23.4,0.00,0.00,0.00,0.00,0,4.4,19.8,8
2025-07-14T07:00,21.8,88,24.7,0.00,0.00,0.00,0.00,0,5.2,14.4,19
2025-07-14T08:00,23.3,80,26.0,0.00,0.00,0.00,0.00,3,6.3,19.4,89
2025-07-14T09:00,24.4,75,27.4,0.00,0.00,0.00,0.00,3,4.6,18.7,94
2025-07-14T10:00,25.6,69,28.5,0.10,0.10,0.00,0.00,51,4.5,16.9,98
2025-07-14T11:00,26.1,66,29.0,0.10,0.10,0.00,0.00,51,3.8,16.9,76
2025-07-14T12:00,26.6,63,29.8,0.10,0.10,0.00,0.00,51,2.6,15.5,55
2025-07-14T13:00,27.4,60,31.0,0.10,0.10,0.00,0.00,51,2.3,16.2,97
2025-07-14T14:00,28.0,56,31.5,0.10,0.10,0.00,0.00,51,2.5,16.6,100
2025-07-14T15:00,27.5,57,29.9,0.10,0.10,0.00,0.00,51,3.7,19.8,99
2025-07-14T16:00,27.6,49,27.9,0.90,0.90,0.00,0.00,53,11.0,30.2,100
2025-07-14T17:00,25.1,62,26.6,0.00,0.00,0.00,0.00,3,7.0,32.8,100
2025-07-14T18:00,24.7,66,26.7,0.00,0.00,0.00,0.00,3,6.0,20.9,100
2025-07-14T19:00,24.6,67,26.5,0.00,0.00,0.00,0.00,3,6.0,18.4,88
2025-07-14T20:00,24.0,69,26.0,0.00,0.00,0.00,0.00,1,5.8,17.6,26
2025-07-14T21:00,22.9,77,25.0,0.00,0.00,0.00,0.00,2,7.6,19.1,67
2025-07-14T22:00,22.6,80,25.3,0.00,0.00,0.00,0.00,1,4.2,17.6,45
2025-07-14T23:00,22.4,81,25.0,0.00,0.00,0.00,0.00,0,4.7,9.7,10
2025-07-15T00:00,22.3,79,24.7,0.00,0.00,0.00,0.00,2,4.5,9.7,59
2025-07-15T01:00,21.7,81,24.3,0.00,0.00,0.00,0.00,2,2.8,8.3,64
2025-07-15T02:00,21.0,85,23.6,0.00,0.00,0.00,0.00,1,3.3,6.8,30
2025-07-15T03:00,20.3,89,22.8,0.00,0.00,0.00,0.00,0,3.4,7.6,6
2025-07-15T04:00,19.0,94,21.2,0.00,0.00,0.00,0.00,0,5.0,9.7,1
2025-07-15T05:00,18.7,95,20.8,0.00,0.00,0.00,0.00,0,5.1,10.8,7
2025-07-15T06:00,19.2,91,21.2,0.00,0.00,0.00,0.00,0,4.8,13.3,6
2025-07-15T07:00,20.3,86,22.7,0.00,0.00,0.00,0.00,1,2.9,13.3,20
2025-07-15T08:00,21.8,79,24.4,0.00,0.00,0.00,0.00,2,2.5,11.5,60
2025-07-15T09:00,23.6,70,26.0,0.00,0.00,0.00,0.00,3,2.3,12.2,80
2025-07-15T10:00,25.2,61,27.6,0.00,0.00,0.00,0.00,0,1.8,12.2,11
2025-07-15T11:00,26.1,56,29.2,0.00,0.00,0.00,0.00,0,1.4,13.3,9
2025-07-15T12:00,26.7,54,29.8,0.10,0.10,0.00,0.00,51,0.8,15.8,100
2025-07-15T13:00,21.8,87,24.0,8.20,8.20,0.00,0.00,65,9.1,30.6,100
2025-07-15T14:00,22.7,79,25.6,0.30,0.30,0.00,0.00,51,2.5,22.7,99
2025-07-15T15:00,23.5,75,26.3,0.40,0.40,0.00,0.00,51,3.6,14.8,100
2025-07-15T16:00,23.8,61,24.8,0.00,0.00,0.00,0.00,3,5.8,21.6,100
2025-07-15T17:00,23.8,62,25.1,0.00,0.00,0.00,0.00,3,5.2,18.0,100
2025-07-15T18:00,23.6,63,25.2,0.00,0.00,0.00,0.00,3,3.3,16.6,100
2025-07-15T19:00,23.4,63,24.8,0.00,0.00,0.00,0.00,3,3.9,11.5,100
2025-07-15T20:00,23.0,65,24.5,0.00,0.00,0.00,0.00,3,4.0,11.5,100
2025-07-15T21:00,22.4,70,24.1,0.00,0.00,0.00,0.00,3,4.2,9.7,100
2025-07-15T22:00,21.6,76,23.2,0.00,0.00,0.00,0.00,3,6.0,12.6,100
2025-07-15T23:00,20.8,81,22.8,0.00,0.00,0.00,0.00,3,4.8,12.6,100
2025-07-16T00:00,20.4,85,22.6,0.00,0.00,0.00,0.00,3,3.6,9.4,85
2025-07-16T01:00,19.9,88,22.3,0.00,0.00,0.00,0.00,2,3.1,7.2,76
2025-07-16T02:00,19.6,90,22.0,0.00,0.00,0.00,0.00,3,2.5,6.1,87
2025-07-16T03:00,19.3,92,21.7,0.00,0.00,0.00,0.00,3,3.1,6.1,92
2025-07-16T04:00,17.9,92,19.7,0.00,0.00,0.00,0.00,1,3.5,7.6,20
2025-07-16T05:00,17.8,94,19.6,0.00,0.00,0.00,0.00,0,4.0,7.2,11
2025-07-16T06:00,18.5,92,20.3,0.00,0.00,0.00,0.00,0,4.7,11.5,8
2025-07-16T07:00,19.5,88,21.6,0.00,0.00,0.00,0.00,0,4.0,12.6,9
2025-07-16T08:00,20.8,80,22.5,0.00,0.00,0.00,0.00,1,5.6,16.2,33
2025-07-16T09:00,21.9,74,23.5,0.00,0.00,0.00,0.00,1,6.3,21.2,29
2025-07-16T10:00,22.8,70,24.4,0.20,0.20,0.00,0.00,51,6.5,22.3,43
2025-07-16T11:00,23.6,66,25.4,0.20,0.20,0.00,0.00,51,7.5,25.2,53
2025-07-16T12:00,24.6,59,25.7,0.20,0.20,0.00,0.00,51,8.9,26.3,96
2025-07-16T13:00,24.3,58,25.0,0.10,0.10,0.00,0.00,51,7.8,26.6,88
2025-07-16T14:00,23.8,63,24.9,0.10,0.10,0.00,0.00,51,8.7,27.0,100
2025-07-16T15:00,21.5,76,23.6,4.20,4.20,0.00,0.00,63,2.3,27.0,100
2025-07-16T16:00,22.0,73,23.3,1.50,1.50,0.00,0.00,61,7.0,20.9,99
2025-07-16T17:00,20.8,78,22.5,0.30,0.30,0.00,0.00,51,5.0,24.1,97
2025-07-16T18:00,21.3,76,23.3,0.50,0.50,0.00,0.00,53,2.8,14.4,82
2025-07-16T19:00,21.3,75,23.3,0.10,0.10,0.00,0.00,51,2.3,11.5,89
2025-07-16T20:00,21.0,76,23.2,0.00,0.00,0.00,0.00,3,0.9,9.4,88
2025-07-16T21:00,20.6,79,22.8,0.00,0.00,0.00,0.00,3,1.3,5.0,100
2025-07-16T22:00,20.4,81,22.7,0.00,0.00,0.00,0.00,3,0.7,3.6,100
2025-07-16T23:00,20.1,84,22.3,0.00,0.00,0.00,0.00,3,2.1,3.6,91
2025-07-17T00:00,19.8,87,22.1,0.00,0.00,0.00,0.00,1,2.2,4.0,34
2025-07-17T01:00,19.7,86,21.7,0.00,0.00,0.00,0.00,1,3.2,6.1,23
2025-07-17T02:00,19.3,86,21.0,0.00,0.00,0.00,0.00,1,5.0,9.0,35
2025-07-17T03:00,18.8,85,20.0,0.00,0.00,0.00,0.00,1,6.1,12.2,43
2025-07-17T04:00,17.3,91,18.0,0.00,0.00,0.00,0.00,3,9.0,20.2,100
2025-07-17T05:00,17.3,92,18.3,0.10,0.10,0.00,0.00,51,7.2,18.7,98
2025-07-17T06:00,17.5,93,19.3,1.40,1.40,0.00,0.00,61,2.9,15.5,88
2025-07-17T07:00,17.8,94,19.8,3.20,3.20,0.00,0.00,63,2.8,9.7,100
2025-07-17T08:00,17.8,92,19.1,0.40,0.40,0.00,0.00,51,6.3,17.6,99
2025-07-17T09:00,18.9,85,20.0,0.20,0.20,0.00,0.00,51,7.0,19.8,99
2025-07-17T10:00,20.0,79,21.2,0.10,0.10,0.00,0.00,51,6.5,18.7,100
2025-07-17T11:00,21.3,74,23.0,0.00,0.00,0.00,0.00,3,5.2,22.0,99
2025-07-17T12:00,22.5,67,24.6,0.00,0.00,0.00,0.00,3,5.8,19.1,92
2025-07-17T13:00,23.5,64,26.1,0.00,0.00,0.00,0.00,1,5.2,19.4,23
2025-07-17T14:00,24.3,62,27.3,0.00,0.00,0.00,0.00,1,4.3,18.4,26
2025-07-17T15:00,24.7,60,26.9,0.00,0.00,0.00,0.00,3,4.3,17.6,100
2025-07-17T16:00,25.1,53,25.7,0.00,0.00,0.00,0.00,3,6.2,22.3,100
2025-07-17T17:00,25.3,52,26.2,0.00,0.00,0.00,0.00,3,3.9,19.8,100
2025-07-17T18:00,25.1,51,25.4,0.00,0.00,0.00,0.00,3,7.9,23.0,100
2025-07-17T19:00,24.1,57,24.7,0.20,0.20,0.00,0.00,51,7.0,22.7,100
2025-07-17T20:00,23.3,63,24.6,0.00,0.00,0.00,0.00,3,5.1,16.9,93
2025-07-17T21:00,22.5,70,24.1,0.00,0.00,0.00,0.00,0,4.3,11.5,13
2025-07-17T22:00,21.9,74,23.7,0.00,0.00,0.00,0.00,0,3.9,7.9,12
2025-07-17T23:00,21.1,82,23.6,0.00,0.00,0.00,0.00,1,2.2,7.6,49
2025-07-18T00:00,20.5,81,22.6,0.00,0.00,0.00,0.00,2,2.7,3.6,72
2025-07-18T01:00,19.6,81,20.9,0.00,0.00,0.00,0.00,0,6.2,11.2,9
2025-07-18T02:00,18.7,73,18.7,0.00,0.00,0.00,0.00,1,8.1,15.8,38
2025-07-18T03:00,18.1,67,17.4,0.00,0.00,0.00,0.00,0,8.8,17.6,1
2025-07-18T04:00,17.1,72,16.4,0.00,0.00,0.00,0.00,2,8.8,17.3,50
2025-07-18T05:00,16.8,77,16.1,0.00,0.00,0.00,0.00,2,10.2,20.9,69
2025-07-18T06:00,17.0,80,16.7,0.00,0.00,0.00,0.00,0,9.5,22.0,14
2025-07-18T07:00,17.7,80,17.9,0.00,0.00,0.00,0.00,0,8.0,19.4,2
2025-07-18T08:00,18.9,77,19.4,0.00,0.00,0.00,0.00,0,7.5,20.5,0
2025-07-18T09:00,20.5,71,21.0,0.00,0.00,0.00,0.00,0,8.1,23.0,0
2025-07-18T10:00,22.1,64,22.8,0.00,0.00,0.00,0.00,0,8.9,25.2,4
2025-07-18T11:00,23.6,57,24.6,0.00,0.00,0.00,0.00,2,9.6,27.4,55
2025-07-18T12:00,24.9,48,25.7,0.00,0.00,0.00,0.00,3,10.6,29.5,82
2025-07-18T13:00,25.5,45,25.8,0.00,0.00,0.00,0.00,3,10.7,29.9,100
2025-07-18T14:00,25.8,44,25.9,0.00,0.00,0.00,0.00,3,11.2,31.0,100
2025-07-18T15:00,26.1,43,25.7,0.00,0.00,0.00,0.00,3,11.9,32.0,100
2025-07-18T16:00,26.0,40,24.6,0.00,0.00,0.00,0.00,3,12.4,33.1,93
2025-07-18T17:00,25.5,42,24.1,0.00,0.00,0.00,0.00,3,12.6,32.0,97
2025-07-18T18:00,24.9,46,23.6,0.00,0.00,0.00,0.00,3,13.6,34.2,99
2025-07-18T19:00,24.4,48,23.5,0.00,0.00,0.00,0.00,3,12.1,33.5,99
2025-07-18T20:00,23.4,54,22.7,0.00,0.00,0.00,0.00,3,11.8,29.5,96
2025-07-18T21:00,22.0,57,21.1,0.00,0.00,0.00,0.00,3,12.8,29.2,99
2025-07-18T22:00,20.7,58,19.4,0.00,0.00,0.00,0.00,3,13.3,29.5,98
2025-07-18T23:00,19.7,58,18.2,0.00,0.00,0.00,0.00,0,12.5,29.5,8
2025-07-19T00:00,18.9,59,17.3,0.00,0.00,0.00,0.00,3,12.3,27.7,99
2025-07-19T01:00,18.2,61,16.5,0.00,0.00,0.00,0.00,3,12.1,27.0,100
2025-07-19T02:00,17.6,63,16.1,0.00,0.00,0.00,0.00,3,11.3,26.6,96
2025-07-19T03:00,17.1,64,15.5,0.00,0.00,0.00,0.00,3,11.4,24.5,96
2025-07-19T04:00,16.6,68,15.1,0.00,0.00,0.00,0.00,3,11.7,25.9,100
2025-07-19T05:00,16.3,69,14.7,0.00,0.00,0.00,0.00,3,12.1,26.3,100
2025-07-19T06:00,16.5,69,15.2,0.00,0.00,0.00,0.00,3,10.5,26.3,100
2025-07-19T07:00,17.1,66,15.9,0.00,0.00,0.00,0.00,3,9.6,23.0,100
2025-07-19T08:00,18.3,62,17.0,0.00,0.00,0.00,0.00,2,10.8,27.4,58
2025-07-19T09:00,20.1,57,18.8,0.00,0.00,0.00,0.00,3,11.6,31.0,97
2025-07-19T10:00,21.8,53,20.8,0.00,0.00,0.00,0.00,3,11.7,32.0,100
2025-07-19T11:00,23.4,51,23.0,0.00,0.00,0.00,0.00,3,12.4,34.2,100
2025-07-19T12:00,24.6,50,24.5,0.00,0.00,0.00,0.00,3,12.7,34.6,100
2025-07-19T13:00,25.4,48,24.8,0.00,0.00,0.00,0.00,3,13.8,36.4,100
2025-07-19T14:00,26.0,46,24.8,0.00,0.00,0.00,0.00,3,15.3,39.6,100
2025-07-19T15:00,26.5,43,24.8,0.00,0.00,0.00,0.00,3,17.9,43.9,100
2025-07-19T16:00,26.4,45,24.8,0.10,0.10,0.00,0.00,51,18.6,50.0,100
2025-07-19T17:00,25.9,47,24.3,0.00,0.00,0.00,0.00,3,19.0,49.3,98
2025-07-19T18:00,23.8,57,23.2,0.30,0.30,0.00,0.00,51,14.7,46.8,100
2025-07-19T19:00,23.4,61,24.0,0.30,0.30,0.00,0.00,51,8.6,34.2,100
2025-07-19T20:00,22.6,68,23.5,0.60,0.60,0.00,0.00,53,9.3,27.7,100
2025-07-19T21:00,22.6,68,23.0,0.00,0.00,0.00,0.00,3,12.3,28.1,89
2025-07-19T22:00,22.1,71,22.5,0.10,0.10,0.00,0.00,51,12.3,28.1,95
2025-07-19T23:00,21.5,72,22.1,0.00,0.00,0.00,0.00,3,10.3,27.7,99
2025-07-20T00:00,20.7,75,21.2,0.10,0.10,0.00,0.00,51,10.4,22.3,100
2025-07-20T01:00,20.4,73,20.4,0.00,0.00,0.00,0.00,3,11.9,25.2,100
2025-07-20T02:00,20.1,71,19.9,0.00,0.00,0.00,0.00,3,11.9,27.4,100
2025-07-20T03:00,19.6,74,19.6,0.00,0.00,0.00,0.00,3,10.7,26.3,100
2025-07-20T04:00,19.1,82,19.5,0.00,0.00,0.00,0.00,3,11.5,25.9,100
2025-07-20T05:00,18.9,84,19.2,0.00,0.00,0.00,0.00,3,12.0,26.6,98
2025-07-20T06:00,19.3,82,19.5,0.00,0.00,0.00,0.00,3,13.1,29.2,99
2025-07-20T07:00,19.7,81,20.1,0.00,0.00,0.00,0.00,3,11.9,28.4,100
2025-07-20T08:00,20.5,81,21.0,0.00,0.00,0.00,0.00,3,13.9,31.0,100
2025-07-20T09:00,21.1,79,21.2,0.00,0.00,0.00,0.00,3,16.6,40.0,100
2025-07-20T10:00,22.1,75,22.5,0.10,0.10,0.00,0.00,51,15.0,39.2,100
2025-07-20T11:00,23.0,72,23.5,0.10,0.10,0.00,0.00,51,14.9,37.1,100
2025-07-20T12:00,23.4,69,23.8,0.00,0.00,0.00,0.00,3,15.0,38.5,99
2025-07-20T13:00,24.7,65,25.6,0.10,0.10,0.00,0.00,51,13.5,39.2,96
2025-07-20T14:00,25.7,61,26.6,0.00,0.00,0.00,0.00,3,13.9,40.7,100
2025-07-20T15:00,25.7,60,26.3,0.00,0.00,0.00,0.00,3,13.2,40.0,100
2025-07-20T16:00,23.5,68,24.0,0.10,0.10,0.00,0.00,51,13.7,42.1,81
2025-07-20T17:00,24.7,65,25.3,0.00,0.00,0.00,0.00,3,14.8,37.8,100
2025-07-20T18:00,24.0,67,24.7,0.00,0.00,0.00,0.00,3,14.3,40.7,100
2025-07-20T19:00,23.4,70,24.3,0.00,0.00,0.00,0.00,3,12.7,33.5,100
2025-07-20T20:00,23.0,73,23.8,0.00,0.00,0.00,0.00,3,13.9,32.4,100
2025-07-20T21:00,21.8,78,22.6,0.10,0.10,0.00,0.00,51,13.8,31.7,100
2025-07-20T22:00,20.9,81,22.1,0.00,0.00,0.00,0.00,3,10.1,31.7,100
2025-07-20T23:00,20.1,84,21.3,0.00,0.00,0.00,0.00,3,10.3,23.4,100
2025-07-21T00:00,19.8,87,20.9,0.10,0.10,0.00,0.00,51,10.4,23.4,100
2025-07-21T01:00,19.3,90,20.6,0.20,0.20,0.00,0.00,51,9.6,23.8,100
2025-07-21T02:00,18.9,92,20.3,0.10,0.10,0.00,0.00,51,8.7,21.2,100
2025-07-21T03:00,18.6,93,20.0,0.10,0.10,0.00,0.00,51,8.7,19.1,100
2025-07-21T04:00,18.2,98,19.6,1.70,1.70,0.00,0.00,61,10.0,20.9,100
2025-07-21T05:00,18.2,95,19.4,4.50,4.50,0.00,0.00,63,9.1,20.9,100
2025-07-21T06:00,17.9,97,19.2,6.60,6.60,0.00,0.00,63,8.8,19.1,100
2025-07-21T07:00,17.9,97,19.0,7.30,7.30,0.00,0.00,63,10.3,22.7,100
2025-07-21T08:00,18.0,97,19.0,3.40,3.40,0.00,0.00,63,11.4,24.5,100
2025-07-21T09:00,18.1,97,19.3,1.60,1.60,0.00,0.00,61,10.3,24.1,100
2025-07-21T10:00,18.2,92,18.5,1.90,1.90,0.00,0.00,61,13.9,27.7,100
2025-07-21T11:00,17.8,97,18.6,1.70,1.70,0.00,0.00,61,12.2,30.6,100
2025-07-21T12:00,18.6,94,19.6,1.10,1.10,0.00,0.00,55,10.9,29.5,100
2025-07-21T13:00,19.3,89,21.0,0.40,0.40,0.00,0.00,51,6.8,28.4,100
2025-07-21T14:00,19.9,85,21.5,0.10,0.10,0.00,0.00,51,6.6,19.8,100
2025-07-21T15:00,20.3,82,21.8,0.10,0.10,0.00,0.00,51,7.0,19.8,100
2025-07-21T16:00,20.5,78,21.6,0.10,0.10,0.00,0.00,51,8.1,21.6,100
2025-07-21T17:00,20.1,79,21.1,0.20,0.20,0.00,0.00,51,8.1,23.4,100
2025-07-21T18:00,20.1,79,21.1,0.00,0.00,0.00,0.00,3,7.9,23.0,100
2025-07-21T19:00,19.8,80,20.7,0.00,0.00,0.00,0.00,3,8.8,23.8,100
2025-07-21T20:00,19.3,84,20.4,0.00,0.00,0.00,0.00,3,7.9,21.6,97
2025-07-21T21:00,18.5,87,19.5,0.00,0.00,0.00,0.00,2,8.0,18.0,52
2025-07-21T22:00,18.1,88,18.9,0.00,0.00,0.00,0.00,0,8.3,16.9,16
2025-07-21T23:00,17.7,89,18.5,0.00,0.00,0.00,0.00,2,8.3,17.6,53
2025-07-22T00:00,17.5,91,18.3,0.00,0.00,0.00,0.00,3,8.1,17.3,100
2025-07-22T01:00,17.3,93,18.2,0.00,0.00,0.00,0.00,3,8.3,18.0,98
2025-07-22T02:00,17.3,94,18.4,0.10,0.10,0.00,0.00,51,6.8,17.3,76
2025-07-22T03:00,17.1,96,18.3,0.00,0.00,0.00,0.00,3,6.7,14.4,100
2025-07-22T04:00,17.0,96,18.0,0.10,0.10,0.00,0.00,51,8.3,17.3,94
2025-07-22T05:00,16.9,97,18.0,0.60,0.60,0.00,0.00,53,8.0,18.4,100
2025-07-22T06:00,17.5,96,18.9,0.20,0.20,0.00,0.00,51,6.7,20.2,100
2025-07-22T07:00,17.8,94,19.0,0.20,0.20,0.00,0.00,51,7.8,21.2,100
2025-07-22T08:00,18.2,91,19.1,0.30,0.30,0.00,0.00,51,9.6,22.3,100
2025-07-22T09:00,18.9,89,19.8,0.20,0.20,0.00,0.00,51,10.1,26.3,100
2025-07-22T10:00,19.7,86,21.1,0.10,0.10,0.00,0.00,51,8.1,25.2,78
2025-07-22T11:00,21.1,79,22.4,0.10,0.10,0.00,0.00,51,8.7,25.2,100
2025-07-22T12:00,21.6,74,22.8,0.10,0.10,0.00,0.00,51,7.5,25.6,100
2025-07-22T13:00,21.4,76,23.0,0.20,0.20,0.00,0.00,51,6.0,20.5,95
2025-07-22T14:00,21.1,76,22.3,0.40,0.40,0.00,0.00,51,7.8,22.7,99
2025-07-22T15:00,21.4,77,23.2,0.10,0.10,0.00,0.00,51,4.5,22.3,99
2025-07-22T16:00,22.0,79,24.6,0.10,0.10,0.00,0.00,51,2.0,16.2,100
2025-07-22T17:00,22.4,73,24.3,0.10,0.10,0.00,0.00,51,5.1,16.2,100
2025-07-22T18:00,22.4,71,24.0,0.00,0.00,0.00,0.00,1,5.6,16.9,25
2025-07-22T19:00,21.4,75,22.9,0.30,0.30,0.00,0.00,51,5.1,16.6,56
2025-07-22T20:00,21.0,79,22.7,0.00,0.00,0.00,0.00,1,5.3,14.0,46
2025-07-22T21:00,20.2,83,22.1,0.00,0.00,0.00,0.00,1,4.9,11.5,39
2025-07-22T22:00,19.6,87,21.3,0.00,0.00,0.00,0.00,1,6.2,11.9,26
2025-07-22T23:00,18.9,90,20.6,0.00,0.00,0.00,0.00,0,6.1,12.6,15
2025-07-23T00:00,18.4,93,20.1,0.00,0.00,0.00,0.00,0,5.2,11.9,14
2025-07-23T01:00,17.7,96,19.3,0.00,0.00,0.00,0.00,0,5.8,11.5,12
2025-07-23T02:00,17.2,98,18.7,0.00,0.00,0.00,0.00,3,5.8,13.0,100
2025-07-23T03:00,16.9,99,18.5,0.00,0.00,0.00,0.00,3,5.2,11.9,100
2025-07-23T04:00,16.8,100,18.3,0.00,0.00,0.00,0.00,3,6.3,14.0,100
2025-07-23T05:00,16.9,99,18.5,0.00,0.00,0.00,0.00,3,5.5,13.0,100
2025-07-23T06:00,17.1,99,18.7,0.00,0.00,0.00,0.00,3,5.9,15.1,100
2025-07-23T07:00,17.6,95,19.3,0.00,0.00,0.00,0.00,3,4.9,15.8,100
2025-07-23T08:00,18.3,91,19.8,0.10,0.10,0.00,0.00,51,5.4,14.4,100
2025-07-23T09:00,19.4,85,21.2,0.20,0.20,0.00,0.00,51,4.3,15.5,100
2025-07-23T10:00,20.0,82,21.7,0.10,0.10,0.00,0.00,51,5.2,14.0,98
2025-07-23T11:00,21.4,75,23.0,0.20,0.20,0.00,0.00,51,5.1,16.2,36
2025-07-23T12:00,22.4,74,25.1,0.10,0.10,0.00,0.00,51,5.1,19.4,59
2025-07-23T13:00,23.4,68,25.3,0.00,0.00,0.00,0.00,3,5.6,19.1,100
2025-07-23T14:00,23.1,69,24.5,0.00,0.00,0.00,0.00,3,7.7,22.0,85
2025-07-23T15:00,23.1,69,24.4,0.70,0.70,0.00,0.00,53,8.1,25.9,30
2025-07-23T16:00,23.6,65,24.9,0.00,0.00,0.00,0.00,0,7.5,25.9,9
2025-07-23T17:00,24.1,61,25.2,0.00,0.00,0.00,0.00,0,6.8,22.0,6
2025-07-23T18:00,24.3,59,25.2,0.00,0.00,0.00,0.00,0,6.9,20.2,10
2025-07-23T19:00,23.8,62,24.8,0.00,0.00,0.00,0.00,0,7.0,18.4,10
2025-07-23T20:00,22.8,68,24.1,0.00,0.00,0.00,0.00,0,7.0,16.2,7
2025-07-23T21:00,21.6,74,23.0,0.00,0.00,0.00,0.00,0,7.0,14.4,10
2025-07-23T22:00,20.7,79,22.1,0.00,0.00,0.00,0.00,0,7.4,14.4,11
2025-07-23T23:00,20.0,83,21.4,0.00,0.00,0.00,0.00,0,7.5,14.8,10
2025-07-24T00:00,19.4,86,20.9,0.00,0.00,0.00,0.00,0,6.5,14.8,2
2025-07-24T01:00,18.9,88,20.4,0.00,0.00,0.00,0.00,0,5.9,12.6,6
2025-07-24T02:00,18.4,90,19.9,0.00,0.00,0.00,0.00,0,6.3,11.9,3
2025-07-24T03:00,18.1,91,19.4,0.00,0.00,0.00,0.00,0,6.1,12.2,2
2025-07-24T04:00,17.7,92,19.1,0.00,0.00,0.00,0.00,0,5.7,11.5,4
2025-07-24T05:00,17.5,92,18.7,0.00,0.00,0.00,0.00,0,6.0,11.5,4
2025-07-24T06:00,17.9,92,19.3,0.00,0.00,0.00,0.00,0,5.4,12.6,2
2025-07-24T07:00,18.7,90,20.6,0.00,0.00,0.00,0.00,0,3.6,11.2,3
2025-07-24T08:00,20.0,86,22.1,0.00,0.00,0.00,0.00,0,4.3,13.7,1
2025-07-24T09:00,21.6,80,23.7,0.00,0.00,0.00,0.00,0,5.5,17.3,5
2025-07-24T10:00,22.8,73,24.7,0.10,0.10,0.00,0.00,51,6.9,22.3,6
2025-07-24T11:00,23.3,68,25.2,0.10,0.10,0.00,0.00,51,7.6,24.1,52
2025-07-24T12:00,24.1,65,26.3,0.10,0.10,0.00,0.00,51,5.2,23.8,55
2025-07-24T13:00,24.2,61,25.0,0.70,0.70,0.00,0.00,53,8.8,23.0,74
2025-07-24T14:00,23.4,66,24.7,1.90,1.90,0.00,0.00,61,7.3,29.2,36
2025-07-24T15:00,24.7,61,26.2,0.00,0.00,0.00,0.00,1,5.8,20.5,22
2025-07-24T16:00,22.4,75,24.9,0.10,0.10,0.00,0.00,51,1.3,23.0,35
2025-07-24T17:00,23.4,71,25.6,0.00,0.00,0.00,0.00,0,3.5,13.0,11
2025-07-24T18:00,23.7,70,25.8,0.00,0.00,0.00,0.00,0,4.7,14.8,6
2025-07-24T19:00,23.7,68,25.7,0.00,0.00,0.00,0.00,0,4.8,16.6,11
2025-07-24T20:00,23.1,73,25.2,0.00,0.00,0.00,0.00,0,5.1,11.9,8
2025-07-24T21:00,22.2,78,24.4,0.00,0.00,0.00,0.00,0,5.5,10.4,9
2025-07-24T22:00,21.6,82,23.8,0.00,0.00,0.00,0.00,0,5.3,10.8,12
2025-07-24T23:00,21.0,85,23.3,0.00,0.00,0.00,0.00,0,4.7,9.7,12
2025-07-25T00:00,20.4,87,22.6,0.00,0.00,0.00,0.00,0,5.1,9.4,6
2025-07-25T01:00,19.8,89,21.9,0.00,0.00,0.00,0.00,0,5.2,9.7,3
2025-07-25T02:00,19.3,89,21.4,0.00,0.00,0.00,0.00,0,4.2,9.4,2
2025-07-25T03:00,18.9,90,20.8,0.00,0.00,0.00,0.00,0,4.2,7.9,0
2025-07-25T04:00,17.8,94,19.4,0.00,0.00,0.00,0.00,0,5.2,10.4,0
2025-07-25T05:00,17.7,93,19.2,0.00,0.00,0.00,0.00,0,5.0,9.4,0
2025-07-25T06:00,18.1,92,19.7,0.00,0.00,0.00,0.00,0,4.9,10.1,0
2025-07-25T07:00,19.1,89,21.2,0.00,0.00,0.00,0.00,0,3.5,10.4,0
2025-07-25T08:00,20.7,84,23.2,0.00,0.00,0.00,0.00,0,2.3,10.1,0
2025-07-25T09:00,22.5,77,25.3,0.00,0.00,0.00,0.00,0,1.5,9.4,0
2025-07-25T10:00,24.2,66,26.8,0.00,0.00,0.00,0.00,0,2.2,10.8,2
2025-07-25T11:00,25.4,57,27.9,0.00,0.00,0.00,0.00,0,3.5,16.6,6
2025-07-25T12:00,26.2,53,28.3,0.00,0.00,0.00,0.00,0,5.2,18.4,16
2025-07-25T13:00,26.1,53,27.7,0.00,0.00,0.00,0.00,0,7.3,22.7,17
2025-07-25T14:00,26.2,53,27.9,0.00,0.00,0.00,0.00,0,6.4,22.0,9
2025-07-25T15:00,26.4,52,27.9,0.00,0.00,0.00,0.00,0,5.8,19.8,15
2025-07-25T16:00,27.2,40,27.3,0.00,0.00,0.00,0.00,0,5.8,20.9,9
2025-07-25T17:00,27.1,40,26.8,0.00,0.00,0.00,0.00,0,6.1,17.3,1
2025-07-25T18:00,26.7,40,26.3,0.00,0.00,0.00,0.00,0,6.7,17.3,1
2025-07-25T19:00,26.0,44,25.9,0.00,0.00,0.00,0.00,0,6.8,16.6,0
2025-07-25T20:00,24.1,53,24.2,0.00,0.00,0.00,0.00,0,8.1,16.6,0
2025-07-25T21:00,22.5,59,22.5,0.00,0.00,0.00,0.00,0,8.5,16.9,0
2025-07-25T22:00,21.0,64,20.8,0.00,0.00,0.00,0.00,0,10.2,21.2,0
2025-07-25T23:00,19.8,68,19.7,0.00,0.00,0.00,0.00,0,9.1,21.2,0
2025-07-26T00:00,18.9,71,18.7,0.00,0.00,0.00,0.00,0,8.7,18.7,0
2025-07-26T01:00,18.1,72,17.9,0.00,0.00,0.00,0.00,0,7.8,17.3,0
2025-07-26T02:00,17.4,74,17.1,0.00,0.00,0.00,0.00,0,7.7,15.5,0
2025-07-26T03:00,16.8,76,16.5,0.00,0.00,0.00,0.00,0,7.0,15.1,0
2025-07-26T04:00,15.7,78,15.2,0.00,0.00,0.00,0.00,0,7.4,14.8,0
2025-07-26T05:00,15.3,79,14.7,0.00,0.00,0.00,0.00,0,7.8,15.1,0
2025-07-26T06:00,15.6,78,15.1,0.00,0.00,0.00,0.00,0,7.4,15.5,0
2025-07-26T07:00,16.5,76,16.4,0.00,0.00,0.00,0.00,0,5.2,15.5,0
2025-07-26T08:00,17.8,71,17.9,0.00,0.00,0.00,0.00,0,4.9,15.1,0
2025-07-26T09:00,19.4,66,19.4,0.00,0.00,0.00,0.00,0,5.8,18.0,0
2025-07-26T10:00,21.0,58,20.9,0.00,0.00,0.00,0.00,0,7.1,21.2,0
2025-07-26T11:00,22.1,51,22.4,0.00,0.00,0.00,0.00,0,7.5,22.7,0
2025-07-26T12:00,23.1,48,23.8,0.00,0.00,0.00,0.00,0,7.0,22.7,0
2025-07-26T13:00,23.9,45,24.7,0.00,0.00,0.00,0.00,0,7.0,22.7,0
2025-07-26T14:00,24.6,42,25.2,0.00,0.00,0.00,0.00,0,6.6,22.3,0
2025-07-26T15:00,25.0,41,25.2,0.00,0.00,0.00,0.00,0,6.7,21.6,0
2025-07-26T16:00,25.8,35,24.7,0.00,0.00,0.00,0.00,0,8.6,24.8,0
2025-07-26T17:00,25.6,36,24.2,0.00,0.00,0.00,0.00,0,8.7,25.2,11
2025-07-26T18:00,25.2,38,23.8,0.00,0.00,0.00,0.00,3,8.6,24.5,100
2025-07-26T19:00,24.5,40,23.3,0.00,0.00,0.00,0.00,3,8.1,22.7,100
2025-07-26T20:00,23.5,46,22.9,0.00,0.00,0.00,0.00,3,6.9,19.8,89
2025-07-26T21:00,22.7,51,22.4,0.00,0.00,0.00,0.00,2,5.4,14.0,51
2025-07-26T22:00,21.8,54,21.6,0.00,0.00,0.00,0.00,0,5.8,10.8,5
2025-07-26T23:00,20.9,59,20.7,0.00,0.00,0.00,0.00,0,6.4,11.5,17
2025-07-27T00:00,19.9,64,19.8,0.00,0.00,0.00,0.00,0,6.8,13.0,0
2025-07-27T01:00,19.2,68,19.0,0.00,0.00,0.00,0.00,0,7.3,13.7,0
2025-07-27T02:00,18.5,70,18.5,0.00,0.00,0.00,0.00,0,6.1,13.7,0
2025-07-27T03:00,17.8,74,18.1,0.00,0.00,0.00,0.00,0,4.9,11.2,0
2025-07-27T04:00,16.2,81,16.5,0.00,0.00,0.00,0.00,0,4.1,8.3,0
2025-07-27T05:00,15.7,84,15.9,0.00,0.00,0.00,0.00,0,4.3,7.9,0
2025-07-27T06:00,16.0,83,16.2,0.00,0.00,0.00,0.00,0,5.0,9.4,0
2025-07-27T07:00,17.2,80,17.8,0.00,0.00,0.00,0.00,0,3.8,10.8,0
2025-07-27T08:00,19.1,71,19.8,0.00,0.00,0.00,0.00,0,2.8,10.4,0
2025-07-27T09:00,21.2,59,21.6,0.00,0.00,0.00,0.00,0,2.9,12.2,6
2025-07-27T10:00,23.0,49,23.0,0.00,0.00,0.00,0.00,0,4.5,16.2,0
2025-07-27T11:00,24.2,42,24.3,0.00,0.00,0.00,0.00,0,6.2,20.9,0
2025-07-27T12:00,25.1,39,25.5,0.00,0.00,0.00,0.00,0,6.2,21.2,0
2025-07-27T13:00,25.8,38,26.3,0.00,0.00,0.00,0.00,0,6.8,22.7,8
2025-07-27T14:00,26.3,38,26.7,0.00,0.00,0.00,0.00,1,7.5,24.5,27
2025-07-27T15:00,26.7,37,26.7,0.00,0.00,0.00,0.00,0,7.3,24.1,0
2025-07-27T16:00,27.6,33,26.7,0.00,0.00,0.00,0.00,0,7.5,24.5,15
2025-07-27T17:00,27.4,33,26.2,0.00,0.00,0.00,0.00,0,7.6,24.8,7
2025-07-27T18:00,27.1,34,26.0,0.00,0.00,0.00,0.00,0,7.1,24.1,0
2025-07-27T19:00,26.6,35,25.6,0.00,0.00,0.00,0.00,1,6.9,22.0,22
2025-07-27T20:00,26.1,38,25.2,0.00,0.00,0.00,0.00,1,7.0,19.8,36
2025-07-27T21:00,25.3,42,24.8,0.00,0.00,0.00,0.00,0,6.0,17.6,7
2025-07-27T22:00,24.7,45,24.8,0.00,0.00,0.00,0.00,0,3.6,12.2,1
2025-07-27T23:00,24.0,48,24.5,0.00,0.00,0.00,0.00,0,2.0,7.2,1
2025-07-28T00:00,23.2,52,23.9,0.00,0.00,0.00,0.00,0,1.5,3.6,7
2025-07-28T01:00,22.6,54,23.1,0.00,0.00,0.00,0.00,0,3.0,6.1,3
2025-07-28T02:00,21.9,59,22.7,0.00,0.00,0.00,0.00,0,2.3,5.8,4
2025-07-28T03:00,21.0,65,22.1,0.00,0.00,0.00,0.00,0,2.1,4.3,6
2025-07-28T04:00,19.2,78,20.6,0.00,0.00,0.00,0.00,0,2.5,3.6,0
2025-07-28T05:00,19.0,76,20.1,0.00,0.00,0.00,0.00,0,3.3,7.2,0
2025-07-28T06:00,19.1,77,20.4,0.00,0.00,0.00,0.00,0,2.7,6.8,0
2025-07-28T07:00,20.2,74,21.9,0.00,0.00,0.00,0.00,0,1.1,6.1,6
2025-07-28T08:00,22.1,64,23.6,0.00,0.00,0.00,0.00,0,1.2,7.9,3
2025-07-28T09:00,24.1,54,25.1,0.00,0.00,0.00,0.00,0,1.9,10.4,0
2025-07-28T10:00,25.7,46,26.4,0.00,0.00,0.00,0.00,0,2.6,13.0,3
2025-07-28T11:00,26.7,42,27.6,0.00,0.00,0.00,0.00,0,3.6,15.8,12
2025-07-28T12:00,27.3,40,28.1,0.00,0.00,0.00,0.00,0,5.0,19.1,10
2025-07-28T13:00,28.0,39,28.8,0.00,0.00,0.00,0.00,0,6.5,22.7,16
2025-07-28T14:00,28.4,38,29.1,0.00,0.00,0.00,0.00,0,6.9,23.8,17
2025-07-28T15:00,28.7,37,29.3,0.00,0.00,0.00,0.00,1,6.3,23.4,23
2025-07-28T16:00,29.6,33,29.2,0.00,0.00,0.00,0.00,1,5.7,22.0,28
2025-07-28T17:00,29.7,33,29.2,0.00,0.00,0.00,0.00,0,7.1,22.7,13
2025-07-28T18:00,29.2,34,28.4,0.00,0.00,0.00,0.00,1,9.0,25.9,24
2025-07-28T19:00,28.4,37,27.9,0.00,0.00,0.00,0.00,2,8.4,26.3,60
2025-07-28T20:00,27.8,40,27.6,0.00,0.00,0.00,0.00,1,7.2,23.0,21
2025-07-28T21:00,26.9,44,27.2,0.00,0.00,0.00,0.00,0,5.9,19.1,2
2025-07-28T22:00,26.3,47,27.0,0.00,0.00,0.00,0.00,0,4.0,14.4,2
2025-07-28T23:00,25.7,50,26.8,0.00,0.00,0.00,0.00,0,2.7,9.7,3
2025-07-29T00:00,24.9,54,26.1,0.00,0.00,0.00,0.00,0,2.8,6.1,1
2025-07-29T01:00,24.2,58,25.5,0.00,0.00,0.00,0.00,0,3.6,7.9,1
2025-07-29T02:00,23.3,64,24.8,0.00,0.00,0.00,0.00,0,4.0,8.3,1
2025-07-29T03:00,22.5,69,24.0,0.00,0.00,0.00,0.00,0,4.9,9.7,1
2025-07-29T04:00,20.6,80,22.4,0.00,0.00,0.00,0.00,0,5.2,9.7,0
2025-07-29T05:00,20.0,83,21.8,0.00,0.00,0.00,0.00,0,4.2,10.1,0
2025-07-29T06:00,20.0,84,21.8,0.00,0.00,0.00,0.00,0,5.1,10.4,0
2025-07-29T07:00,21.0,79,22.9,0.00,0.00,0.00,0.00,0,4.0,11.9,0
2025-07-29T08:00,22.6,71,24.4,0.00,0.00,0.00,0.00,0,4.0,13.0,0
2025-07-29T09:00,24.5,60,26.0,0.00,0.00,0.00,0.00,0,4.6,15.5,0
2025-07-29T10:00,26.3,50,27.3,0.00,0.00,0.00,0.00,0,5.6,18.4,0
2025-07-29T11:00,27.5,42,28.4,0.00,0.00,0.00,0.00,0,6.5,22.0,10
2025-07-29T12:00,28.1,40,29.0,0.00,0.00,0.00,0.00,0,6.6,22.3,8
2025-07-29T13:00,28.8,37,29.9,0.00,0.00,0.00,0.00,0,6.3,22.3,7
2025-07-29T14:00,29.4,36,30.3,0.00,0.00,0.00,0.00,0,6.2,22.0,8
2025-07-29T15:00,29.8,35,30.2,0.00,0.00,0.00,0.00,1,7.1,23.0,30
2025-07-29T16:00,30.3,32,29.6,0.00,0.00,0.00,0.00,1,7.9,25.9,29
2025-07-29T17:00,30.0,33,29.5,0.00,0.00,0.00,0.00,1,7.8,24.8,21
2025-07-29T18:00,28.9,37,28.2,0.10,0.10,0.00,0.00,51,10.7,28.8,40
2025-07-29T19:00,27.8,44,27.8,0.10,0.10,0.00,0.00,51,9.4,29.9,30
2025-07-29T20:00,27.4,46,27.7,0.00,0.00,0.00,0.00,0,8.0,24.8,16
2025-07-29T21:00,26.6,49,27.3,0.00,0.00,0.00,0.00,0,7.1,20.5,4
2025-07-29T22:00,26.0,53,27.0,0.00,0.00,0.00,0.00,0,6.6,16.9,4
2025-07-29T23:00,25.3,58,26.5,0.00,0.00,0.00,0.00,0,6.8,15.8,5
2025-07-30T00:00,24.5,62,25.7,0.00,0.00,0.00,0.00,0,7.3,16.9,11
2025-07-30T01:00,23.6,65,24.8,0.00,0.00,0.00,0.00,0,7.7,17.6,2
2025-07-30T02:00,22.9,68,24.2,0.00,0.00,0.00,0.00,0,7.2,17.3,1
2025-07-30T03:00,22.3,69,23.4,0.00,0.00,0.00,0.00,0,6.9,15.8,0
2025-07-30T04:00,20.6,79,22.1,0.00,0.00,0.00,0.00,0,5.7,12.2,0
2025-07-30T05:00,19.9,81,21.1,0.00,0.00,0.00,0.00,0,6.5,12.2,0
2025-07-30T06:00,19.9,79,21.0,0.00,0.00,0.00,0.00,0,6.5,13.7,0
2025-07-30T07:00,20.6,76,22.2,0.00,0.00,0.00,0.00,0,4.2,12.6,0
2025-07-30T08:00,22.2,69,23.7,0.00,0.00,0.00,0.00,0,4.0,13.3,0
2025-07-30T09:00,24.1,60,25.4,0.00,0.00,0.00,0.00,0,4.8,15.5,0
2025-07-30T10:00,26.0,50,26.4,0.00,0.00,0.00,0.00,1,7.9,22.0,20
2025-07-30T11:00,26.7,44,26.5,0.00,0.00,0.00,0.00,0,10.0,28.1,16
2025-07-30T12:00,27.3,42,27.7,0.00,0.00,0.00,0.00,0,9.5,28.8,16
2025-07-30T13:00,27.9,40,28.6,0.00,0.00,0.00,0.00,0,8.5,28.4,9
2025-07-30T14:00,28.5,39,29.2,0.00,0.00,0.00,0.00,0,7.8,26.3,7
2025-07-30T15:00,29.0,37,29.5,0.00,0.00,0.00,0.00,0,7.5,25.2,9
2025-07-30T16:00,30.2,33,29.5,0.00,0.00,0.00,0.00,1,8.5,25.9,38
2025-07-30T17:00,29.8,35,29.2,0.10,0.10,0.00,0.00,51,9.5,27.0,36
2025-07-30T18:00,29.3,36,28.6,0.00,0.00,0.00,0.00,1,10.4,28.1,25
2025-07-30T19:00,28.6,38,28.0,0.00,0.00,0.00,0.00,0,9.9,28.1,19
2025-07-30T20:00,27.9,39,27.5,0.00,0.00,0.00,0.00,0,9.1,25.2,13
2025-07-30T21:00,27.2,43,27.1,0.00,0.00,0.00,0.00,0,7.7,22.3,12
2025-07-30T22:00,26.4,47,26.8,0.00,0.00,0.00,0.00,0,6.5,17.6,11
2025-07-30T23:00,25.7,51,26.4,0.00,0.00,0.00,0.00,0,6.3,13.7,11
2025-07-31T00:00,25.0,54,25.7,0.00,0.00,0.00,0.00,0,6.3,12.6,9
2025-07-31T01:00,24.2,57,24.9,0.00,0.00,0.00,0.00,0,7.0,14.0,5
2025-07-31T02:00,23.4,58,23.8,0.00,0.00,0.00,0.00,0,8.0,16.2,2
2025-07-31T03:00,22.6,61,22.8,0.00,0.00,0.00,0.00,0,8.4,16.9,10
2025-07-31T04:00,20.9,77,22.2,0.00,0.00,0.00,0.00,0,7.2,14.4,0
2025-07-31T05:00,20.6,77,21.8,0.00,0.00,0.00,0.00,0,6.8,15.1,10
2025-07-31T06:00,20.8,75,22.0,0.00,0.00,0.00,0.00,3,5.9,13.3,100
2025-07-31T07:00,21.4,72,22.7,0.00,0.00,0.00,0.00,3,5.1,13.7,96
2025-07-31T08:00,22.5,67,23.5,0.00,0.00,0.00,0.00,3,7.0,19.4,100
2025-07-31T09:00,23.8,61,24.9,0.00,0.00,0.00,0.00,3,6.2,19.4,100
2025-07-31T10:00,25.2,54,26.0,0.00,0.00,0.00,0.00,3,6.5,19.8,98
2025-07-31T11:00,27.1,45,27.2,0.00,0.00,0.00,0.00,3,8.0,24.1,100
2025-07-31T12:00,28.5,37,28.4,0.00,0.00,0.00,0.00,3,11.5,33.8,100
2025-07-31T13:00,29.0,35,28.6,0.00,0.00,0.00,0.00,3,10.6,33.8,99
2025-07-31T14:00,29.4,35,28.9,0.00,0.00,0.00,0.00,3,11.6,33.1,100
2025-07-31T15:00,29.4,35,28.3,0.00,0.00,0.00,0.00,3,12.1,34.2,100
2025-07-31T16:00,29.1,36,28.1,0.00,0.00,0.00,0.00,2,12.4,36.0,70
2025-07-31T17:00,28.8,38,28.1,0.10,0.10,0.00,0.00,51,11.0,34.9,52
2025-07-31T18:00,28.9,36,27.8,0.00,0.00,0.00,0.00,1,11.4,31.7,37
2025-07-31T19:00,28.7,35,27.3,0.00,0.00,0.00,0.00,3,12.8,32.4,100
2025-07-31T20:00,27.7,39,26.8,0.00,0.00,0.00,0.00,3,10.9,32.4,100
2025-07-31T21:00,26.6,45,26.2,0.00,0.00,0.00,0.00,3,11.2,25.9,100
2025-07-31T22:00,25.6,50,25.4,0.00,0.00,0.00,0.00,3,10.7,25.9,100
2025-07-31T23:00,24.8,53,24.8,0.00,0.00,0.00,0.00,3,9.9,24.1,100
2025-08-01T00:00,23.9,57,23.9,0.00,0.00,0.00,0.00,2,10.4,23.0,53
2025-08-01T01:00,23.2,60,23.2,0.00,0.00,0.00,0.00,1,10.4,23.4,26
2025-08-01T02:00,22.4,62,22.6,0.00,0.00,0.00,0.00,2,9.7,23.0,79
2025-08-01T03:00,21.7,65,21.8,0.00,0.00,0.00,0.00,1,9.4,21.2,23
2025-08-01T04:00,20.4,74,21.2,0.00,0.00,0.00,0.00,2,7.4,15.8,74
2025-08-01T05:00,19.9,76,20.5,0.00,0.00,0.00,0.00,1,8.7,18.7,36
2025-08-01T06:00,19.8,77,20.6,0.00,0.00,0.00,0.00,2,7.5,19.1,51
2025-08-01T07:00,20.4,73,21.0,0.00,0.00,0.00,0.00,1,7.8,20.2,41
2025-08-01T08:00,21.5,67,21.9,0.00,0.00,0.00,0.00,3,9.3,24.8,98
2025-08-01T09:00,21.8,67,22.0,0.40,0.40,0.00,0.00,51,10.9,28.8,100
2025-08-01T10:00,22.0,65,22.2,0.00,0.00,0.00,0.00,3,10.4,28.8,87
2025-08-01T11:00,22.7,62,22.4,0.40,0.40,0.00,0.00,51,14.2,42.8,99
2025-08-01T12:00,23.2,63,23.0,0.60,0.60,0.00,0.00,53,15.3,45.7,99
2025-08-01T13:00,22.1,75,22.9,4.50,4.50,0.00,0.00,63,11.9,45.4,97
2025-08-01T14:00,23.2,70,24.3,0.20,0.20,0.00,0.00,51,10.9,33.5,88
2025-08-01T15:00,25.6,58,25.8,0.10,0.10,0.00,0.00,51,14.2,40.3,13
2025-08-01T16:00,25.6,58,25.8,0.00,0.00,0.00,0.00,1,14.6,43.6,27
2025-08-01T17:00,24.7,65,25.5,1.00,1.00,0.00,0.00,55,12.8,46.1,17
2025-08-01T18:00,24.7,64,25.5,0.00,0.00,0.00,0.00,3,13.1,34.9,87
2025-08-01T19:00,23.0,74,25.1,0.50,0.50,0.00,0.00,53,5.7,31.3,100
2025-08-01T20:00,20.3,93,22.6,8.70,8.70,0.00,0.00,65,7.3,24.5,100
2025-08-01T21:00,20.1,91,21.5,0.10,0.10,0.00,0.00,51,11.6,26.6,100
2025-08-01T22:00,19.6,92,22.0,1.00,1.00,0.00,0.00,55,4.4,26.3,100
2025-08-01T23:00,19.3,93,20.8,0.80,0.80,0.00,0.00,53,9.7,20.5,99
2025-08-02T00:00,19.0,96,21.0,0.10,0.10,0.00,0.00,51,7.2,22.7,100
2025-08-02T01:00,19.0,96,20.9,0.10,0.10,0.00,0.00,51,7.5,16.2,100
2025-08-02T02:00,18.9,96,21.2,0.10,0.10,0.00,0.00,51,5.2,15.8,100
2025-08-02T03:00,18.9,96,21.2,0.10,0.10,0.00,0.00,51,4.6,11.9,100
2025-08-02T04:00,18.6,98,21.3,0.00,0.00,0.00,0.00,3,1.5,6.8,95
2025-08-02T05:00,18.6,99,20.8,0.00,0.00,0.00,0.00,3,6.1,11.9,100
2025-08-02T06:00,19.0,97,21.0,0.00,0.00,0.00,0.00,3,7.8,17.6,81
2025-08-02T07:00,19.3,94,21.2,0.00,0.00,0.00,0.00,3,7.8,19.8,80
2025-08-02T08:00,19.9,88,21.3,0.00,0.00,0.00,0.00,3,9.8,24.8,100
2025-08-02T09:00,20.4,85,22.2,0.10,0.10,0.00,0.00,51,7.0,24.8,100
2025-08-02T10:00,20.6,83,22.1,0.10,0.10,0.00,0.00,51,8.6,22.3,100
2025-08-02T11:00,21.5,79,22.6,0.10,0.10,0.00,0.00,51,10.9,28.4,94
2025-08-02T12:00,22.6,75,24.2,0.10,0.10,0.00,0.00,51,8.6,28.8,39
2025-08-02T13:00,23.1,73,25.0,0.00,0.00,0.00,0.00,3,7.9,24.5,100
2025-08-02T14:00,23.4,68,24.4,0.00,0.00,0.00,0.00,3,10.3,27.0,100
2025-08-02T15:00,22.2,72,23.3,0.30,0.30,0.00,0.00,51,8.9,27.0,22
2025-08-02T16:00,23.6,61,24.0,0.00,0.00,0.00,0.00,0,10.0,26.3,18
2025-08-02T17:00,23.7,59,23.9,0.00,0.00,0.00,0.00,1,10.5,27.0,20
2025-08-02T18:00,23.6,60,23.9,0.00,0.00,0.00,0.00,0,9.8,26.6,5
2025-08-02T19:00,23.0,63,23.6,0.00,0.00,0.00,0.00,0,8.0,23.4,9
2025-08-02T20:00,22.0,68,22.9,0.00,0.00,0.00,0.00,0,6.6,18.4,6
2025-08-02T21:00,21.1,72,22.0,0.00,0.00,0.00,0.00,0,6.6,13.7,3
2025-08-02T22:00,20.4,74,21.4,0.00,0.00,0.00,0.00,0,6.6,13.0,2
2025-08-02T23:00,19.8,77,20.8,0.00,0.00,0.00,0.00,0,6.0,13.3,10
2025-08-03T00:00,19.2,79,20.1,0.00,0.00,0.00,0.00,0,6.6,12.6,1
2025-08-03T01:00,18.6,80,19.3,0.00,0.00,0.00,0.00,0,6.5,13.0,3
2025-08-03T02:00,18.1,80,18.6,0.00,0.00,0.00,0.00,0,6.4,12.6,3
2025-08-03T03:00,17.5,82,17.9,0.00,0.00,0.00,0.00,0,6.9,13.7,1
2025-08-03T04:00,16.2,87,16.6,0.00,0.00,0.00,0.00,0,6.4,13.0,0
2025-08-03T05:00,15.9,88,16.3,0.00,0.00,0.00,0.00,0,5.6,12.6,3
2025-08-03T06:00,16.1,89,16.6,0.00,0.00,0.00,0.00,0,5.8,12.2,1
2025-08-03T07:00,16.9,88,17.9,0.00,0.00,0.00,0.00,0,4.7,12.6,0
2025-08-03T08:00,18.4,85,19.6,0.00,0.00,0.00,0.00,0,5.2,15.1,0
2025-08-03T09:00,20.0,81,21.6,0.00,0.00,0.00,0.00,0,5.0,16.2,8
2025-08-03T10:00,21.7,71,22.6,0.00,0.00,0.00,0.00,3,8.7,24.1,100
2025-08-03T11:00,22.5,69,23.8,0.00,0.00,0.00,0.00,3,6.3,23.8,100
2025-08-03T12:00,22.9,67,24.2,0.00,0.00,0.00,0.00,3,5.5,18.7,97
2025-08-03T13:00,23.6,64,25.1,0.20,0.20,0.00,0.00,51,5.8,18.4,63
2025-08-03T14:00,24.1,62,25.6,0.00,0.00,0.00,0.00,2,7.2,21.6,61
2025-08-03T15:00,24.5,60,25.6,0.00,0.00,0.00,0.00,2,6.9,21.6,60
2025-08-03T16:00,25.9,50,27.1,0.00,0.00,0.00,0.00,1,2.8,13.3,21
2025-08-03T17:00,25.8,51,26.9,0.00,0.00,0.00,0.00,1,3.2,11.2,35
2025-08-03T18:00,25.6,51,26.4,0.00,0.00,0.00,0.00,0,5.2,13.7,15
2025-08-03T19:00,25.1,56,26.3,0.00,0.00,0.00,0.00,0,5.0,13.3,4
2025-08-03T20:00,23.8,63,24.9,0.00,0.00,0.00,0.00,3,7.5,14.8,95
2025-08-03T21:00,22.5,70,23.6,0.00,0.00,0.00,0.00,3,8.5,16.9,90
2025-08-03T22:00,21.6,75,23.0,0.00,0.00,0.00,0.00,3,7.7,17.3,100
2025-08-03T23:00,21.1,78,22.7,0.00,0.00,0.00,0.00,3,6.2,14.8,100
2025-08-04T00:00,20.6,81,22.1,0.00,0.00,0.00,0.00,3,6.7,13.0,100
2025-08-04T01:00,20.1,83,21.7,0.00,0.00,0.00,0.00,3,6.4,13.3,97
2025-08-04T02:00,19.6,85,21.1,0.00,0.00,0.00,0.00,3,6.3,12.2,100
2025-08-04T03:00,19.2,87,20.7,0.00,0.00,0.00,0.00,3,5.9,11.9,100
2025-08-04T04:00,18.7,91,20.3,0.00,0.00,0.00,0.00,3,6.9,13.7,100
2025-08-04T05:00,18.5,92,20.2,0.00,0.00,0.00,0.00,3,6.0,13.7,100
2025-08-04T06:00,18.7,92,20.2,0.00,0.00,0.00,0.00,3,7.1,15.1,100
2025-08-04T07:00,19.0,91,20.8,0.00,0.00,0.00,0.00,3,5.8,15.5,100
2025-08-04T08:00,19.5,90,21.5,0.00,0.00,0.00,0.00,3,5.4,12.6,100
2025-08-04T09:00,20.5,87,22.6,0.00,0.00,0.00,0.00,3,6.4,15.8,100
2025-08-04T10:00,21.6,83,23.8,0.00,0.00,0.00,0.00,3,6.7,17.3,100
2025-08-04T11:00,22.6,78,24.4,0.10,0.10,0.00,0.00,51,9.2,23.0,100
2025-08-04T12:00,21.9,82,23.4,1.90,1.90,0.00,0.00,61,11.8,24.8,100
2025-08-04T13:00,20.2,93,22.3,3.20,3.20,0.00,0.00,63,8.0,25.6,100
2025-08-04T14:00,20.2,94,22.5,2.60,2.60,0.00,0.00,63,7.3,19.1,100
2025-08-04T15:00,20.2,92,22.2,2.30,2.30,0.00,0.00,61,8.9,18.0,100
2025-08-04T16:00,19.5,93,20.8,2.60,2.60,0.00,0.00,63,11.6,23.8,100
2025-08-04T17:00,18.9,94,20.2,2.60,2.60,0.00,0.00,63,10.8,24.1,100
2025-08-04T18:00,19.0,95,20.7,0.60,0.60,0.00,0.00,53,8.3,20.9,100
2025-08-04T19:00,18.8,95,20.6,0.50,0.50,0.00,0.00,53,8.1,20.2,100
2025-08-04T20:00,18.8,96,20.6,1.20,1.20,0.00,0.00,55,8.1,16.6,100
2025-08-04T21:00,18.8,96,20.0,2.40,2.40,0.00,0.00,61,12.0,24.1,100
2025-08-04T22:00,18.7,96,20.1,1.10,1.10,0.00,0.00,55,10.3,25.2,100
2025-08-04T23:00,18.6,95,19.9,0.60,0.60,0.00,0.00,53,10.1,20.9,100
2025-08-05T00:00,18.6,97,20.3,0.50,0.50,0.00,0.00,53,8.1,19.8,100
2025-08-05T01:00,18.6,98,20.5,1.30,1.30,0.00,0.00,61,6.9,16.6,100
2025-08-05T02:00,18.5,98,20.4,2.10,2.10,0.00,0.00,61,7.2,14.8,100
2025-08-05T03:00,18.4,98,20.3,0.20,0.20,0.00,0.00,51,7.2,14.4,100
2025-08-05T04:00,18.7,95,20.5,0.10,0.10,0.00,0.00,51,7.6,14.4,100
2025-08-05T05:00,18.8,97,20.9,0.10,0.10,0.00,0.00,51,6.7,15.1,100
2025-08-05T06:00,19.1,97,21.3,0.10,0.10,0.00,0.00,51,7.0,15.5,100
2025-08-05T07:00,19.6,95,22.1,0.10,0.10,0.00,0.00,51,5.5,15.8,100
2025-08-05T08:00,19.9,91,22.4,0.30,0.30,0.00,0.00,51,4.0,13.3,100
2025-08-05T09:00,20.0,90,22.9,0.20,0.20,0.00,0.00,51,0.5,11.5,100
2025-08-05T10:00,20.7,87,23.1,0.10,0.10,0.00,0.00,51,4.4,13.3,99
2025-08-05T11:00,20.7,88,23.1,0.20,0.20,0.00,0.00,51,5.3,14.8,100
2025-08-05T12:00,20.5,85,21.8,1.00,1.00,0.00,0.00,55,9.8,22.3,100
2025-08-05T13:00,19.9,90,21.5,0.80,0.80,0.00,0.00,53,9.6,23.4,100
2025-08-05T14:00,21.7,80,22.8,0.10,0.10,0.00,0.00,51,12.1,28.4,100
2025-08-05T15:00,23.1,70,23.6,0.10,0.10,0.00,0.00,51,14.5,34.6,100
2025-08-05T16:00,22.7,68,22.4,0.10,0.10,0.00,0.00,51,17.1,39.6,90
2025-08-05T17:00,23.1,67,23.1,0.00,0.00,0.00,0.00,1,15.3,42.1,25
2025-08-05T18:00,23.3,67,23.9,0.00,0.00,0.00,0.00,0,12.2,35.3,2
2025-08-05T19:00,23.0,69,24.1,0.00,0.00,0.00,0.00,0,9.6,28.4,2
2025-08-05T20:00,22.3,72,23.4,0.00,0.00,0.00,0.00,0,8.7,21.6,2
2025-08-05T21:00,21.4,76,22.3,0.00,0.00,0.00,0.00,0,10.9,22.7,7
2025-08-05T22:00,20.8,79,21.6,0.00,0.00,0.00,0.00,0,10.9,24.1,11
2025-08-05T23:00,20.1,82,20.9,0.00,0.00,0.00,0.00,0,11.0,23.4,4
2025-08-06T00:00,19.5,84,20.2,0.00,0.00,0.00,0.00,0,11.4,24.8,0
2025-08-06T01:00,19.0,86,19.7,0.00,0.00,0.00,0.00,0,10.8,24.8,0
2025-08-06T02:00,18.6,88,19.4,0.00,0.00,0.00,0.00,0,10.3,23.4,0
2025-08-06T03:00,18.2,90,19.0,0.00,0.00,0.00,0.00,0,9.8,22.0,1
2025-08-06T04:00,17.6,93,18.4,0.00,0.00,0.00,0.00,0,9.1,19.4,0
2025-08-06T05:00,17.2,94,17.9,0.00,0.00,0.00,0.00,0,9.6,20.2,0
2025-08-06T06:00,17.2,94,18.0,0.00,0.00,0.00,0.00,0,9.5,21.2,4
2025-08-06T07:00,17.8,91,18.6,0.00,0.00,0.00,0.00,0,9.5,24.1,11
2025-08-06T08:00,19.1,84,19.8,0.00,0.00,0.00,0.00,1,9.8,25.9,25
2025-08-06T09:00,20.1,81,21.5,0.00,0.00,0.00,0.00,0,6.7,24.1,1
2025-08-06T10:00,21.5,73,22.4,0.00,0.00,0.00,0.00,0,8.8,23.8,10
2025-08-06T11:00,22.6,64,23.2,0.00,0.00,0.00,0.00,0,10.4,27.7,12
2025-08-06T12:00,23.5,60,24.3,0.00,0.00,0.00,0.00,0,11.1,29.5,17
2025-08-06T13:00,23.9,57,24.6,0.00,0.00,0.00,0.00,1,10.4,29.5,30
2025-08-06T14:00,24.2,53,24.6,0.00,0.00,0.00,0.00,0,9.8,30.6,18
2025-08-06T15:00,24.2,52,24.1,0.00,0.00,0.00,0.00,2,9.9,29.5,68
2025-08-06T16:00,24.7,46,24.1,0.00,0.00,0.00,0.00,2,8.8,29.2,55
2025-08-06T17:00,24.7,46,24.1,0.00,0.00,0.00,0.00,3,9.1,25.2,100
2025-08-06T18:00,23.7,53,23.8,0.00,0.00,0.00,0.00,3,7.2,21.6,100
2025-08-06T19:00,23.1,60,24.0,0.00,0.00,0.00,0.00,1,4.5,15.8,22
2025-08-06T20:00,22.2,66,23.3,0.00,0.00,0.00,0.00,0,4.7,9.0,15
2025-08-06T21:00,21.3,70,22.5,0.00,0.00,0.00,0.00,3,4.5,9.0,99
2025-08-06T22:00,20.6,73,21.9,0.00,0.00,0.00,0.00,3,4.5,8.6,89
2025-08-06T23:00,19.9,77,21.3,0.00,0.00,0.00,0.00,3,4.2,9.0,99
2025-08-07T00:00,19.4,82,21.1,0.00,0.00,0.00,0.00,3,2.5,7.6,100
2025-08-07T01:00,18.8,85,20.6,0.00,0.00,0.00,0.00,3,2.4,5.0,100
2025-08-07T02:00,18.3,87,20.0,0.00,0.00,0.00,0.00,0,2.5,4.0,2
2025-08-07T03:00,17.9,88,19.7,0.00,0.00,0.00,0.00,0,1.3,4.0,2
2025-08-07T04:00,17.5,93,19.4,0.00,0.00,0.00,0.00,3,1.3,2.2,94
2025-08-07T05:00,17.5,92,19.1,0.00,0.00,0.00,0.00,2,3.3,7.2,57
2025-08-07T06:00,17.7,90,19.2,0.00,0.00,0.00,0.00,3,3.7,6.8,100
2025-08-07T07:00,18.0,87,19.1,0.00,0.00,0.00,0.00,3,5.6,13.7,100
2025-08-07T08:00,18.0,87,19.0,0.80,0.80,0.00,0.00,53,6.1,14.0,100
2025-08-07T09:00,18.0,91,18.8,0.90,0.90,0.00,0.00,53,9.1,22.7,100
2025-08-07T10:00,16.8,95,16.9,1.90,1.90,0.00,0.00,61,13.7,28.1,100
2025-08-07T11:00,16.9,92,17.1,1.20,1.20,0.00,0.00,55,11.5,29.9,100
2025-08-07T12:00,17.1,89,17.2,0.10,0.10,0.00,0.00,51,11.2,32.4,100
2025-08-07T13:00,17.3,81,16.9,0.20,0.20,0.00,0.00,51,11.9,29.5,100
2025-08-07T14:00,18.7,69,18.2,0.00,0.00,0.00,0.00,3,9.8,30.2,100
2025-08-07T15:00,18.6,68,18.2,0.00,0.00,0.00,0.00,1,8.2,26.3,21
2025-08-07T16:00,19.0,67,18.9,0.00,0.00,0.00,0.00,0,6.1,17.6,14
2025-08-07T17:00,19.7,63,19.5,0.10,0.10,0.00,0.00,51,6.2,18.7,12
2025-08-07T18:00,19.8,61,19.6,0.00,0.00,0.00,0.00,1,6.0,22.0,29
2025-08-07T19:00,19.5,63,19.4,0.00,0.00,0.00,0.00,1,5.1,20.2,20
2025-08-07T20:00,18.8,64,18.6,0.00,0.00,0.00,0.00,1,5.5,14.0,20
2025-08-07T21:00,17.9,66,17.3,0.00,0.00,0.00,0.00,0,7.6,14.8,14
2025-08-07T22:00,17.0,69,16.1,0.00,0.00,0.00,0.00,0,8.7,17.3,7
2025-08-07T23:00,16.1,73,15.2,0.00,0.00,0.00,0.00,0,9.0,18.4,9
2025-08-08T00:00,15.4,76,14.3,0.00,0.00,0.00,0.00,0,9.5,19.8,12
2025-08-08T01:00,14.9,76,13.7,0.00,0.00,0.00,0.00,0,9.6,19.8,7
2025-08-08T02:00,14.3,77,13.0,0.00,0.00,0.00,0.00,0,9.6,20.2,4
2025-08-08T03:00,13.9,78,12.5,0.00,0.00,0.00,0.00,0,9.4,20.2,3
2025-08-08T04:00,13.1,82,11.8,0.00,0.00,0.00,0.00,0,9.3,19.4,0
2025-08-08T05:00,12.7,84,11.3,0.00,0.00,0.00,0.00,0,9.6,19.8,16
2025-08-08T06:00,12.7,85,11.3,0.00,0.00,0.00,0.00,0,9.4,20.2,0
2025-08-08T07:00,13.3,85,12.4,0.00,0.00,0.00,0.00,0,7.7,20.2,0
2025-08-08T08:00,14.5,83,13.9,0.00,0.00,0.00,0.00,0,7.0,19.4,0
2025-08-08T09:00,16.0,80,15.8,0.00,0.00,0.00,0.00,0,6.8,20.2,0
2025-08-08T10:00,17.6,72,17.1,0.00,0.00,0.00,0.00,1,8.7,23.4,23
2025-08-08T11:00,18.6,64,18.1,0.00,0.00,0.00,0.00,0,9.1,25.9,12
2025-08-08T12:00,19.6,58,19.1,0.10,0.10,0.00,0.00,51,9.3,25.9,17
2025-08-08T13:00,20.3,53,19.7,0.00,0.00,0.00,0.00,1,9.7,28.4,26
2025-08-08T14:00,20.6,51,19.6,0.00,0.00,0.00,0.00,1,10.0,28.4,32
2025-08-08T15:00,20.8,52,19.7,0.00,0.00,0.00,0.00,1,10.3,29.9,21
2025-08-08T16:00,21.1,46,19.2,0.00,0.00,0.00,0.00,0,11.2,30.6,19
2025-08-08T17:00,21.1,47,19.3,0.00,0.00,0.00,0.00,1,10.5,28.1,26
2025-08-08T18:00,20.7,50,19.3,0.00,0.00,0.00,0.00,1,8.9,25.6,21
2025-08-08T19:00,19.9,56,19.1,0.00,0.00,0.00,0.00,0,7.5,20.5,13
2025-08-08T20:00,18.8,63,18.3,0.00,0.00,0.00,0.00,0,6.8,16.2,19
2025-08-08T21:00,17.8,69,17.5,0.00,0.00,0.00,0.00,2,6.5,13.3,64
2025-08-08T22:00,17.0,73,16.7,0.00,0.00,0.00,0.00,3,6.9,13.3,95
2025-08-08T23:00,16.3,77,15.8,0.00,0.00,0.00,0.00,3,7.9,15.5,100
2025-08-09T00:00,15.8,79,15.3,0.00,0.00,0.00,0.00,3,8.0,16.2,100
2025-08-09T01:00,15.4,81,14.9,0.00,0.00,0.00,0.00,3,7.3,16.2,100
2025-08-09T02:00,14.9,83,14.4,0.00,0.00,0.00,0.00,3,7.8,15.8,97
2025-08-09T03:00,14.6,84,14.1,0.00,0.00,0.00,0.00,1,7.6,15.8,33
2025-08-09T04:00,13.5,90,13.0,0.00,0.00,0.00,0.00,3,6.9,13.7,100
2025-08-09T05:00,13.4,91,13.0,0.00,0.00,0.00,0.00,3,6.3,13.7,100
2025-08-09T06:00,13.5,91,13.2,0.00,0.00,0.00,0.00,3,6.7,14.0,100
2025-08-09T07:00,14.1,90,13.9,0.00,0.00,0.00,0.00,3,6.1,14.0,100
2025-08-09T08:00,14.4,90,13.7,0.10,0.10,0.00,0.00,51,10.2,22.7,100
2025-08-09T09:00,15.3,86,15.1,0.20,0.20,0.00,0.00,51,7.5,27.0,98
2025-08-09T10:00,17.0,81,17.0,0.10,0.10,0.00,0.00,51,7.7,22.3,100
2025-08-09T11:00,17.1,79,17.1,0.10,0.10,0.00,0.00,51,8.0,22.7,100
2025-08-09T12:00,18.2,77,18.5,0.10,0.10,0.00,0.00,51,8.3,25.2,100
2025-08-09T13:00,18.7,72,18.5,0.10,0.10,0.00,0.00,51,8.4,25.2,100
2025-08-09T14:00,19.5,63,19.0,0.10,0.10,0.00,0.00,51,8.6,24.8,100
2025-08-09T15:00,18.0,71,17.8,1.00,1.00,0.00,0.00,55,7.0,25.2,100
2025-08-09T16:00,16.9,79,17.4,7.90,7.90,0.00,0.00,65,3.1,22.0,93
2025-08-09T17:00,17.2,80,17.3,0.50,0.50,0.00,0.00,53,7.4,20.2,92
2025-08-09T18:00,16.8,80,16.5,0.00,0.00,0.00,0.00,2,9.3,25.6,61
2025-08-09T19:00,16.7,80,16.8,0.10,0.10,0.00,0.00,51,5.7,21.6,13
2025-08-09T20:00,16.2,86,16.4,0.00,0.00,0.00,0.00,1,6.7,14.0,27
2025-08-09T21:00,15.7,89,15.8,0.00,0.00,0.00,0.00,0,7.7,15.5,19
2025-08-09T22:00,15.4,90,15.3,0.00,0.00,0.00,0.00,0,8.3,17.3,14
2025-08-09T23:00,14.9,90,14.8,0.00,0.00,0.00,0.00,0,8.2,17.3,12
2025-08-10T00:00,14.5,91,14.3,0.00,0.00,0.00,0.00,0,8.0,16.9,0
2025-08-10T01:00,14.2,92,14.0,0.00,0.00,0.00,0.00,0,7.4,16.6,4
2025-08-10T02:00,13.9,92,13.6,0.00,0.00,0.00,0.00,0,7.8,15.8,1
2025-08-10T03:00,13.7,92,13.2,0.00,0.00,0.00,0.00,0,8.0,16.6,14
2025-08-10T04:00,13.1,93,12.6,0.00,0.00,0.00,0.00,1,8.0,16.2,43
2025-08-10T05:00,12.9,93,12.2,0.00,0.00,0.00,0.00,1,8.4,17.3,22
2025-08-10T06:00,13.0,93,12.4,0.00,0.00,0.00,0.00,0,8.3,17.3,4
2025-08-10T07:00,13.7,92,13.4,0.00,0.00,0.00,0.00,0,7.2,17.3,0
2025-08-10T08:00,14.7,89,14.4,0.00,0.00,0.00,0.00,0,7.5,20.2,18
2025-08-10T09:00,16.1,83,16.2,0.00,0.00,0.00,0.00,0,6.8,20.2,5
2025-08-10T10:00,17.8,72,17.2,0.00,0.00,0.00,0.00,1,10.0,25.9,20
2025-08-10T11:00,18.8,66,18.2,0.10,0.10,0.00,0.00,51,10.6,28.1,36
2025-08-10T12:00,19.6,64,19.2,0.00,0.00,0.00,0.00,1,8.8,28.8,33
2025-08-10T13:00,20.3,62,20.5,0.00,0.00,0.00,0.00,1,7.3,25.9,31
2025-08-10T14:00,20.8,59,20.9,0.00,0.00,0.00,0.00,1,7.4,23.4,27
2025-08-10T15:00,21.2,56,20.6,0.00,0.00,0.00,0.00,1,8.2,24.8,33
2025-08-10T16:00,21.4,53,20.6,0.00,0.00,0.00,0.00,1,8.5,28.1,26
2025-08-10T17:00,21.5,51,20.3,0.00,0.00,0.00,0.00,2,9.3,25.9,65
2025-08-10T18:00,21.3,52,20.4,0.00,0.00,0.00,0.00,3,8.2,22.3,100
2025-08-10T19:00,20.5,58,20.0,0.00,0.00,0.00,0.00,3,7.0,19.1,100
2025-08-10T20:00,19.5,64,19.3,0.00,0.00,0.00,0.00,3,6.2,14.8,100
2025-08-10T21:00,18.7,67,18.6,0.00,0.00,0.00,0.00,3,5.8,11.5,100
2025-08-10T22:00,17.9,71,17.8,0.00,0.00,0.00,0.00,3,6.3,11.5,100
2025-08-10T23:00,17.2,74,16.9,0.00,0.00,0.00,0.00,3,7.0,13.3,100
2025-08-11T00:00,16.9,75,16.6,0.00,0.00,0.00,0.00,3,6.3,13.3,100
2025-08-11T01:00,16.4,76,16.2,0.00,0.00,0.00,0.00,3,6.2,11.9,100
2025-08-11T02:00,16.0,78,15.7,0.00,0.00,0.00,0.00,3,6.2,11.9,98
2025-08-11T03:00,15.5,80,15.2,0.00,0.00,0.00,0.00,3,6.5,12.6,97
2025-08-11T04:00,14.7,86,14.7,0.00,0.00,0.00,0.00,3,4.8,10.1,99
2025-08-11T05:00,14.3,88,14.3,0.00,0.00,0.00,0.00,3,5.0,9.0,100
2025-08-11T06:00,14.3,89,14.3,0.00,0.00,0.00,0.00,3,5.2,9.7,100
2025-08-11T07:00,15.0,88,15.3,0.00,0.00,0.00,0.00,3,4.2,10.8,100
2025-08-11T08:00,15.7,84,15.3,0.50,0.50,0.00,0.00,53,8.7,19.1,100
2025-08-11T09:00,15.7,87,16.4,0.60,0.60,0.00,0.00,53,2.9,23.0,100
2025-08-11T10:00,16.4,87,17.3,0.20,0.20,0.00,0.00,51,2.4,10.4,100
2025-08-11T11:00,17.2,82,17.9,0.10,0.10,0.00,0.00,51,3.6,11.9,100
2025-08-11T12:00,18.1,78,19.0,0.00,0.00,0.00,0.00,3,3.1,13.3,100
2025-08-11T13:00,17.8,78,18.5,0.00,0.00,0.00,0.00,3,4.0,12.6,100
2025-08-11T14:00,18.6,76,19.6,0.00,0.00,0.00,0.00,1,2.4,15.1,36
2025-08-11T15:00,19.5,73,20.5,0.00,0.00,0.00,0.00,2,2.8,16.6,66
2025-08-11T16:00,18.8,68,19.0,0.00,0.00,0.00,0.00,3,4.3,15.5,95
2025-08-11T17:00,18.5,69,18.3,0.00,0.00,0.00,0.00,2,6.4,16.9,72
2025-08-11T18:00,19.0,67,19.1,0.00,0.00,0.00,0.00,3,4.8,17.3,94
2025-08-11T19:00,16.9,80,17.2,0.40,0.40,0.00,0.00,51,5.2,16.6,81
2025-08-11T20:00,16.4,85,16.9,0.10,0.10,0.00,0.00,51,4.7,11.2,98
2025-08-11T21:00,16.0,89,16.6,0.00,0.00,0.00,0.00,3,5.4,11.5,91
2025-08-11T22:00,15.9,90,16.4,0.00,0.00,0.00,0.00,3,5.9,11.5,97
2025-08-11T23:00,15.8,90,16.1,0.00,0.00,0.00,0.00,3,6.8,13.3,100
2025-08-12T00:00,15.5,91,15.8,0.00,0.00,0.00,0.00,3,7.1,14.0,100
2025-08-12T01:00,15.1,93,15.2,0.00,0.00,0.00,0.00,2,8.1,16.6,79
2025-08-12T02:00,14.7,94,14.8,0.00,0.00,0.00,0.00,2,7.9,16.6,51
2025-08-12T03:00,14.3,96,14.2,0.00,0.00,0.00,0.00,2,8.6,17.6,56
2025-08-12T04:00,14.3,96,14.2,0.00,0.00,0.00,0.00,1,8.5,17.6,43
2025-08-12T05:00,14.1,98,14.2,0.00,0.00,0.00,0.00,3,7.7,18.0,99
2025-08-12T06:00,14.1,99,14.2,0.00,0.00,0.00,0.00,3,7.5,15.8,100
2025-08-12T07:00,14.4,97,14.3,0.00,0.00,0.00,0.00,3,8.9,20.9,100
2025-08-12T08:00,15.4,91,15.3,0.00,0.00,0.00,0.00,3,9.1,23.0,100
2025-08-12T09:00,16.7,85,16.7,0.00,0.00,0.00,0.00,3,8.7,23.0,100
2025-08-12T10:00,17.7,80,17.9,0.00,0.00,0.00,0.00,3,8.2,23.0,100
2025-08-12T11:00,18.5,78,18.9,0.10,0.10,0.00,0.00,51,7.7,22.3,100
2025-08-12T12:00,19.1,75,19.2,0.10,0.10,0.00,0.00,51,8.9,24.5,100
2025-08-12T13:00,19.7,70,19.5,0.10,0.10,0.00,0.00,51,9.6,26.3,100
2025-08-12T14:00,19.6,69,18.9,0.10,0.10,0.00,0.00,51,12.3,29.9,93
2025-08-12T15:00,18.4,79,18.2,1.60,1.60,0.00,0.00,61,11.4,34.2,97
2025-08-12T16:00,20.4,65,20.0,0.00,0.00,0.00,0.00,3,10.8,31.0,90
2025-08-12T17:00,17.3,81,16.8,2.90,2.90,0.00,0.00,63,11.9,34.9,81
2025-08-12T18:00,17.5,81,17.5,0.10,0.10,0.00,0.00,51,8.7,27.7,36
2025-08-12T19:00,17.4,79,17.2,0.00,0.00,0.00,0.00,1,9.6,21.6,26
2025-08-12T20:00,16.8,81,16.5,0.00,0.00,0.00,0.00,1,9.6,22.0,23
2025-08-12T21:00,16.3,85,16.1,0.00,0.00,0.00,0.00,1,9.5,20.5,22
2025-08-12T22:00,15.9,87,15.8,0.00,0.00,0.00,0.00,1,8.7,21.2,28
2025-08-12T23:00,15.3,89,15.2,0.00,0.00,0.00,0.00,0,8.6,18.7,9
2025-08-13T00:00,14.8,90,14.6,0.00,0.00,0.00,0.00,0,8.4,18.4,11
2025-08-13T01:00,14.5,90,14.2,0.00,0.00,0.00,0.00,0,8.4,17.3,6
2025-08-13T02:00,14.3,89,13.6,0.00,0.00,0.00,0.00,0,9.3,19.1,0
2025-08-13T03:00,13.9,87,13.0,0.00,0.00,0.00,0.00,0,10.0,20.5,0
2025-08-13T04:00,13.5,89,12.6,0.00,0.00,0.00,0.00,0,9.8,20.9,1
2025-08-13T05:00,13.1,88,12.0,0.00,0.00,0.00,0.00,0,9.7,20.9,1
2025-08-13T06:00,13.0,88,11.8,0.00,0.00,0.00,0.00,0,9.6,20.9,1
2025-08-13T07:00,13.4,87,12.6,0.00,0.00,0.00,0.00,0,8.2,20.9,0
2025-08-13T08:00,14.5,83,13.6,0.00,0.00,0.00,0.00,0,9.0,23.0,0
2025-08-13T09:00,15.9,79,15.2,0.00,0.00,0.00,0.00,0,9.0,24.1,0
2025-08-13T10:00,17.5,73,16.9,0.00,0.00,0.00,0.00,0,9.8,26.6,1
2025-08-13T11:00,18.9,63,17.9,0.00,0.00,0.00,0.00,0,12.2,31.3,11
2025-08-13T12:00,19.7,57,18.7,0.00,0.00,0.00,0.00,0,12.4,32.0,18
2025-08-13T13:00,20.2,53,19.0,0.00,0.00,0.00,0.00,1,13.0,33.5,22
2025-08-13T14:00,20.6,54,19.5,0.10,0.10,0.00,0.00,51,13.1,36.0,11
2025-08-13T15:00,20.7,52,18.8,0.10,0.10,0.00,0.00,51,14.4,38.9,13
2025-08-13T16:00,20.6,50,18.4,0.30,0.30,0.00,0.00,51,14.9,36.0,32
2025-08-13T17:00,19.7,55,17.6,0.50,0.50,0.00,0.00,53,14.7,38.2,15
2025-08-13T18:00,19.1,59,17.7,0.00,0.00,0.00,0.00,0,11.5,34.6,10
2025-08-13T19:00,18.5,62,17.2,0.00,0.00,0.00,0.00,1,11.1,27.0,27
2025-08-13T20:00,17.4,67,16.4,0.00,0.00,0.00,0.00,0,9.3,24.8,6
2025-08-13T21:00,16.3,73,15.6,0.00,0.00,0.00,0.00,0,7.9,20.2,2
2025-08-13T22:00,15.5,78,14.8,0.00,0.00,0.00,0.00,0,8.4,16.6,0
2025-08-13T23:00,14.9,81,14.1,0.00,0.00,0.00,0.00,0,9.0,18.4,11
2025-08-14T00:00,14.5,83,13.6,0.00,0.00,0.00,0.00,0,9.3,19.4,0
2025-08-14T01:00,14.0,85,13.0,0.00,0.00,0.00,0.00,0,9.8,20.5,0
2025-08-14T02:00,13.5,86,12.4,0.00,0.00,0.00,0.00,0,10.0,21.6,0
2025-08-14T03:00,13.1,88,12.0,0.00,0.00,0.00,0.00,0,9.5,21.6,0
2025-08-14T04:00,12.0,90,10.7,0.00,0.00,0.00,0.00,0,9.7,20.2,0
2025-08-14T05:00,11.7,92,10.3,0.00,0.00,0.00,0.00,0,10.0,22.0,1
2025-08-14T06:00,11.6,93,10.3,0.00,0.00,0.00,0.00,0,10.3,22.7,10
2025-08-14T07:00,12.4,91,10.8,0.00,0.00,0.00,0.00,3,12.3,27.0,88
2025-08-14T08:00,13.2,86,11.5,0.00,0.00,0.00,0.00,3,13.8,33.5,100
2025-08-14T09:00,14.3,80,12.7,0.00,0.00,0.00,0.00,3,13.0,32.8,100
2025-08-14T10:00,15.5,73,13.8,0.00,0.00,0.00,0.00,3,12.5,32.0,100
2025-08-14T11:00,16.5,71,15.3,0.00,0.00,0.00,0.00,3,10.8,32.4,100
2025-08-14T12:00,16.9,70,15.7,0.00,0.00,0.00,0.00,3,11.4,31.3,100
2025-08-14T13:00,16.4,72,15.1,0.10,0.10,0.00,0.00,51,11.1,31.0,48
2025-08-14T14:00,17.4,66,15.8,0.10,0.10,0.00,0.00,51,12.8,32.0,27
2025-08-14T15:00,18.1,63,16.6,0.10,0.10,0.00,0.00,51,11.8,33.8,39
2025-08-14T16:00,17.7,63,16.1,0.10,0.10,0.00,0.00,51,12.4,31.0,97
2025-08-14T17:00,17.5,67,15.8,0.10,0.10,0.00,0.00,51,13.7,32.4,99
2025-08-14T18:00,17.1,69,15.6,0.00,0.00,0.00,0.00,3,13.2,33.5,100
2025-08-14T19:00,16.8,73,15.8,0.00,0.00,0.00,0.00,3,10.3,31.3,100
2025-08-14T20:00,16.2,75,15.4,0.00,0.00,0.00,0.00,1,8.6,23.4,35
2025-08-14T21:00,15.6,79,15.0,0.00,0.00,0.00,0.00,0,8.2,18.7,15
2025-08-14T22:00,15.3,82,14.6,0.00,0.00,0.00,0.00,0,9.2,18.7,12
2025-08-14T23:00,15.2,84,14.5,0.00,0.00,0.00,0.00,0,10.4,21.6,18
2025-08-15T00:00,15.1,86,14.3,0.00,0.00,0.00,0.00,0,10.8,23.4,17
2025-08-15T01:00,15.0,87,14.3,0.00,0.00,0.00,0.00,0,10.3,23.0,7
2025-08-15T02:00,14.8,90,14.3,0.00,0.00,0.00,0.00,0,10.0,22.0,5
2025-08-15T03:00,14.7,92,14.2,0.00,0.00,0.00,0.00,0,10.1,21.2,16
2025-08-15T04:00,14.6,92,14.1,0.00,0.00,0.00,0.00,0,10.5,22.7,14
2025-08-15T05:00,14.6,92,14.1,0.00,0.00,0.00,0.00,0,10.9,23.4,6
2025-08-15T06:00,14.6,90,13.9,0.00,0.00,0.00,0.00,0,11.4,24.8,7
2025-08-15T07:00,15.1,88,14.7,0.00,0.00,0.00,0.00,0,8.9,25.2,5
2025-08-15T08:00,15.9,84,15.5,0.00,0.00,0.00,0.00,0,9.7,24.1,0
2025-08-15T09:00,17.2,78,16.8,0.00,0.00,0.00,0.00,0,9.8,25.9,0
2025-08-15T10:00,18.6,73,18.3,0.00,0.00,0.00,0.00,0,9.8,26.6,7
2025-08-15T11:00,20.0,65,19.9,0.00,0.00,0.00,0.00,0,10.2,27.7,9
2025-08-15T12:00,21.2,54,20.5,0.00,0.00,0.00,0.00,0,13.0,33.1,0
2025-08-15T13:00,21.8,47,20.6,0.00,0.00,0.00,0.00,0,14.1,36.0,0
2025-08-15T14:00,22.1,47,20.9,0.00,0.00,0.00,0.00,0,14.0,35.6,0
2025-08-15T15:00,22.3,47,20.8,0.00,0.00,0.00,0.00,0,14.0,36.0,1
2025-08-15T16:00,22.9,42,20.7,0.00,0.00,0.00,0.00,0,13.0,34.9,9
2025-08-15T17:00,22.6,43,20.7,0.00,0.00,0.00,0.00,1,12.5,31.0,26
2025-08-15T18:00,21.9,48,20.3,0.00,0.00,0.00,0.00,0,11.9,29.2,10
2025-08-15T19:00,20.7,54,19.5,0.00,0.00,0.00,0.00,1,10.4,27.4,25
2025-08-15T20:00,19.5,61,18.9,0.00,0.00,0.00,0.00,0,7.6,22.7,1
2025-08-15T21:00,18.5,66,18.1,0.00,0.00,0.00,0.00,0,6.7,14.4,0
2025-08-15T22:00,17.7,70,17.4,0.00,0.00,0.00,0.00,0,6.1,12.6,1
2025-08-15T23:00,16.9,74,16.7,0.00,0.00,0.00,0.00,1,6.2,11.5,26
2025-08-16T00:00,16.2,77,15.9,0.00,0.00,0.00,0.00,2,6.3,11.9,55
2025-08-16T01:00,15.6,80,15.3,0.00,0.00,0.00,0.00,2,6.4,12.2,72
2025-08-16T02:00,14.9,83,14.5,0.00,0.00,0.00,0.00,0,6.8,13.0,0
2025-08-16T03:00,14.3,86,13.8,0.00,0.00,0.00,0.00,0,6.8,13.7,0
2025-08-16T04:00,12.9,92,12.3,0.00,0.00,0.00,0.00,0,6.7,13.0,1
2025-08-16T05:00,12.4,93,11.8,0.00,0.00,0.00,0.00,0,6.7,13.0,3
2025-08-16T06:00,12.3,93,11.7,0.00,0.00,0.00,0.00,1,6.5,12.6,42
2025-08-16T07:00,13.0,93,12.5,0.00,0.00,0.00,0.00,0,6.7,13.3,0
2025-08-16T08:00,14.5,89,14.8,0.00,0.00,0.00,0.00,0,3.5,13.3,6
2025-08-16T09:00,16.7,80,17.2,0.00,0.00,0.00,0.00,3,3.6,12.6,100
2025-08-16T10:00,19.0,69,19.3,0.00,0.00,0.00,0.00,3,4.9,15.8,99
2025-08-16T11:00,20.5,58,20.1,0.00,0.00,0.00,0.00,3,8.1,22.3,93
2025-08-16T12:00,21.5,50,20.8,0.00,0.00,0.00,0.00,3,10.6,28.4,100
2025-08-16T13:00,22.0,49,21.3,0.00,0.00,0.00,0.00,2,10.8,28.8,78
2025-08-16T14:00,22.7,46,21.7,0.00,0.00,0.00,0.00,3,12.4,31.7,100
2025-08-16T15:00,23.1,43,21.3,0.00,0.00,0.00,0.00,3,12.1,31.7,100
2025-08-16T16:00,22.9,43,21.2,0.00,0.00,0.00,0.00,3,11.3,29.2,87
2025-08-16T17:00,22.7,46,21.0,0.00,0.00,0.00,0.00,2,12.3,29.9,54
2025-08-16T18:00,22.1,51,21.0,0.00,0.00,0.00,0.00,0,10.3,28.8,13
2025-08-16T19:00,21.3,56,20.3,0.00,0.00,0.00,0.00,2,10.8,24.5,67
2025-08-16T20:00,20.1,61,19.4,0.00,0.00,0.00,0.00,2,9.5,24.1,60
2025-08-16T21:00,19.3,65,18.4,0.00,0.00,0.00,0.00,2,11.8,24.1,58
2025-08-16T22:00,18.8,68,17.9,0.00,0.00,0.00,0.00,3,12.3,27.4,100
2025-08-16T23:00,18.3,72,17.3,0.00,0.00,0.00,0.00,3,13.4,30.2,100
2025-08-17T00:00,18.2,72,17.4,0.00,0.00,0.00,0.00,3,11.9,29.9,100
2025-08-17T01:00,17.7,75,17.0,0.00,0.00,0.00,0.00,3,11.3,25.9,91
2025-08-17T02:00,17.0,78,16.5,0.00,0.00,0.00,0.00,3,10.2,24.1,100
2025-08-17T03:00,16.8,81,16.6,0.00,0.00,0.00,0.00,3,9.1,22.0,100
2025-08-17T04:00,16.6,82,16.3,0.10,0.10,0.00,0.00,51,9.3,20.2,100
2025-08-17T05:00,15.6,90,15.5,1.00,1.00,0.00,0.00,55,9.6,21.6,98
2025-08-17T06:00,15.3,93,15.7,0.00,0.00,0.00,0.00,3,6.6,19.8,100
2025-08-17T07:00,16.0,91,16.0,0.10,0.10,0.00,0.00,51,10.0,22.3,99
2025-08-17T08:00,16.3,89,16.3,0.00,0.00,0.00,0.00,3,10.1,28.8,100
2025-08-17T09:00,16.5,84,16.2,0.10,0.10,0.00,0.00,51,10.3,25.9,82
2025-08-17T10:00,17.6,77,17.5,0.10,0.10,0.00,0.00,51,8.7,26.6,11
2025-08-17T11:00,18.7,63,18.0,0.00,0.00,0.00,0.00,0,9.7,26.6,10
2025-08-17T12:00,19.6,54,18.8,0.00,0.00,0.00,0.00,0,9.5,27.4,13
2025-08-17T13:00,20.0,52,19.2,0.00,0.00,0.00,0.00,1,10.0,28.1,22
2025-08-17T14:00,20.0,50,18.7,0.00,0.00,0.00,0.00,1,10.8,29.5,26
2025-08-17T15:00,19.8,49,17.9,0.00,0.00,0.00,0.00,3,12.4,32.4,97
2025-08-17T16:00,19.4,48,17.2,0.00,0.00,0.00,0.00,0,11.8,31.3,19
2025-08-17T17:00,18.9,49,17.0,0.00,0.00,0.00,0.00,1,9.4,29.9,39
2025-08-17T18:00,18.7,46,16.6,0.00,0.00,0.00,0.00,3,8.5,26.6,100
2025-08-17T19:00,18.1,50,16.1,0.00,0.00,0.00,0.00,0,8.7,20.2,14
2025-08-17T20:00,16.8,55,14.9,0.00,0.00,0.00,0.00,0,8.9,20.2,17
2025-08-17T21:00,15.7,61,14.0,0.00,0.00,0.00,0.00,0,7.7,19.1,9
2025-08-17T22:00,14.8,67,13.3,0.00,0.00,0.00,0.00,0,8.1,16.6,2
2025-08-17T23:00,14.1,71,12.6,0.00,0.00,0.00,0.00,0,7.7,16.6,2
2025-08-18T00:00,13.4,75,12.0,0.00,0.00,0.00,0.00,0,7.7,15.8,0
2025-08-18T01:00,12.7,79,11.5,0.00,0.00,0.00,0.00,0,7.0,15.5,4
2025-08-18T02:00,12.2,83,11.2,0.00,0.00,0.00,0.00,0,6.0,14.0,0
2025-08-18T03:00,11.7,86,10.7,0.00,0.00,0.00,0.00,1,5.8,11.9,38
2025-08-18T04:00,11.5,89,10.7,0.00,0.00,0.00,0.00,3,5.5,10.8,96
2025-08-18T05:00,11.2,91,10.5,0.00,0.00,0.00,0.00,3,4.7,10.8,84
2025-08-18T06:00,11.1,93,10.5,0.00,0.00,0.00,0.00,3,4.2,9.7,100
2025-08-18T07:00,11.5,93,10.7,0.00,0.00,0.00,0.00,3,5.6,13.7,100
2025-08-18T08:00,12.0,91,11.7,1.40,1.40,0.00,0.00,61,2.9,18.0,99
2025-08-18T09:00,12.7,87,12.3,0.40,0.40,0.00,0.00,51,3.8,13.0,99
2025-08-18T10:00,13.2,86,12.5,0.10,0.10,0.00,0.00,51,6.3,17.3,15
2025-08-18T11:00,14.8,77,14.2,0.10,0.10,0.00,0.00,51,5.6,19.1,27
2025-08-18T12:00,15.9,71,15.1,0.20,0.20,0.00,0.00,51,6.8,21.2,59
2025-08-18T13:00,16.7,62,15.6,0.10,0.10,0.00,0.00,51,6.7,21.2,100
2025-08-18T14:00,17.3,58,15.9,0.10,0.10,0.00,0.00,51,7.9,23.0,100
2025-08-18T15:00,17.4,55,15.5,0.00,0.00,0.00,0.00,3,9.3,27.4,100
2025-08-18T16:00,16.2,68,14.8,0.90,0.90,0.00,0.00,53,9.7,28.4,71
2025-08-18T17:00,16.7,61,14.6,0.20,0.20,0.00,0.00,51,12.3,31.3,99
2025-08-18T18:00,16.0,66,14.2,0.10,0.10,0.00,0.00,51,11.2,30.6,100
2025-08-18T19:00,15.3,70,13.7,0.00,0.00,0.00,0.00,3,10.2,27.4,100
2025-08-18T20:00,14.2,78,12.9,0.30,0.30,0.00,0.00,51,9.7,23.8,100
2025-08-18T21:00,13.6,86,12.5,0.20,0.20,0.00,0.00,51,10.0,22.7,82
2025-08-18T22:00,13.3,91,12.5,0.10,0.10,0.00,0.00,51,9.1,23.0,89
2025-08-18T23:00,13.6,92,12.7,0.00,0.00,0.00,0.00,3,10.4,23.0,100
2025-08-19T00:00,14.0,92,13.2,0.00,0.00,0.00,0.00,3,11.2,25.2,100
2025-08-19T01:00,14.4,93,13.5,0.00,0.00,0.00,0.00,3,12.7,28.8,100
2025-08-19T02:00,14.4,94,13.6,0.00,0.00,0.00,0.00,3,12.3,28.8,100
2025-08-19T03:00,14.4,94,13.7,0.00,0.00,0.00,0.00,3,12.1,27.7,100
2025-08-19T04:00,14.6,94,13.9,0.00,0.00,0.00,0.00,3,13.0,29.9,100
2025-08-19T05:00,14.5,93,13.6,0.00,0.00,0.00,0.00,3,13.0,30.2,100
2025-08-19T06:00,14.5,93,13.8,0.00,0.00,0.00,0.00,3,12.1,29.5,100
2025-08-19T07:00,14.7,92,14.1,0.00,0.00,0.00,0.00,3,11.8,33.1,97
2025-08-19T08:00,15.4,87,14.4,0.10,0.10,0.00,0.00,51,13.5,33.5,48
2025-08-19T09:00,16.2,81,15.3,0.10,0.10,0.00,0.00,51,12.7,33.1,52
2025-08-19T10:00,16.7,77,15.5,0.00,0.00,0.00,0.00,3,14.0,37.4,100
2025-08-19T11:00,17.2,73,15.9,0.20,0.20,0.00,0.00,51,13.9,37.4,26
2025-08-19T12:00,18.4,64,16.7,0.10,0.10,0.00,0.00,51,14.9,36.7,20
2025-08-19T13:00,19.3,57,17.4,0.00,0.00,0.00,0.00,1,16.7,42.1,40
2025-08-19T14:00,19.6,54,17.1,0.00,0.00,0.00,0.00,2,17.9,43.2,74
2025-08-19T15:00,19.5,55,17.0,0.00,0.00,0.00,0.00,2,17.3,43.9,70
2025-08-19T16:00,19.2,57,17.2,0.00,0.00,0.00,0.00,2,15.2,40.7,64
2025-08-19T17:00,19.0,58,17.1,0.00,0.00,0.00,0.00,1,14.0,41.0,44
2025-08-19T18:00,18.7,59,17.2,0.00,0.00,0.00,0.00,1,11.6,37.4,45
2025-08-19T19:00,18.2,62,17.1,0.00,0.00,0.00,0.00,3,9.2,27.0,86
2025-08-19T20:00,17.6,65,16.5,0.00,0.00,0.00,0.00,2,8.8,21.2,62
2025-08-19T21:00,16.6,70,15.7,0.00,0.00,0.00,0.00,1,8.3,19.1,42
2025-08-19T22:00,16.0,73,15.0,0.00,0.00,0.00,0.00,0,8.5,16.9,0
2025-08-19T23:00,15.3,76,14.3,0.00,0.00,0.00,0.00,1,8.5,17.3,37
2025-08-20T00:00,14.7,79,13.8,0.00,0.00,0.00,0.00,1,8.7,17.6,20
2025-08-20T01:00,14.2,82,13.1,0.00,0.00,0.00,0.00,0,9.4,19.4,14
2025-08-20T02:00,13.7,85,12.7,0.00,0.00,0.00,0.00,0,9.4,19.8,4
2025-08-20T03:00,13.4,87,12.4,0.00,0.00,0.00,0.00,0,9.3,19.8,2
2025-08-20T04:00,13.0,91,12.1,0.00,0.00,0.00,0.00,1,9.6,20.2,23
2025-08-20T05:00,12.8,92,11.9,0.00,0.00,0.00,0.00,0,9.6,20.2,16
2025-08-20T06:00,12.8,91,11.8,0.00,0.00,0.00,0.00,0,9.5,19.8,2
2025-08-20T07:00,13.5,90,12.9,0.00,0.00,0.00,0.00,0,7.6,20.5,0
2025-08-20T08:00,14.9,84,14.4,0.00,0.00,0.00,0.00,0,8.4,20.5,2
2025-08-20T09:00,16.7,77,16.1,0.00,0.00,0.00,0.00,1,10.1,25.9,21
2025-08-20T10:00,18.4,70,17.5,0.00,0.00,0.00,0.00,3,12.0,31.0,95
2025-08-20T11:00,19.8,60,17.9,0.00,0.00,0.00,0.00,3,17.3,41.4,87
2025-08-20T12:00,20.4,58,18.1,0.00,0.00,0.00,0.00,1,19.8,48.2,47
2025-08-20T13:00,20.8,56,18.6,0.00,0.00,0.00,0.00,2,18.5,47.2,70
2025-08-20T14:00,21.5,56,19.8,0.00,0.00,0.00,0.00,2,16.0,45.0,56
2025-08-20T15:00,21.6,56,20.1,0.00,0.00,0.00,0.00,3,15.5,41.0,82
2025-08-20T16:00,21.9,55,20.7,0.00,0.00,0.00,0.00,3,13.3,40.7,100
2025-08-20T17:00,18.2,79,17.4,1.30,1.30,0.00,0.00,61,15.4,39.2,100
2025-08-20T18:00,17.6,81,17.1,0.20,0.20,0.00,0.00,51,12.9,33.8,100
2025-08-20T19:00,16.8,84,16.2,0.60,0.60,0.00,0.00,53,12.8,33.8,100
2025-08-20T20:00,16.1,91,16.1,1.20,1.20,0.00,0.00,55,10.2,29.5,100
2025-08-20T21:00,15.8,94,16.3,1.10,1.10,0.00,0.00,55,7.7,21.2,100
2025-08-20T22:00,15.4,95,15.8,1.90,1.90,0.00,0.00,61,7.7,16.6,100
2025-08-20T23:00,15.2,96,15.7,0.50,0.50,0.00,0.00,53,6.7,15.8,100
2025-08-21T00:00,15.2,95,15.4,0.60,0.60,0.00,0.00,53,8.5,17.3,100
2025-08-21T01:00,15.2,93,15.4,0.50,0.50,0.00,0.00,53,6.9,16.9,100
2025-08-21T02:00,14.7,94,14.8,1.00,1.00,0.00,0.00,55,8.0,16.9,100
2025-08-21T03:00,14.4,96,14.2,0.40,0.40,0.00,0.00,51,9.2,18.4,100
2025-08-21T04:00,13.6,96,13.5,0.00,0.00,0.00,0.00,3,7.3,16.2,100
2025-08-21T05:00,13.0,94,12.3,0.30,0.30,0.00,0.00,51,8.9,20.5,100
2025-08-21T06:00,12.2,96,11.5,1.50,1.50,0.00,0.00,61,7.9,20.5,100
2025-08-21T07:00,12.1,95,11.6,2.00,2.00,0.00,0.00,61,5.8,16.9,100
2025-08-21T08:00,12.1,95,11.5,1.70,1.70,0.00,0.00,61,6.5,15.8,100
2025-08-21T09:00,12.7,88,11.7,0.20,0.20,0.00,0.00,51,8.7,21.6,100
2025-08-21T10:00,13.3,83,12.3,0.00,0.00,0.00,0.00,3,7.8,22.7,100
2025-08-21T11:00,14.5,75,13.5,0.10,0.10,0.00,0.00,51,6.9,20.5,100
2025-08-21T12:00,15.1,71,14.1,0.00,0.00,0.00,0.00,3,6.8,20.2,100
2025-08-21T13:00,14.9,73,14.0,0.70,0.70,0.00,0.00,53,6.4,19.8,99
2025-08-21T14:00,15.0,71,14.0,0.00,0.00,0.00,0.00,3,6.3,18.4,99
2025-08-21T15:00,15.6,68,14.6,0.00,0.00,0.00,0.00,1,5.7,17.6,46
2025-08-21T16:00,15.7,64,14.6,0.00,0.00,0.00,0.00,3,5.9,16.9,100
2025-08-21T17:00,15.8,61,14.3,0.00,0.00,0.00,0.00,3,7.0,18.0,100
2025-08-21T18:00,15.7,60,14.4,0.00,0.00,0.00,0.00,3,5.5,17.6,85
2025-08-21T19:00,15.6,63,14.8,0.00,0.00,0.00,0.00,1,2.8,13.0,36
2025-08-21T20:00,14.9,67,14.2,0.00,0.00,0.00,0.00,1,3.1,5.4,32
2025-08-21T21:00,14.4,71,13.6,0.00,0.00,0.00,0.00,1,4.0,7.6,23
2025-08-21T22:00,13.8,73,12.8,0.00,0.00,0.00,0.00,0,5.2,9.4,17
2025-08-21T23:00,13.1,75,12.1,0.00,0.00,0.00,0.00,0,4.4,9.7,10
2025-08-22T00:00,12.6,76,11.6,0.00,0.00,0.00,0.00,0,4.0,7.9,8
2025-08-22T01:00,11.8,79,10.7,0.00,0.00,0.00,0.00,0,4.3,8.6,1
2025-08-22T02:00,10.9,84,10.1,0.00,0.00,0.00,0.00,0,2.6,8.3,2
2025-08-22T03:00,10.4,87,9.7,0.00,0.00,0.00,0.00,0,1.7,4.0,2
2025-08-22T04:00,9.1,94,8.2,0.00,0.00,0.00,0.00,0,2.4,4.7,2
2025-08-22T05:00,8.7,96,7.8,0.00,0.00,0.00,0.00,0,2.5,6.5,8
2025-08-22T06:00,8.8,96,8.1,0.00,0.00,0.00,0.00,1,1.3,4.0,43
2025-08-22T07:00,9.3,97,8.9,0.00,0.00,0.00,0.00,3,0.2,4.7,99
2025-08-22T08:00,10.7,92,10.3,0.00,0.00,0.00,0.00,3,1.3,7.2,100
2025-08-22T09:00,12.3,84,11.9,0.00,0.00,0.00,0.00,3,2.1,9.0,100
2025-08-22T10:00,13.6,78,13.1,0.00,0.00,0.00,0.00,3,2.7,10.4,100
2025-08-22T11:00,15.0,69,14.3,0.00,0.00,0.00,0.00,3,3.6,13.0,100
2025-08-22T12:00,16.3,62,15.1,0.00,0.00,0.00,0.00,3,6.0,18.7,100
2025-08-22T13:00,17.0,56,15.3,0.00,0.00,0.00,0.00,3,8.3,22.7,100
2025-08-22T14:00,17.3,53,15.6,0.00,0.00,0.00,0.00,3,7.6,23.0,100
2025-08-22T15:00,17.6,50,15.5,0.00,0.00,0.00,0.00,3,8.8,21.6,100
2025-08-22T16:00,16.7,56,14.4,0.00,0.00,0.00,0.00,3,11.9,28.8,100
2025-08-22T17:00,16.2,60,14.1,0.00,0.00,0.00,0.00,3,11.7,30.2,100
2025-08-22T18:00,15.8,66,14.4,0.00,0.00,0.00,0.00,3,8.6,27.0,100
2025-08-22T19:00,15.0,73,14.0,0.00,0.00,0.00,0.00,3,7.1,20.2,100
2025-08-22T20:00,14.3,78,13.5,0.00,0.00,0.00,0.00,3,6.6,15.8,100
2025-08-22T21:00,13.8,82,13.1,0.00,0.00,0.00,0.00,3,6.4,13.7,100
2025-08-22T22:00,13.3,85,12.5,0.00,0.00,0.00,0.00,3,6.5,13.3,100
2025-08-22T23:00,12.9,87,12.2,0.00,0.00,0.00,0.00,3,6.2,13.0,100
2025-08-23T00:00,12.5,88,11.6,0.00,0.00,0.00,0.00,3,6.7,13.7,100
2025-08-23T01:00,12.2,88,11.1,0.00,0.00,0.00,0.00,3,7.7,15.8,100
2025-08-23T02:00,11.9,88,10.6,0.00,0.00,0.00,0.00,3,8.6,18.0,100
2025-08-23T03:00,11.7,88,10.1,0.00,0.00,0.00,0.00,3,9.9,20.5,100
2025-08-23T04:00,10.7,88,8.8,0.00,0.00,0.00,0.00,3,10.4,22.0,100
2025-08-23T05:00,10.6,87,8.7,0.00,0.00,0.00,0.00,3,10.2,23.0,100
2025-08-23T06:00,10.6,86,8.8,0.00,0.00,0.00,0.00,3,9.6,22.0,100
2025-08-23T07:00,11.1,84,9.4,0.00,0.00,0.00,0.00,3,9.2,21.6,100
2025-08-23T08:00,11.7,82,10.3,0.00,0.00,0.00,0.00,3,7.5,21.6,100
2025-08-23T09:00,12.8,79,11.5,0.00,0.00,0.00,0.00,3,7.3,19.8,100
2025-08-23T10:00,14.2,75,12.9,0.00,0.00,0.00,0.00,3,8.6,24.5,100
2025-08-23T11:00,15.3,71,14.2,0.00,0.00,0.00,0.00,3,8.0,23.0,100
2025-08-23T12:00,16.0,68,14.8,0.00,0.00,0.00,0.00,3,8.3,23.4,100
2025-08-23T13:00,16.8,65,15.6,0.00,0.00,0.00,0.00,3,8.3,23.8,100
2025-08-23T14:00,17.2,63,16.3,0.00,0.00,0.00,0.00,3,6.1,23.0,100
2025-08-23T15:00,17.4,62,16.7,0.00,0.00,0.00,0.00,3,5.5,17.3,100
2025-08-23T16:00,16.2,66,15.3,0.00,0.00,0.00,0.00,3,5.8,15.8,100
2025-08-23T17:00,16.2,67,15.4,0.00,0.00,0.00,0.00,3,5.3,15.1,100
2025-08-23T18:00,16.1,69,15.5,0.00,0.00,0.00,0.00,3,4.2,13.3,100
2025-08-23T19:00,15.8,72,15.5,0.00,0.00,0.00,0.00,3,3.5,9.7,100
2025-08-23T20:00,15.4,77,15.5,0.00,0.00,0.00,0.00,3,2.0,7.2,100
2025-08-23T21:00,15.2,78,15.3,0.00,0.00,0.00,0.00,3,1.7,3.6,100
2025-08-23T22:00,15.0,80,15.2,0.00,0.00,0.00,0.00,3,1.7,3.2,100
2025-08-23T23:00,14.5,86,14.8,0.00,0.00,0.00,0.00,3,1.7,3.6,93
2025-08-24T00:00,13.8,88,14.1,0.00,0.00,0.00,0.00,3,1.5,2.5,92
2025-08-24T01:00,13.3,90,13.5,0.00,0.00,0.00,0.00,1,1.6,2.9,49
2025-08-24T02:00,12.7,91,12.7,0.00,0.00,0.00,0.00,0,2.7,4.3,16
2025-08-24T03:00,12.0,94,11.8,0.00,0.00,0.00,0.00,1,3.0,5.4,22
2025-08-24T04:00,11.1,95,11.0,0.00,0.00,0.00,0.00,1,1.1,3.6,20
2025-08-24T05:00,10.4,99,10.3,0.00,0.00,0.00,0.00,1,0.6,2.2,28
2025-08-24T06:00,9.7,99,9.3,0.00,0.00,0.00,0.00,3,1.5,5.4,100
2025-08-24T07:00,10.1,100,9.8,0.00,0.00,0.00,0.00,3,2.4,8.3,100
2025-08-24T08:00,11.3,98,11.1,0.00,0.00,0.00,0.00,3,3.1,10.4,100
2025-08-24T09:00,13.2,90,13.5,0.00,0.00,0.00,0.00,1,1.7,10.8,24
2025-08-24T10:00,15.2,77,15.1,0.00,0.00,0.00,0.00,1,2.4,11.9,20
2025-08-24T11:00,16.5,66,16.0,0.00,0.00,0.00,0.00,0,3.7,14.8,13
2025-08-24T12:00,17.3,55,16.2,0.00,0.00,0.00,0.00,1,5.7,18.4,40
2025-08-24T13:00,17.3,54,15.8,0.00,0.00,0.00,0.00,2,6.5,19.1,68
2025-08-24T14:00,17.5,53,16.0,0.00,0.00,0.00,0.00,2,6.7,19.8,63
2025-08-24T15:00,17.4,54,16.1,0.00,0.00,0.00,0.00,2,5.2,19.4,57
2025-08-24T16:00,18.4,50,17.0,0.00,0.00,0.00,0.00,1,5.2,16.9,35
2025-08-24T17:00,18.3,48,16.4,0.00,0.00,0.00,0.00,3,8.0,19.4,81
2025-08-24T18:00,16.9,58,15.2,0.00,0.00,0.00,0.00,3,8.4,22.7,84
2025-08-24T19:00,15.9,65,14.9,0.00,0.00,0.00,0.00,3,6.0,19.8,96
2025-08-24T20:00,15.1,70,13.9,0.00,0.00,0.00,0.00,1,7.7,15.5,30
2025-08-24T21:00,14.4,74,13.0,0.00,0.00,0.00,0.00,3,9.2,19.4,96
2025-08-24T22:00,13.8,78,12.4,0.00,0.00,0.00,0.00,3,9.3,20.5,98
2025-08-24T23:00,13.0,82,11.6,0.00,0.00,0.00,0.00,3,9.5,20.5,91
2025-08-25T00:00,12.5,85,11.1,0.00,0.00,0.00,0.00,0,9.3,21.2,10
2025-08-25T01:00,11.6,88,10.1,0.00,0.00,0.00,0.00,0,9.5,20.9,0
2025-08-25T02:00,10.9,90,9.4,0.00,0.00,0.00,0.00,1,9.1,20.5,42
2025-08-25T03:00,10.5,90,8.8,0.00,0.00,0.00,0.00,1,9.1,19.8,21
2025-08-25T04:00,10.0,90,8.4,0.00,0.00,0.00,0.00,0,8.0,19.1,0
2025-08-25T05:00,9.6,90,7.9,0.00,0.00,0.00,0.00,0,8.0,16.9,0
2025-08-25T06:00,9.3,91,7.4,0.00,0.00,0.00,0.00,0,9.2,19.1,0
2025-08-25T07:00,9.6,91,7.9,0.00,0.00,0.00,0.00,0,8.6,20.5,3
2025-08-25T08:00,10.5,86,8.7,0.00,0.00,0.00,0.00,0,9.4,24.8,0
2025-08-25T09:00,12.1,81,10.6,0.00,0.00,0.00,0.00,1,7.7,24.1,23
2025-08-25T10:00,13.8,69,11.4,0.10,0.10,0.00,0.00,51,13.4,33.5,32
2025-08-25T11:00,14.5,63,11.5,0.10,0.10,0.00,0.00,51,16.5,40.0,67
2025-08-25T12:00,15.2,65,12.8,0.20,0.20,0.00,0.00,51,13.9,42.5,83
2025-08-25T13:00,15.7,61,12.9,0.10,0.10,0.00,0.00,51,15.6,40.3,100
2025-08-25T14:00,13.5,70,10.9,0.80,0.80,0.00,0.00,53,14.5,40.7,60
2025-08-25T15:00,14.9,66,12.2,0.20,0.20,0.00,0.00,51,15.8,42.5,85
2025-08-25T16:00,15.1,55,12.1,0.00,0.00,0.00,0.00,1,13.8,36.4,29
2025-08-25T17:00,15.4,53,12.4,0.00,0.00,0.00,0.00,1,13.2,34.2,39
2025-08-25T18:00,15.1,55,12.3,0.00,0.00,0.00,0.00,2,13.0,32.8,51
2025-08-25T19:00,13.8,63,11.0,0.00,0.00,0.00,0.00,2,13.5,34.2,66
2025-08-25T20:00,12.5,72,10.1,0.00,0.00,0.00,0.00,1,11.6,31.0,31
2025-08-25T21:00,11.8,75,9.5,0.00,0.00,0.00,0.00,2,11.7,26.3,60
2025-08-25T22:00,11.4,80,9.2,0.00,0.00,0.00,0.00,0,10.9,26.3,15
2025-08-25T23:00,11.1,83,9.0,0.00,0.00,0.00,0.00,0,11.2,24.8,13
2025-08-26T00:00,10.8,85,8.8,0.00,0.00,0.00,0.00,0,10.8,25.2,14
2025-08-26T01:00,10.4,87,8.5,0.00,0.00,0.00,0.00,0,10.4,23.4,18
2025-08-26T02:00,10.1,89,8.1,0.00,0.00,0.00,0.00,1,10.5,23.0,42
2025-08-26T03:00,9.8,91,7.8,0.00,0.00,0.00,0.00,2,10.8,23.8,60
2025-08-26T04:00,9.7,89,7.6,0.00,0.00,0.00,0.00,3,10.6,23.0,83
2025-08-26T05:00,9.7,91,7.7,0.00,0.00,0.00,0.00,3,10.7,23.4,89
2025-08-26T06:00,9.5,93,7.6,0.60,0.60,0.00,0.00,53,10.0,23.8,100
2025-08-26T07:00,10.1,93,8.4,0.20,0.20,0.00,0.00,51,9.8,23.4,100
2025-08-26T08:00,10.4,93,8.4,0.30,0.30,0.00,0.00,51,12.2,26.6,100
2025-08-26T09:00,10.9,91,9.1,0.20,0.20,0.00,0.00,51,11.3,30.2,86
2025-08-26T10:00,12.2,83,10.0,0.10,0.10,0.00,0.00,51,13.8,37.8,100
2025-08-26T11:00,12.7,79,10.4,0.10,0.10,0.00,0.00,51,14.0,37.8,100
2025-08-26T12:00,13.1,74,10.8,0.00,0.00,0.00,0.00,3,13.5,37.8,100
2025-08-26T13:00,13.4,72,11.0,0.00,0.00,0.00,0.00,3,12.8,35.3,82
2025-08-26T14:00,14.3,69,12.2,0.00,0.00,0.00,0.00,1,11.7,34.9,47
2025-08-26T15:00,14.9,65,12.6,0.00,0.00,0.00,0.00,2,12.5,35.6,74
2025-08-26T16:00,15.5,54,12.4,0.10,0.10,0.00,0.00,51,14.5,34.2,58
2025-08-26T17:00,15.0,56,12.4,0.20,0.20,0.00,0.00,51,11.9,34.9,100
2025-08-26T18:00,14.7,61,12.5,0.00,0.00,0.00,0.00,3,9.3,27.0,100
2025-08-26T19:00,13.8,67,11.7,0.00,0.00,0.00,0.00,3,10.5,24.1,100
2025-08-26T20:00,12.2,81,10.6,0.40,0.40,0.00,0.00,51,8.9,23.8,100
2025-08-26T21:00,11.7,84,10.0,0.00,0.00,0.00,0.00,3,9.9,21.2,100
2025-08-26T22:00,11.2,86,9.5,0.00,0.00,0.00,0.00,3,9.6,22.7,100
2025-08-26T23:00,11.0,87,9.4,0.00,0.00,0.00,0.00,3,8.8,20.5,100
2025-08-27T00:00,10.7,87,9.1,0.00,0.00,0.00,0.00,3,8.4,19.1,100
2025-08-27T01:00,10.4,87,8.6,0.00,0.00,0.00,0.00,3,9.0,19.1,100
2025-08-27T02:00,10.0,87,8.2,0.00,0.00,0.00,0.00,3,8.9,19.4,100
2025-08-27T03:00,9.5,89,7.6,0.00,0.00,0.00,0.00,3,8.7,19.1,100
2025-08-27T04:00,9.4,92,7.5,0.00,0.00,0.00,0.00,1,9.3,19.4,28
2025-08-27T05:00,9.1,93,7.2,0.00,0.00,0.00,0.00,2,9.0,19.4,62
2025-08-27T06:00,8.9,95,7.0,0.00,0.00,0.00,0.00,1,9.3,19.8,43
2025-08-27T07:00,9.5,94,7.4,0.00,0.00,0.00,0.00,3,11.2,25.9,100
2025-08-27T08:00,10.3,90,8.1,0.00,0.00,0.00,0.00,3,12.2,29.2,99
2025-08-27T09:00,11.3,85,9.3,0.00,0.00,0.00,0.00,3,11.8,29.2,100
2025-08-27T10:00,12.5,79,10.6,0.00,0.00,0.00,0.00,3,10.6,32.0,100
2025-08-27T11:00,13.5,76,11.9,0.00,0.00,0.00,0.00,3,9.6,30.6,80
2025-08-27T12:00,14.7,71,13.2,0.00,0.00,0.00,0.00,0,10.8,32.0,19
2025-08-27T13:00,15.8,64,14.3,0.10,0.10,0.00,0.00,51,11.4,32.8,100
2025-08-27T14:00,15.8,58,13.4,0.10,0.10,0.00,0.00,51,11.5,32.8,100
2025-08-27T15:00,15.4,59,12.9,0.40,0.40,0.00,0.00,51,13.0,34.6,84
2025-08-27T16:00,15.0,63,13.2,0.00,0.00,0.00,0.00,3,8.3,27.7,84
2025-08-27T17:00,15.8,58,13.4,0.00,0.00,0.00,0.00,2,11.4,29.5,50
2025-08-27T18:00,14.6,67,12.7,0.40,0.40,0.00,0.00,51,10.7,31.0,49
2025-08-27T19:00,14.2,69,12.4,0.00,0.00,0.00,0.00,1,9.5,24.1,34
2025-08-27T20:00,13.5,72,11.7,0.00,0.00,0.00,0.00,0,9.4,21.2,2
2025-08-27T21:00,12.8,74,10.8,0.00,0.00,0.00,0.00,0,10.0,21.2,11
2025-08-27T22:00,12.2,77,10.3,0.00,0.00,0.00,0.00,0,9.5,21.6,6
2025-08-27T23:00,11.6,79,9.6,0.00,0.00,0.00,0.00,0,10.4,22.0,2
2025-08-28T00:00,11.1,79,8.9,0.00,0.00,0.00,0.00,3,10.7,23.0,100
2025-08-28T01:00,10.8,80,8.5,0.00,0.00,0.00,0.00,0,10.8,23.0,4
2025-08-28T02:00,10.4,81,8.1,0.00,0.00,0.00,0.00,1,11.1,23.4,22
2025-08-28T03:00,10.1,82,7.7,0.00,0.00,0.00,0.00,0,11.3,24.5,0
2025-08-28T04:00,9.9,88,7.7,0.00,0.00,0.00,0.00,0,11.3,24.8,14
2025-08-28T05:00,9.6,89,7.4,0.00,0.00,0.00,0.00,0,11.0,24.1,14
2025-08-28T06:00,9.4,89,7.2,0.00,0.00,0.00,0.00,0,10.9,23.8,5
2025-08-28T07:00,9.9,87,7.7,0.00,0.00,0.00,0.00,2,11.0,24.5,55
2025-08-28T08:00,10.9,84,8.9,0.00,0.00,0.00,0.00,0,10.2,24.5,11
2025-08-28T09:00,12.4,78,10.5,0.00,0.00,0.00,0.00,0,10.8,27.4,0
2025-08-28T10:00,14.2,71,12.3,0.00,0.00,0.00,0.00,0,11.4,29.5,0
2025-08-28T11:00,15.8,61,13.2,0.10,0.10,0.00,0.00,51,16.0,38.9,55
2025-08-28T12:00,16.3,55,13.0,0.00,0.00,0.00,0.00,1,17.4,41.4,42
2025-08-28T13:00,16.9,51,13.5,0.00,0.00,0.00,0.00,1,17.8,43.2,26
2025-08-28T14:00,17.6,47,13.9,0.00,0.00,0.00,0.00,2,18.6,44.3,66
2025-08-28T15:00,17.6,44,13.9,0.00,0.00,0.00,0.00,2,17.8,47.5,65
2025-08-28T16:00,17.8,48,14.5,0.00,0.00,0.00,0.00,1,15.9,44.3,45
2025-08-28T17:00,17.6,49,14.3,0.00,0.00,0.00,0.00,2,16.8,39.6,55
2025-08-28T18:00,16.5,56,13.8,0.00,0.00,0.00,0.00,1,14.1,41.0,42
2025-08-28T19:00,15.9,58,13.8,0.00,0.00,0.00,0.00,1,10.5,32.8,37
2025-08-28T20:00,15.0,64,13.5,0.00,0.00,0.00,0.00,1,6.8,23.0,36
2025-08-28T21:00,14.3,68,12.9,0.00,0.00,0.00,0.00,0,6.7,13.0,5
2025-08-28T22:00,13.5,71,11.8,0.00,0.00,0.00,0.00,2,8.6,16.6,61
2025-08-28T23:00,13.0,72,11.1,0.00,0.00,0.00,0.00,3,8.9,17.6,98
2025-08-29T00:00,12.5,73,10.6,0.00,0.00,0.00,0.00,3,9.4,18.7,84
2025-08-29T01:00,12.1,74,10.1,0.00,0.00,0.00,0.00,1,9.3,19.4,45
2025-08-29T02:00,11.9,75,9.9,0.00,0.00,0.00,0.00,3,8.9,18.7,100
2025-08-29T03:00,12.0,77,10.0,0.00,0.00,0.00,0.00,3,9.8,19.8,100
2025-08-29T04:00,11.7,86,10.5,0.30,0.30,0.00,0.00,51,7.0,18.4,100
2025-08-29T05:00,11.5,90,10.4,0.50,0.50,0.00,0.00,53,6.6,13.3,100
2025-08-29T06:00,11.6,91,10.5,0.00,0.00,0.00,0.00,3,7.9,15.5,100
2025-08-29T07:00,12.0,89,10.9,0.00,0.00,0.00,0.00,3,8.2,18.0,100
2025-08-29T08:00,12.4,88,11.5,0.00,0.00,0.00,0.00,3,6.8,16.2,100
2025-08-29T09:00,13.4,86,12.6,0.00,0.00,0.00,0.00,3,8.0,19.1,89
2025-08-29T10:00,15.3,79,14.7,0.00,0.00,0.00,0.00,3,8.0,23.0,100
2025-08-29T11:00,16.0,75,15.1,0.00,0.00,0.00,0.00,3,9.3,24.8,100
2025-08-29T12:00,16.0,75,15.5,0.00,0.00,0.00,0.00,2,7.1,24.5,60
2025-08-29T13:00,18.1,71,17.7,0.00,0.00,0.00,0.00,3,8.4,22.7,98
2025-08-29T14:00,18.8,69,18.2,0.10,0.10,0.00,0.00,51,9.8,26.6,83
2025-08-29T15:00,19.1,69,18.8,0.00,0.00,0.00,0.00,3,9.0,26.3,81
2025-08-29T16:00,19.2,72,19.9,0.00,0.00,0.00,0.00,3,3.2,15.8,100
2025-08-29T17:00,19.9,72,20.7,0.00,0.00,0.00,0.00,3,5.0,13.3,100
2025-08-29T18:00,19.7,76,20.7,0.00,0.00,0.00,0.00,3,5.2,14.0,100
2025-08-29T19:00,18.9,80,19.7,0.00,0.00,0.00,0.00,3,6.6,12.6,98
2025-08-29T20:00,18.4,82,19.1,0.00,0.00,0.00,0.00,3,7.1,14.4,81
2025-08-29T21:00,18.7,78,19.0,0.00,0.00,0.00,0.00,3,8.8,15.8,100
2025-08-29T22:00,19.1,73,18.7,0.00,0.00,0.00,0.00,1,11.6,23.8,32
2025-08-29T23:00,18.7,73,18.1,0.00,0.00,0.00,0.00,1,12.1,25.6,37
2025-08-30T00:00,18.3,74,17.7,0.00,0.00,0.00,0.00,3,12.1,25.2,100
2025-08-30T01:00,18.5,74,17.9,0.00,0.00,0.00,0.00,3,11.9,25.9,100
2025-08-30T02:00,18.5,73,17.9,0.00,0.00,0.00,0.00,3,11.6,25.2,95
2025-08-30T03:00,18.3,72,17.4,0.00,0.00,0.00,0.00,0,12.4,26.3,3
2025-08-30T04:00,17.6,73,16.7,0.00,0.00,0.00,0.00,1,12.4,26.3,32
2025-08-30T05:00,17.2,73,16.2,0.00,0.00,0.00,0.00,3,12.1,26.3,86
2025-08-30T06:00,16.9,73,15.7,0.00,0.00,0.00,0.00,0,12.2,25.6,3
2025-08-30T07:00,17.3,71,16.0,0.00,0.00,0.00,0.00,2,13.2,28.8,50
2025-08-30T08:00,18.4,68,17.2,0.00,0.00,0.00,0.00,2,13.7,29.9,51
2025-08-30T09:00,19.7,68,19.5,0.00,0.00,0.00,0.00,2,9.4,30.2,58
2025-08-30T10:00,21.1,66,21.2,0.00,0.00,0.00,0.00,2,9.4,23.8,73
2025-08-30T11:00,22.6,61,22.6,0.00,0.00,0.00,0.00,3,10.3,26.3,98
2025-08-30T12:00,23.9,57,24.1,0.00,0.00,0.00,0.00,3,12.0,29.9,99
2025-08-30T13:00,25.1,55,25.5,0.00,0.00,0.00,0.00,3,12.9,31.7,94
2025-08-30T14:00,26.0,53,26.3,0.00,0.00,0.00,0.00,3,13.2,32.0,97
2025-08-30T15:00,26.5,52,26.4,0.00,0.00,0.00,0.00,3,14.0,33.5,94
2025-08-30T16:00,27.5,50,27.7,0.00,0.00,0.00,0.00,1,13.1,32.8,23
2025-08-30T17:00,27.1,51,27.2,0.00,0.00,0.00,0.00,0,13.1,31.3,0
2025-08-30T18:00,26.2,54,26.3,0.00,0.00,0.00,0.00,0,13.4,30.6,0
2025-08-30T19:00,24.9,57,25.0,0.00,0.00,0.00,0.00,0,12.8,30.2,0
2025-08-30T20:00,23.6,60,23.5,0.00,0.00,0.00,0.00,0,13.0,27.7,0
2025-08-30T21:00,22.7,60,22.2,0.00,0.00,0.00,0.00,0,13.0,28.1,0
2025-08-30T22:00,21.8,60,21.1,0.00,0.00,0.00,0.00,0,12.9,27.7,0
2025-08-30T23:00,21.1,60,20.2,0.00,0.00,0.00,0.00,0,12.2,27.4,0
2025-08-31T00:00,20.1,63,19.3,0.00,0.00,0.00,0.00,0,11.1,25.6,0
2025-08-31T01:00,19.2,67,18.6,0.00,0.00,0.00,0.00,0,10.3,22.3,0
2025-08-31T02:00,18.5,71,18.1,0.00,0.00,0.00,0.00,0,9.6,20.5,0
2025-08-31T03:00,18.0,73,17.6,0.00,0.00,0.00,0.00,0,9.3,18.7,0
2025-08-31T04:00,16.7,76,16.0,0.00,0.00,0.00,0.00,0,9.5,18.4,0
2025-08-31T05:00,16.1,76,15.2,0.00,0.00,0.00,0.00,0,9.6,19.1,0
2025-08-31T06:00,15.7,76,14.7,0.00,0.00,0.00,0.00,0,9.1,19.1,0
2025-08-31T07:00,16.0,75,15.3,0.00,0.00,0.00,0.00,0,8.2,18.0,0
2025-08-31T08:00,17.2,74,16.9,0.00,0.00,0.00,0.00,0,7.4,16.6,6
2025-08-31T09:00,18.6,71,18.9,0.00,0.00,0.00,0.00,0,5.2,15.1,16
2025-08-31T10:00,20.5,68,21.4,0.00,0.00,0.00,0.00,1,4.1,14.4,41
2025-08-31T11:00,22.5,65,23.8,0.00,0.00,0.00,0.00,0,4.3,14.8,5
2025-08-31T12:00,24.2,61,26.2,0.00,0.00,0.00,0.00,0,5.1,16.2,0
2025-08-31T13:00,25.7,56,27.7,0.00,0.00,0.00,0.00,0,5.5,16.9,0
2025-08-31T14:00,26.8,48,27.7,0.00,0.00,0.00,0.00,0,7.2,19.4,0
2025-08-31T15:00,27.3,40,27.0,0.00,0.00,0.00,0.00,0,8.4,21.2,0
2025-08-31T16:00,28.1,37,27.4,0.00,0.00,0.00,0.00,0,8.4,22.3,0
2025-08-31T17:00,27.6,41,27.6,0.00,0.00,0.00,0.00,0,6.0,19.8,0
2025-08-31T18:00,26.5,48,27.3,0.00,0.00,0.00,0.00,0,4.4,14.0,0
2025-08-31T19:00,24.6,59,26.0,0.00,0.00,0.00,0.00,0,4.4,8.3,0
2025-08-31T20:00,23.6,60,24.7,0.00,0.00,0.00,0.00,0,5.0,8.3,0
2025-08-31T21:00,22.3,67,23.6,0.00,0.00,0.00,0.00,0,4.6,10.1,0
2025-08-31T22:00,21.6,68,22.8,0.00,0.00,0.00,0.00,0,4.6,6.8,1
2025-08-31T23:00,20.8,71,21.8,0.00,0.00,0.00,0.00,0,4.6,6.8,1
2025-09-01T00:00,20.7,68,21.3,0.00,0.00,0.00,0.00,0,5.8,10.1,0
2025-09-01T01:00,19.5,76,20.5,0.00,0.00,0.00,0.00,0,4.7,10.4,0
2025-09-01T02:00,19.5,75,20.1,0.00,0.00,0.00,0.00,0,6.8,13.0,1
2025-09-01T03:00,18.8,78,19.5,0.00,0.00,0.00,0.00,0,6.4,12.6,7
2025-09-01T04:00,16.6,84,17.1,0.00,0.00,0.00,0.00,0,5.1,10.8,6
2025-09-01T05:00,16.0,87,16.4,0.00,0.00,0.00,0.00,0,5.1,11.2,2
2025-09-01T06:00,15.7,88,16.0,0.00,0.00,0.00,0.00,0,6.3,11.2,0
2025-09-01T07:00,16.1,87,16.0,0.00,0.00,0.00,0.00,0,9.3,21.6,2
2025-09-01T08:00,17.2,80,17.4,0.00,0.00,0.00,0.00,0,6.8,20.9,7
2025-09-01T09:00,18.2,81,19.1,0.00,0.00,0.00,0.00,0,4.7,16.6,9
2025-09-01T10:00,19.8,76,19.7,0.00,0.00,0.00,0.00,3,12.9,31.3,99
2025-09-01T11:00,18.8,79,18.9,0.00,0.00,0.00,0.00,1,10.3,32.8,49
2025-09-01T12:00,20.2,71,20.0,0.00,0.00,0.00,0.00,1,11.7,30.2,38
2025-09-01T13:00,21.7,63,21.4,0.00,0.00,0.00,0.00,0,11.3,31.3,7
2025-09-01T14:00,21.9,61,21.5,0.00,0.00,0.00,0.00,0,13.4,34.2,16
2025-09-01T15:00,21.6,59,20.6,0.00,0.00,0.00,0.00,1,13.4,35.3,20
2025-09-01T16:00,20.6,58,19.0,0.00,0.00,0.00,0.00,0,15.4,39.2,4
2025-09-01T17:00,20.3,58,18.6,0.00,0.00,0.00,0.00,0,15.4,37.8,1
2025-09-01T18:00,19.8,60,18.3,0.00,0.00,0.00,0.00,0,13.7,36.7,4
2025-09-01T19:00,18.9,64,17.8,0.00,0.00,0.00,0.00,0,11.3,32.0,1
2025-09-01T20:00,17.9,69,16.9,0.00,0.00,0.00,0.00,0,11.0,25.6,0
2025-09-01T21:00,17.1,72,16.1,0.00,0.00,0.00,0.00,0,11.3,25.2,0
2025-09-01T22:00,16.5,75,15.6,0.00,0.00,0.00,0.00,0,10.6,25.2,3
2025-09-01T23:00,16.0,77,15.0,0.00,0.00,0.00,0.00,0,11.2,24.8,2
2025-09-02T00:00,15.6,80,14.6,0.00,0.00,0.00,0.00,1,11.0,25.2,22
2025-09-02T01:00,15.4,82,14.5,0.00,0.00,0.00,0.00,3,11.0,25.2,100
2025-09-02T02:00,15.5,81,14.4,0.00,0.00,0.00,0.00,3,12.2,28.1,100
2025-09-02T03:00,15.1,81,13.7,0.00,0.00,0.00,0.00,3,13.4,31.0,100
2025-09-02T04:00,14.7,82,13.4,0.00,0.00,0.00,0.00,3,12.3,28.4,100
2025-09-02T05:00,14.4,82,12.9,0.00,0.00,0.00,0.00,3,13.5,31.0,100
2025-09-02T06:00,14.2,83,12.6,0.00,0.00,0.00,0.00,3,13.6,31.7,100
2025-09-02T07:00,14.1,82,12.2,0.00,0.00,0.00,0.00,3,15.3,34.9,100
2025-09-02T08:00,13.9,79,11.8,0.00,0.00,0.00,0.00,3,15.0,40.3,100
2025-09-02T09:00,13.8,80,11.7,0.00,0.00,0.00,0.00,3,15.1,38.5,100
2025-09-02T10:00,14.2,77,11.9,0.00,0.00,0.00,0.00,3,16.3,39.6,100
2025-09-02T11:00,14.7,75,12.5,0.00,0.00,0.00,0.00,3,15.5,39.2,100
2025-09-02T12:00,15.4,72,13.2,0.00,0.00,0.00,0.00,3,15.9,39.2,100
2025-09-02T13:00,16.2,69,13.9,0.00,0.00,0.00,0.00,3,16.7,40.7,100
2025-09-02T14:00,16.9,66,14.7,0.00,0.00,0.00,0.00,3,16.7,41.4,98
2025-09-02T15:00,17.1,66,14.9,0.00,0.00,0.00,0.00,3,16.2,41.0,95
2025-09-02T16:00,15.7,71,13.4,0.00,0.00,0.00,0.00,3,16.0,38.5,100
2025-09-02T17:00,15.5,72,13.5,0.00,0.00,0.00,0.00,3,15.1,40.0,95
2025-09-02T18:00,15.5,73,13.6,0.00,0.00,0.00,0.00,3,14.5,36.7,100
2025-09-02T19:00,15.1,76,13.5,0.00,0.00,0.00,0.00,3,12.6,34.2,100
2025-09-02T20:00,14.9,77,13.5,0.00,0.00,0.00,0.00,3,11.4,29.5,96
2025-09-02T21:00,14.7,78,13.3,0.00,0.00,0.00,0.00,3,10.9,26.3,100
2025-09-02T22:00,14.6,77,13.3,0.00,0.00,0.00,0.00,3,10.4,24.5,100
2025-09-02T23:00,14.5,76,13.1,0.00,0.00,0.00,0.00,3,10.5,23.8,100
2025-09-03T00:00,14.3,77,13.0,0.00,0.00,0.00,0.00,3,10.0,23.8,100
2025-09-03T01:00,14.1,78,12.8,0.00,0.00,0.00,0.00,3,9.6,22.3,100
2025-09-03T02:00,14.0,79,12.8,0.00,0.00,0.00,0.00,3,8.8,20.9,100
2025-09-03T03:00,13.8,80,12.7,0.00,0.00,0.00,0.00,3,8.9,19.4,100
2025-09-03T04:00,13.4,85,12.4,0.00,0.00,0.00,0.00,3,8.8,19.4,100
2025-09-03T05:00,13.3,86,12.2,0.00,0.00,0.00,0.00,3,9.1,20.2,100
2025-09-03T06:00,13.3,85,12.2,0.00,0.00,0.00,0.00,3,9.1,20.5,100
2025-09-03T07:00,13.5,83,12.4,0.00,0.00,0.00,0.00,3,9.2,21.2,100
2025-09-03T08:00,13.9,80,12.7,0.00,0.00,0.00,0.00,3,9.1,22.0,96
2025-09-03T09:00,14.7,76,13.5,0.00,0.00,0.00,0.00,3,8.9,23.0,92
2025-09-03T10:00,15.7,70,13.9,0.00,0.00,0.00,0.00,2,12.7,30.2,51
2025-09-03T11:00,16.5,65,14.6,0.00,0.00,0.00,0.00,2,12.8,32.8,69
2025-09-03T12:00,17.2,63,15.3,0.00,0.00,0.00,0.00,3,12.8,32.8,98
2025-09-03T13:00,17.8,60,15.9,0.00,0.00,0.00,0.00,2,12.5,32.4,54
2025-09-03T14:00,18.5,57,16.7,0.00,0.00,0.00,0.00,2,12.2,32.0,57
2025-09-03T15:00,19.2,54,17.3,0.00,0.00,0.00,0.00,1,12.3,31.3,28
2025-09-03T16:00,16.2,63,14.2,0.00,0.00,0.00,0.00,3,11.7,30.6,99
2025-09-03T17:00,16.5,60,14.5,0.00,0.00,0.00,0.00,2,10.8,31.3,53
2025-09-03T18:00,16.4,62,15.0,0.00,0.00,0.00,0.00,1,8.3,28.8,39
2025-09-03T19:00,15.8,67,15.0,0.00,0.00,0.00,0.00,0,4.9,19.1,3
2025-09-03T20:00,15.0,70,13.8,0.00,0.00,0.00,0.00,0,7.2,13.3,2
2025-09-03T21:00,13.8,75,12.3,0.00,0.00,0.00,0.00,0,9.5,20.5,2
2025-09-03T22:00,12.9,80,11.6,0.00,0.00,0.00,0.00,0,7.3,20.2,9
2025-09-03T23:00,12.3,83,11.5,0.00,0.00,0.00,0.00,1,4.4,14.4,23
2025-09-04T00:00,12.1,84,11.5,0.00,0.00,0.00,0.00,2,3.4,8.3,50
2025-09-04T01:00,12.1,85,11.3,0.00,0.00,0.00,0.00,3,4.1,7.9,86
2025-09-04T02:00,12.1,86,11.4,0.00,0.00,0.00,0.00,3,4.3,9.0,100
2025-09-04T03:00,12.2,85,11.4,0.00,0.00,0.00,0.00,3,5.1,10.8,100
2025-09-04T04:00,12.1,86,11.2,0.00,0.00,0.00,0.00,3,5.3,11.2,100
2025-09-04T05:00,12.1,85,11.2,0.00,0.00,0.00,0.00,3,5.9,12.2,100
2025-09-04T06:00,12.3,84,11.3,0.00,0.00,0.00,0.00,3,5.9,12.6,100
2025-09-04T07:00,12.5,84,11.5,0.00,0.00,0.00,0.00,3,6.4,16.2,100
2025-09-04T08:00,13.1,81,12.1,0.00,0.00,0.00,0.00,3,6.8,16.6,100
2025-09-04T09:00,13.6,80,12.5,0.00,0.00,0.00,0.00,3,7.7,19.4,100
2025-09-04T10:00,14.6,72,13.2,0.00,0.00,0.00,0.00,3,9.4,23.0,100
2025-09-04T11:00,15.3,67,13.6,0.10,0.10,0.00,0.00,51,10.2,26.3,100
2025-09-04T12:00,16.0,64,14.4,0.00,0.00,0.00,0.00,3,9.5,25.6,100
2025-09-04T13:00,17.0,60,15.6,0.00,0.00,0.00,0.00,3,7.8,23.8,100
2025-09-04T14:00,18.1,56,16.7,0.00,0.00,0.00,0.00,3,7.6,20.9,99
2025-09-04T15:00,18.5,54,16.8,0.00,0.00,0.00,0.00,3,9.6,25.9,100
2025-09-04T16:00,18.1,54,16.3,0.00,0.00,0.00,0.00,3,9.3,25.2,100
2025-09-04T17:00,17.8,57,16.4,0.00,0.00,0.00,0.00,3,8.3,25.6,100
2025-09-04T18:00,17.7,59,16.5,0.00,0.00,0.00,0.00,0,6.9,19.8,19
2025-09-04T19:00,16.9,63,15.7,0.00,0.00,0.00,0.00,0,7.5,16.9,9
2025-09-04T20:00,16.0,67,14.9,0.00,0.00,0.00,0.00,0,6.5,16.2,4
2025-09-04T21:00,15.2,70,14.1,0.00,0.00,0.00,0.00,0,6.9,13.3,11
2025-09-04T22:00,14.7,72,13.6,0.00,0.00,0.00,0.00,1,6.6,13.3,28
2025-09-04T23:00,14.1,75,13.1,0.00,0.00,0.00,0.00,1,6.2,13.0,44
2025-09-05T00:00,13.6,78,12.8,0.00,0.00,0.00,0.00,1,5.1,11.5,49
2025-09-05T01:00,13.2,81,12.6,0.00,0.00,0.00,0.00,3,4.0,9.4,82
2025-09-05T02:00,13.0,83,12.3,0.00,0.00,0.00,0.00,1,4.4,8.6,23
2025-09-05T03:00,12.6,85,11.9,0.00,0.00,0.00,0.00,1,5.0,9.7,40
2025-09-05T04:00,11.2,92,10.5,0.00,0.00,0.00,0.00,2,4.8,9.4,58
2025-09-05T05:00,10.7,93,10.0,0.00,0.00,0.00,0.00,2,4.6,9.0,70
2025-09-05T06:00,10.4,94,9.6,0.00,0.00,0.00,0.00,2,4.4,8.3,56
2025-09-05T07:00,10.9,93,10.1,0.00,0.00,0.00,0.00,3,5.4,10.8,99
2025-09-05T08:00,12.3,89,12.0,0.00,0.00,0.00,0.00,2,3.5,12.2,52
2025-09-05T09:00,14.0,85,14.0,0.00,0.00,0.00,0.00,1,3.1,11.2,36
2025-09-05T10:00,15.7,77,15.6,0.00,0.00,0.00,0.00,3,3.6,13.0,85
2025-09-05T11:00,16.9,70,16.7,0.00,0.00,0.00,0.00,2,4.3,15.5,60
2025-09-05T12:00,18.3,62,17.8,0.00,0.00,0.00,0.00,3,6.9,20.5,85
2025-09-05T13:00,19.0,58,18.3,0.00,0.00,0.00,0.00,3,5.3,20.5,86
2025-09-05T14:00,19.4,56,18.7,0.00,0.00,0.00,0.00,3,5.3,16.9,92
2025-09-05T15:00,19.8,53,19.0,0.00,0.00,0.00,0.00,3,5.5,17.3,97
2025-09-05T16:00,20.1,54,19.5,0.00,0.00,0.00,0.00,3,5.1,15.1,100
2025-09-05T17:00,19.9,55,19.2,0.00,0.00,0.00,0.00,3,6.0,15.5,100
2025-09-05T18:00,19.6,56,18.8,0.00,0.00,0.00,0.00,3,6.6,15.5,98
2025-09-05T19:00,18.9,61,18.4,0.00,0.00,0.00,0.00,1,5.9,15.5,48
2025-09-05T20:00,18.3,65,18.1,0.00,0.00,0.00,0.00,3,4.7,12.6,89
2025-09-05T21:00,17.6,67,17.1,0.00,0.00,0.00,0.00,2,6.3,12.2,59
2025-09-05T22:00,16.3,72,15.8,0.00,0.00,0.00,0.00,0,6.0,14.8,3
2025-09-05T23:00,15.4,75,15.0,0.00,0.00,0.00,0.00,0,4.8,11.5,6
2025-09-06T00:00,14.7,77,14.3,0.00,0.00,0.00,0.00,0,4.6,9.0,0
2025-09-06T01:00,14.3,79,13.6,0.00,0.00,0.00,0.00,0,5.7,10.4,0
2025-09-06T02:00,13.8,80,13.0,0.00,0.00,0.00,0.00,0,5.9,10.8,1
2025-09-06T03:00,13.3,82,12.5,0.00,0.00,0.00,0.00,0,5.4,10.8,0
2025-09-06T04:00,11.9,86,11.0,0.00,0.00,0.00,0.00,0,5.3,10.1,0
2025-09-06T05:00,11.3,88,10.4,0.00,0.00,0.00,0.00,0,4.8,9.4,0
2025-09-06T06:00,11.0,89,10.0,0.00,0.00,0.00,0.00,0,5.1,8.6,0
2025-09-06T07:00,11.3,89,10.5,0.00,0.00,0.00,0.00,0,5.0,9.7,0
2025-09-06T08:00,12.5,87,12.1,0.00,0.00,0.00,0.00,0,3.7,10.1,0
2025-09-06T09:00,14.3,82,14.2,0.00,0.00,0.00,0.00,0,3.0,10.8,0
2025-09-06T10:00,16.3,75,16.3,0.00,0.00,0.00,0.00,0,3.4,12.6,0
2025-09-06T11:00,17.9,64,17.3,0.00,0.00,0.00,0.00,0,6.6,18.7,0
2025-09-06T12:00,18.9,58,18.3,0.00,0.00,0.00,0.00,0,7.1,21.2,3
2025-09-06T13:00,19.8,53,19.1,0.00,0.00,0.00,0.00,1,7.8,21.2,29
2025-09-06T14:00,20.9,49,19.8,0.00,0.00,0.00,0.00,2,7.3,21.6,78
2025-09-06T15:00,21.0,49,20.0,0.00,0.00,0.00,0.00,2,6.8,19.8,52
2025-09-06T16:00,21.2,49,20.0,0.00,0.00,0.00,0.00,1,8.5,24.5,36
2025-09-06T17:00,20.9,51,20.0,0.00,0.00,0.00,0.00,1,6.9,21.6,46
2025-09-06T18:00,20.4,57,20.1,0.00,0.00,0.00,0.00,1,4.6,16.6,34
2025-09-06T19:00,19.0,62,18.4,0.00,0.00,0.00,0.00,1,7.2,13.3,21
2025-09-06T20:00,17.7,67,17.1,0.00,0.00,0.00,0.00,0,7.0,14.8,17
2025-09-06T21:00,16.7,71,16.1,0.00,0.00,0.00,0.00,0,6.8,13.3,3
2025-09-06T22:00,15.9,75,15.2,0.00,0.00,0.00,0.00,0,7.2,14.0,3
2025-09-06T23:00,15.4,77,14.9,0.00,0.00,0.00,0.00,0,6.1,13.7,1
2025-09-07T00:00,14.9,80,14.5,0.00,0.00,0.00,0.00,0,5.1,11.2,0
2025-09-07T01:00,14.3,82,13.8,0.00,0.00,0.00,0.00,0,5.6,10.4,8
2025-09-07T02:00,13.8,84,13.3,0.00,0.00,0.00,0.00,0,5.5,10.8,5
2025-09-07T03:00,13.4,86,12.8,0.00,0.00,0.00,0.00,0,5.8,10.8,6
2025-09-07T04:00,13.1,86,12.6,0.00,0.00,0.00,0.00,0,5.1,10.1,0
2025-09-07T05:00,12.7,88,12.0,0.00,0.00,0.00,0.00,0,5.7,10.4,0
2025-09-07T06:00,12.2,89,11.5,0.00,0.00,0.00,0.00,0,6.0,10.8,0
2025-09-07T07:00,12.4,89,11.7,0.00,0.00,0.00,0.00,0,6.2,12.6,0
2025-09-07T08:00,13.4,88,13.1,0.00,0.00,0.00,0.00,0,4.4,12.6,0
2025-09-07T09:00,14.9,84,15.0,0.00,0.00,0.00,0.00,0,3.9,12.2,0
2025-09-07T10:00,16.7,79,17.1,0.00,0.00,0.00,0.00,0,3.5,13.0,0
2025-09-07T11:00,18.5,73,18.9,0.00,0.00,0.00,0.00,0,4.3,14.8,0
2025-09-07T12:00,19.9,63,20.0,0.00,0.00,0.00,0.00,0,6.7,19.4,9
2025-09-07T13:00,20.7,59,20.8,0.00,0.00,0.00,0.00,0,6.8,20.2,3
2025-09-07T14:00,21.2,57,21.1,0.00,0.00,0.00,0.00,0,7.5,21.2,11
2025-09-07T15:00,21.8,54,21.1,0.00,0.00,0.00,0.00,2,8.4,22.3,54
2025-09-07T16:00,22.3,50,21.7,0.00,0.00,0.00,0.00,1,7.1,20.5,30
2025-09-07T17:00,22.2,51,21.7,0.00,0.00,0.00,0.00,0,7.2,18.0,17
2025-09-07T18:00,21.1,57,20.6,0.00,0.00,0.00,0.00,0,8.2,17.6,10
2025-09-07T19:00,19.5,63,18.7,0.00,0.00,0.00,0.00,0,9.9,20.2,9
2025-09-07T20:00,18.3,68,17.6,0.00,0.00,0.00,0.00,0,9.6,21.2,3
2025-09-07T21:00,17.3,72,16.9,0.00,0.00,0.00,0.00,0,8.0,19.4,0
2025-09-07T22:00,16.5,76,16.2,0.00,0.00,0.00,0.00,0,7.0,15.5,0
2025-09-07T23:00,15.9,79,15.5,0.00,0.00,0.00,0.00,0,7.1,13.7,4
2025-09-08T00:00,15.3,82,14.9,0.00,0.00,0.00,0.00,0,7.0,14.0,5
2025-09-08T01:00,14.7,85,14.4,0.00,0.00,0.00,0.00,0,6.5,13.3,0
2025-09-08T02:00,14.2,87,13.9,0.00,0.00,0.00,0.00,0,6.0,12.2,2
2025-09-08T03:00,13.7,88,13.5,0.00,0.00,0.00,0.00,0,5.2,11.2,7
2025-09-08T04:00,12.6,91,12.1,0.00,0.00,0.00,0.00,0,5.4,10.1,0
2025-09-08T05:00,12.2,92,11.7,0.00,0.00,0.00,0.00,0,5.5,9.7,1
2025-09-08T06:00,12.0,92,11.4,0.00,0.00,0.00,0.00,0,5.4,10.1,0
2025-09-08T07:00,12.3,91,11.7,0.00,0.00,0.00,0.00,0,6.0,11.5,0
2025-09-08T08:00,13.4,90,13.2,0.00,0.00,0.00,0.00,0,4.8,12.2,0
2025-09-08T09:00,15.1,86,15.4,0.00,0.00,0.00,0.00,0,3.6,11.9,0
2025-09-08T10:00,17.1,80,17.7,0.00,0.00,0.00,0.00,0,3.7,13.0,1
2025-09-08T11:00,18.8,72,19.2,0.00,0.00,0.00,0.00,0,5.2,16.2,0
2025-09-08T12:00,20.2,62,20.0,0.00,0.00,0.00,0.00,1,8.7,23.8,37
2025-09-08T13:00,20.9,57,20.4,0.00,0.00,0.00,0.00,1,8.0,24.1,28
2025-09-08T14:00,21.4,53,20.8,0.00,0.00,0.00,0.00,1,7.7,22.0,28
2025-09-08T15:00,21.8,49,20.8,0.00,0.00,0.00,0.00,1,7.7,23.0,34
2025-09-08T16:00,22.0,47,21.1,0.00,0.00,0.00,0.00,1,6.5,19.8,44
2025-09-08T17:00,21.9,47,20.9,0.00,0.00,0.00,0.00,3,6.7,18.4,88
2025-09-08T18:00,21.2,52,20.3,0.00,0.00,0.00,0.00,2,7.8,17.3,79
2025-09-08T19:00,19.9,58,19.2,0.00,0.00,0.00,0.00,1,8.0,16.9,27
2025-09-08T20:00,18.5,64,17.5,0.00,0.00,0.00,0.00,0,9.7,20.5,3
2025-09-08T21:00,17.4,69,16.7,0.00,0.00,0.00,0.00,0,7.7,20.5,1
2025-09-08T22:00,16.7,72,16.3,0.00,0.00,0.00,0.00,0,6.2,15.1,0
2025-09-08T23:00,16.1,75,15.7,0.00,0.00,0.00,0.00,0,5.7,11.5,0
2025-09-09T00:00,15.4,77,15.2,0.00,0.00,0.00,0.00,0,4.4,10.1,0
2025-09-09T01:00,14.6,81,14.4,0.00,0.00,0.00,0.00,0,4.2,7.6,6
2025-09-09T02:00,14.0,83,13.8,0.00,0.00,0.00,0.00,0,3.9,6.1,12
2025-09-09T03:00,13.6,85,13.4,0.00,0.00,0.00,0.00,1,3.4,5.8,21
2025-09-09T04:00,12.1,89,11.5,0.00,0.00,0.00,0.00,0,4.3,6.1,0
2025-09-09T05:00,12.1,89,11.4,0.00,0.00,0.00,0.00,0,4.9,8.3,0
2025-09-09T06:00,11.8,90,11.1,0.00,0.00,0.00,0.00,0,4.9,9.0,0
2025-09-09T07:00,12.2,89,11.6,0.00,0.00,0.00,0.00,0,5.0,9.4,0
2025-09-09T08:00,13.6,87,13.3,0.00,0.00,0.00,0.00,0,5.4,10.1,0
2025-09-09T09:00,15.5,83,15.8,0.00,0.00,0.00,0.00,0,3.1,11.2,0
2025-09-09T10:00,17.6,77,18.2,0.00,0.00,0.00,0.00,0,3.3,12.2,0
2025-09-09T11:00,19.5,70,20.1,0.00,0.00,0.00,0.00,0,3.9,13.7,1
2025-09-09T12:00,20.9,62,21.2,0.00,0.00,0.00,0.00,2,5.9,17.3,59
2025-09-09T13:00,21.7,58,21.6,0.00,0.00,0.00,0.00,1,7.9,20.9,42
2025-09-09T14:00,22.0,56,21.6,0.00,0.00,0.00,0.00,1,8.5,24.8,22
2025-09-09T15:00,22.1,55,21.7,0.00,0.00,0.00,0.00,1,8.5,24.5,31
2025-09-09T16:00,22.7,49,22.0,0.00,0.00,0.00,0.00,1,7.4,20.5,21
2025-09-09T17:00,22.4,50,21.9,0.00,0.00,0.00,0.00,0,6.7,18.7,11
2025-09-09T18:00,21.6,55,21.1,0.00,0.00,0.00,0.00,0,7.4,16.6,7
2025-09-09T19:00,20.1,60,19.4,0.00,0.00,0.00,0.00,0,8.9,18.7,1
2025-09-09T20:00,18.6,62,17.4,0.00,0.00,0.00,0.00,0,10.5,22.7,6
2025-09-09T21:00,17.2,64,15.9,0.00,0.00,0.00,0.00,0,9.5,22.3,1
2025-09-09T22:00,16.1,68,14.8,0.00,0.00,0.00,0.00,0,9.2,19.8,0
2025-09-09T23:00,15.1,73,13.9,0.00,0.00,0.00,0.00,0,8.6,18.7,0
2025-09-10T00:00,14.3,77,13.2,0.00,0.00,0.00,0.00,0,8.1,17.3,0
2025-09-10T01:00,13.7,80,12.6,0.00,0.00,0.00,0.00,0,7.6,16.6,2
2025-09-10T02:00,13.0,82,12.0,0.00,0.00,0.00,0.00,0,7.2,15.1,0
2025-09-10T03:00,12.4,84,11.3,0.00,0.00,0.00,0.00,0,6.9,14.4,0
2025-09-10T04:00,11.1,87,9.9,0.00,0.00,0.00,0.00,0,6.7,13.0,0
2025-09-10T05:00,10.5,89,9.2,0.00,0.00,0.00,0.00,0,6.7,13.0,0
2025-09-10T06:00,10.1,89,8.6,0.00,0.00,0.00,0.00,0,6.9,13.0,0
2025-09-10T07:00,10.2,89,8.8,0.00,0.00,0.00,0.00,0,6.5,14.0,0
2025-09-10T08:00,11.0,87,9.9,0.00,0.00,0.00,0.00,0,5.7,14.8,0
2025-09-10T09:00,12.3,81,11.3,0.00,0.00,0.00,0.00,0,5.3,15.8,1
2025-09-10T10:00,13.9,75,13.0,0.00,0.00,0.00,0.00,1,5.1,16.2,40
2025-09-10T11:00,15.3,68,14.3,0.00,0.00,0.00,0.00,2,5.6,18.0,71
2025-09-10T12:00,16.5,62,15.6,0.00,0.00,0.00,0.00,2,6.5,20.2,69
2025-09-10T13:00,17.3,59,16.5,0.00,0.00,0.00,0.00,2,6.4,20.5,72
2025-09-10T14:00,18.0,56,17.1,0.00,0.00,0.00,0.00,0,6.0,20.2,11
2025-09-10T15:00,18.4,53,17.3,0.00,0.00,0.00,0.00,1,5.1,18.4,31
2025-09-10T16:00,19.6,48,18.4,0.00,0.00,0.00,0.00,0,4.8,15.8,12
2025-09-10T17:00,19.4,49,18.4,0.00,0.00,0.00,0.00,0,4.6,14.4,8
2025-09-10T18:00,18.9,53,18.1,0.00,0.00,0.00,0.00,0,3.9,11.5,2
2025-09-10T19:00,17.5,64,17.3,0.00,0.00,0.00,0.00,0,2.5,7.6,0
2025-09-10T20:00,16.5,67,16.2,0.00,0.00,0.00,0.00,0,3.1,4.3,1
2025-09-10T21:00,15.7,70,15.3,0.00,0.00,0.00,0.00,0,2.6,4.3,0
2025-09-10T22:00,15.1,71,14.7,0.00,0.00,0.00,0.00,0,2.1,4.0,0
2025-09-10T23:00,14.5,73,14.1,0.00,0.00,0.00,0.00,0,1.8,3.2,0
2025-09-11T00:00,13.8,76,13.5,0.00,0.00,0.00,0.00,0,0.7,2.9,2
2025-09-11T01:00,12.9,80,12.5,0.00,0.00,0.00,0.00,0,1.0,2.2,0
2025-09-11T02:00,12.1,83,11.6,0.00,0.00,0.00,0.00,0,1.5,2.9,0
2025-09-11T03:00,11.4,85,10.9,0.00,0.00,0.00,0.00,0,1.9,3.2,0
2025-09-11T04:00,9.2,92,8.6,0.00,0.00,0.00,0.00,0,0.4,1.1,0
2025-09-11T05:00,8.4,98,7.6,0.00,0.00,0.00,0.00,0,1.4,2.5,5
2025-09-11T06:00,7.9,99,7.1,0.00,0.00,0.00,0.00,3,1.5,2.9,98
2025-09-11T07:00,8.2,99,7.1,0.00,0.00,0.00,0.00,3,3.2,6.1,100
2025-09-11T08:00,9.1,98,8.4,0.00,0.00,0.00,0.00,3,2.2,7.9,97
2025-09-11T09:00,11.5,91,11.3,0.00,0.00,0.00,0.00,0,2.0,7.9,8
2025-09-11T10:00,14.6,76,14.5,0.00,0.00,0.00,0.00,0,1.6,8.6,0
2025-09-11T11:00,17.0,64,16.7,0.00,0.00,0.00,0.00,0,2.3,10.4,0
2025-09-11T12:00,18.4,56,18.0,0.00,0.00,0.00,0.00,0,3.0,11.9,0
2025-09-11T13:00,19.2,53,19.0,0.00,0.00,0.00,0.00,0,2.8,12.2,0
2025-09-11T14:00,19.8,51,19.5,0.00,0.00,0.00,0.00,0,2.5,12.2,0
2025-09-11T15:00,20.2,50,19.7,0.00,0.00,0.00,0.00,0,1.8,11.2,0
2025-09-11T16:00,21.0,46,20.3,0.00,0.00,0.00,0.00,0,2.4,9.4,0
2025-09-11T17:00,20.9,47,20.2,0.00,0.00,0.00,0.00,0,3.2,9.0,0
2025-09-11T18:00,20.4,49,19.7,0.00,0.00,0.00,0.00,0,3.8,8.3,0
2025-09-11T19:00,19.4,52,18.3,0.00,0.00,0.00,0.00,0,6.1,10.4,0
2025-09-11T20:00,18.0,59,16.8,0.00,0.00,0.00,0.00,0,7.7,15.1,2
2025-09-11T21:00,17.0,63,16.2,0.00,0.00,0.00,0.00,0,5.2,15.1,4
2025-09-11T22:00,16.3,66,15.5,0.00,0.00,0.00,0.00,0,5.7,10.8,4
2025-09-11T23:00,15.7,71,14.9,0.00,0.00,0.00,0.00,0,6.7,12.2,2
2025-09-12T00:00,15.2,78,14.5,0.00,0.00,0.00,0.00,0,7.1,14.0,8
2025-09-12T01:00,14.6,83,14.0,0.00,0.00,0.00,0.00,0,7.0,13.7,5
2025-09-12T02:00,14.0,86,13.4,0.00,0.00,0.00,0.00,0,7.6,14.8,3
2025-09-12T03:00,13.4,90,12.8,0.00,0.00,0.00,0.00,0,7.8,15.8,0
2025-09-12T04:00,11.9,95,10.9,0.00,0.00,0.00,0.00,3,9.0,18.7,100
2025-09-12T05:00,11.6,96,10.5,0.00,0.00,0.00,0.00,3,9.4,20.2,100
2025-09-12T06:00,11.5,96,10.4,0.00,0.00,0.00,0.00,3,9.6,20.9,100
2025-09-12T07:00,11.6,95,10.3,0.00,0.00,0.00,0.00,3,10.1,23.8,89
2025-09-12T08:00,11.9,91,10.5,0.00,0.00,0.00,0.00,1,11.0,25.6,47
2025-09-12T09:00,12.9,84,11.3,0.00,0.00,0.00,0.00,1,11.8,29.5,34
2025-09-12T10:00,14.3,75,12.5,0.00,0.00,0.00,0.00,1,12.2,30.2,31
2025-09-12T11:00,15.4,68,13.5,0.00,0.00,0.00,0.00,0,11.5,31.3,19
2025-09-12T12:00,16.1,63,14.3,0.00,0.00,0.00,0.00,1,10.6,30.2,45
2025-09-12T13:00,16.4,59,14.6,0.00,0.00,0.00,0.00,3,9.2,28.1,90
2025-09-12T14:00,16.9,56,15.1,0.00,0.00,0.00,0.00,2,8.5,24.8,75
2025-09-12T15:00,17.2,54,15.4,0.00,0.00,0.00,0.00,1,8.6,23.0,22
2025-09-12T16:00,17.5,52,15.5,0.00,0.00,0.00,0.00,1,8.7,23.4,27
2025-09-12T17:00,17.3,53,15.4,0.00,0.00,0.00,0.00,0,8.3,22.3,13
2025-09-12T18:00,16.7,56,15.2,0.00,0.00,0.00,0.00,0,6.2,19.4,3
2025-09-12T19:00,15.8,60,14.5,0.00,0.00,0.00,0.00,0,5.1,13.3,1
2025-09-12T20:00,15.0,64,13.6,0.00,0.00,0.00,0.00,0,6.1,11.2,9
2025-09-12T21:00,14.0,70,12.7,0.00,0.00,0.00,0.00,0,6.2,11.9,5
2025-09-12T22:00,13.2,73,11.8,0.00,0.00,0.00,0.00,0,6.3,12.2,1
2025-09-12T23:00,12.5,75,10.9,0.00,0.00,0.00,0.00,0,7.5,14.0,0
2025-09-13T00:00,11.9,75,10.1,0.00,0.00,0.00,0.00,0,7.8,15.5,0
2025-09-13T01:00,11.2,76,9.3,0.00,0.00,0.00,0.00,0,7.8,15.8,0
2025-09-13T02:00,10.6,78,8.8,0.00,0.00,0.00,0.00,0,7.0,15.1,0
2025-09-13T03:00,10.1,81,8.3,0.00,0.00,0.00,0.00,0,6.9,13.3,0
2025-09-13T04:00,8.2,87,6.2,0.00,0.00,0.00,0.00,0,7.0,13.7,0
2025-09-13T05:00,7.8,89,5.7,0.00,0.00,0.00,0.00,0,7.1,13.7,0
2025-09-13T06:00,7.5,90,5.5,0.00,0.00,0.00,0.00,0,6.6,13.7,0
2025-09-13T07:00,7.6,90,5.7,0.00,0.00,0.00,0.00,0,6.0,12.6,0
2025-09-13T08:00,8.6,88,7.1,0.00,0.00,0.00,0.00,0,3.9,11.9,0
2025-09-13T09:00,10.0,84,8.8,0.00,0.00,0.00,0.00,0,3.5,12.2,0
2025-09-13T10:00,11.9,78,10.8,0.00,0.00,0.00,0.00,0,3.8,13.7,0
2025-09-13T11:00,13.7,71,12.5,0.00,0.00,0.00,0.00,0,5.1,16.9,0
2025-09-13T12:00,14.9,62,13.5,0.00,0.00,0.00,0.00,0,7.5,22.3,0
2025-09-13T13:00,15.7,60,14.4,0.00,0.00,0.00,0.00,0,7.8,23.4,0
2025-09-13T14:00,16.3,58,14.9,0.00,0.00,0.00,0.00,0,7.0,23.0,10
2025-09-13T15:00,16.7,57,15.1,0.00,0.00,0.00,0.00,2,7.4,21.2,72
2025-09-13T16:00,17.4,52,15.3,0.00,0.00,0.00,0.00,3,8.9,23.8,100
2025-09-13T17:00,17.1,53,15.2,0.00,0.00,0.00,0.00,3,8.0,22.3,100
2025-09-13T18:00,16.4,57,14.9,0.00,0.00,0.00,0.00,3,6.2,18.7,100
2025-09-13T19:00,15.4,62,14.1,0.00,0.00,0.00,0.00,3,5.9,13.0,100
2025-09-13T20:00,14.6,65,13.1,0.00,0.00,0.00,0.00,3,6.9,13.3,100
2025-09-13T21:00,13.9,68,12.5,0.00,0.00,0.00,0.00,3,6.3,13.3,100
2025-09-13T22:00,13.2,70,11.5,0.00,0.00,0.00,0.00,3,6.9,13.0,100
2025-09-13T23:00,12.5,71,10.7,0.00,0.00,0.00,0.00,3,7.1,13.7,100
2025-09-14T00:00,11.9,73,10.1,0.00,0.00,0.00,0.00,3,7.2,13.7,100
2025-09-14T01:00,11.4,74,9.6,0.00,0.00,0.00,0.00,3,7.0,13.7,100
2025-09-14T02:00,11.0,74,9.1,0.00,0.00,0.00,0.00,3,6.7,13.3,100
2025-09-14T03:00,10.5,75,8.7,0.00,0.00,0.00,0.00,3,6.1,12.6,100
2025-09-14T04:00,8.8,81,7.0,0.00,0.00,0.00,0.00,3,5.0,10.4,100
2025-09-14T05:00,8.4,83,6.5,0.00,0.00,0.00,0.00,3,5.4,10.1,100
2025-09-14T06:00,8.1,83,6.1,0.00,0.00,0.00,0.00,3,5.5,10.1,99
2025-09-14T07:00,8.1,83,6.2,0.00,0.00,0.00,0.00,3,5.6,10.8,95
2025-09-14T08:00,9.0,82,7.3,0.00,0.00,0.00,0.00,1,4.7,11.9,44
2025-09-14T09:00,10.5,79,9.2,0.00,0.00,0.00,0.00,1,3.5,11.5,27
2025-09-14T10:00,12.5,73,11.3,0.00,0.00,0.00,0.00,0,3.9,13.3,9
2025-09-14T11:00,14.4,65,13.1,0.00,0.00,0.00,0.00,0,4.8,15.8,18
2025-09-14T12:00,15.9,57,14.4,0.00,0.00,0.00,0.00,1,6.4,19.1,32
2025-09-14T13:00,16.8,52,15.1,0.00,0.00,0.00,0.00,3,7.7,22.3,93
2025-09-14T14:00,17.3,49,15.3,0.00,0.00,0.00,0.00,2,7.5,22.3,70
2025-09-14T15:00,17.6,48,15.6,0.00,0.00,0.00,0.00,3,7.3,21.2,92
2025-09-14T16:00,18.3,44,16.3,0.00,0.00,0.00,0.00,3,6.8,19.1,100
2025-09-14T17:00,18.0,47,16.2,0.00,0.00,0.00,0.00,3,6.8,18.0,96
2025-09-14T18:00,17.2,54,15.8,0.00,0.00,0.00,0.00,3,5.4,15.5,86
2025-09-14T19:00,16.0,60,14.8,0.00,0.00,0.00,0.00,0,4.8,10.4,7
2025-09-14T20:00,15.2,63,13.8,0.00,0.00,0.00,0.00,0,6.7,12.2,1
2025-09-14T21:00,14.3,68,12.8,0.00,0.00,0.00,0.00,0,7.3,14.0,1
2025-09-14T22:00,13.5,71,12.0,0.00,0.00,0.00,0.00,0,7.3,14.0,0
2025-09-14T23:00,12.8,73,11.2,0.00,0.00,0.00,0.00,0,7.1,14.0,0
2025-09-15T00:00,12.2,74,10.6,0.00,0.00,0.00,0.00,0,7.0,13.7,0
2025-09-15T01:00,11.8,75,10.0,0.00,0.00,0.00,0.00,0,7.2,13.7,0
2025-09-15T02:00,11.4,75,9.5,0.00,0.00,0.00,0.00,0,7.4,14.0,0
2025-09-15T03:00,10.9,77,9.0,0.00,0.00,0.00,0.00,0,7.5,14.4,0
2025-09-15T04:00,8.7,83,6.6,0.00,0.00,0.00,0.00,0,7.2,14.0,0
2025-09-15T05:00,8.3,85,6.2,0.00,0.00,0.00,0.00,0,7.0,13.7,0
2025-09-15T06:00,8.0,86,5.9,0.00,0.00,0.00,0.00,0,7.0,13.3,0
2025-09-15T07:00,8.3,86,6.2,0.00,0.00,0.00,0.00,0,7.3,14.0,0
2025-09-15T08:00,9.4,86,7.5,0.00,0.00,0.00,0.00,0,7.8,15.1,0
2025-09-15T09:00,11.1,81,9.9,0.00,0.00,0.00,0.00,0,4.9,15.1,0
2025-09-15T10:00,13.2,76,12.2,0.00,0.00,0.00,0.00,0,5.2,15.8,0
2025-09-15T11:00,15.6,70,14.7,0.00,0.00,0.00,0.00,0,6.0,18.0,0
2025-09-15T12:00,17.5,66,16.9,0.00,0.00,0.00,0.00,0,7.0,20.5,0
2025-09-15T13:00,19.0,61,18.4,0.00,0.00,0.00,0.00,0,8.4,23.0,0
2025-09-15T14:00,20.1,54,18.9,0.00,0.00,0.00,0.00,0,9.5,25.2,1
2025-09-15T15:00,20.6,48,18.8,0.00,0.00,0.00,0.00,0,10.4,25.9,0
2025-09-15T16:00,21.5,41,19.7,0.00,0.00,0.00,0.00,1,8.7,24.5,49
2025-09-15T17:00,21.0,45,19.6,0.00,0.00,0.00,0.00,3,7.0,20.2,98
2025-09-15T18:00,19.7,53,18.5,0.00,0.00,0.00,0.00,3,7.3,15.5,100
2025-09-15T19:00,18.2,58,16.8,0.00,0.00,0.00,0.00,3,9.7,18.7,99
2025-09-15T20:00,17.2,63,15.6,0.00,0.00,0.00,0.00,3,11.0,22.3,100
2025-09-15T21:00,16.3,65,14.6,0.00,0.00,0.00,0.00,3,11.2,23.4,100
2025-09-15T22:00,15.4,68,13.7,0.00,0.00,0.00,0.00,3,10.1,23.0,100
2025-09-15T23:00,14.6,69,12.9,0.00,0.00,0.00,0.00,3,10.2,20.9,100
2025-09-16T00:00,14.2,70,12.3,0.00,0.00,0.00,0.00,2,10.8,22.0,65
2025-09-16T01:00,13.8,71,11.8,0.00,0.00,0.00,0.00,1,10.8,22.3,24
2025-09-16T02:00,13.3,72,11.4,0.00,0.00,0.00,0.00,0,10.1,22.3,10
2025-09-16T03:00,12.9,73,10.9,0.00,0.00,0.00,0.00,0,9.8,20.5,9
2025-09-16T04:00,11.9,76,9.9,0.00,0.00,0.00,0.00,0,9.5,20.5,6
2025-09-16T05:00,11.6,77,9.7,0.00,0.00,0.00,0.00,0,8.6,18.7,13
2025-09-16T06:00,11.3,78,9.4,0.00,0.00,0.00,0.00,0,8.1,16.9,11
2025-09-16T07:00,11.4,78,9.5,0.00,0.00,0.00,0.00,0,8.1,15.8,4
2025-09-16T08:00,12.5,77,10.9,0.00,0.00,0.00,0.00,2,8.0,17.3,53
2025-09-16T09:00,13.9,74,12.6,0.00,0.00,0.00,0.00,1,6.9,17.3,40
2025-09-16T10:00,15.6,69,14.5,0.00,0.00,0.00,0.00,0,7.4,19.8,3
2025-09-16T11:00,17.4,65,16.4,0.00,0.00,0.00,0.00,0,7.8,21.6,19
2025-09-16T12:00,18.9,61,18.0,0.00,0.00,0.00,0.00,0,9.0,24.1,3
2025-09-16T13:00,20.3,56,19.3,0.00,0.00,0.00,0.00,0,10.2,26.6,2
2025-09-16T14:00,21.3,47,19.4,0.00,0.00,0.00,0.00,0,12.2,30.2,1
2025-09-16T15:00,21.6,41,19.1,0.00,0.00,0.00,0.00,0,13.5,31.7,12
2025-09-16T16:00,21.8,39,19.5,0.00,0.00,0.00,0.00,1,10.8,29.9,48
2025-09-16T17:00,21.1,43,19.1,0.00,0.00,0.00,0.00,0,10.3,25.6,15
2025-09-16T18:00,19.9,48,18.0,0.00,0.00,0.00,0.00,0,9.9,23.8,14
2025-09-16T19:00,18.2,55,16.5,0.00,0.00,0.00,0.00,3,9.8,21.2,80
2025-09-16T20:00,17.1,60,15.2,0.00,0.00,0.00,0.00,3,11.7,24.1,100
2025-09-16T21:00,16.5,60,14.4,0.00,0.00,0.00,0.00,3,11.7,25.2,100
2025-09-16T22:00,15.8,60,13.6,0.00,0.00,0.00,0.00,3,11.4,24.8,100
2025-09-16T23:00,15.2,61,12.9,0.00,0.00,0.00,0.00,3,11.2,24.1,100
2025-09-17T00:00,14.7,62,12.3,0.00,0.00,0.00,0.00,3,11.6,23.8,100
2025-09-17T01:00,14.3,62,11.7,0.00,0.00,0.00,0.00,3,12.0,25.2,91
2025-09-17T02:00,14.0,61,11.3,0.00,0.00,0.00,0.00,3,12.3,25.9,93
2025-09-17T03:00,13.6,61,10.9,0.00,0.00,0.00,0.00,0,12.4,26.3,14
2025-09-17T04:00,12.2,67,9.5,0.00,0.00,0.00,0.00,0,11.6,24.1,16
2025-09-17T05:00,12.0,66,9.2,0.00,0.00,0.00,0.00,1,11.7,24.5,29
2025-09-17T06:00,11.8,66,8.9,0.00,0.00,0.00,0.00,2,11.8,24.8,60
2025-09-17T07:00,11.9,65,9.0,0.00,0.00,0.00,0.00,3,11.9,25.2,100
2025-09-17T08:00,12.7,63,10.2,0.00,0.00,0.00,0.00,3,9.7,25.6,100
2025-09-17T09:00,13.4,63,11.5,0.00,0.00,0.00,0.00,3,7.3,21.2,100
2025-09-17T10:00,14.5,61,12.4,0.00,0.00,0.00,0.00,3,9.6,23.4,100
2025-09-17T11:00,15.8,59,13.7,0.00,0.00,0.00,0.00,3,10.3,25.9,100
2025-09-17T12:00,16.9,57,14.9,0.00,0.00,0.00,0.00,3,10.2,26.3,100
2025-09-17T13:00,17.6,54,15.5,0.00,0.00,0.00,0.00,3,10.9,27.4,100
2025-09-17T14:00,18.4,52,16.3,0.00,0.00,0.00,0.00,3,10.8,27.7,100
2025-09-17T15:00,19.3,50,17.3,0.00,0.00,0.00,0.00,3,10.4,27.4,89
2025-09-17T16:00,20.8,38,17.8,0.00,0.00,0.00,0.00,3,13.0,33.5,82
2025-09-17T17:00,20.2,40,17.6,0.00,0.00,0.00,0.00,3,11.2,30.6,88
2025-09-17T18:00,19.0,45,16.8,0.00,0.00,0.00,0.00,3,9.1,25.6,84
2025-09-17T19:00,17.5,50,15.2,0.00,0.00,0.00,0.00,3,10.3,20.5,97
2025-09-17T20:00,16.6,52,14.0,0.00,0.00,0.00,0.00,3,11.8,24.1,100
2025-09-17T21:00,15.7,54,13.1,0.00,0.00,0.00,0.00,3,11.1,24.5,100
2025-09-17T22:00,15.0,56,12.5,0.00,0.00,0.00,0.00,2,10.6,23.0,65
2025-09-17T23:00,14.1,61,12.4,0.00,0.00,0.00,0.00,2,5.6,20.9,70
2025-09-18T00:00,13.2,66,11.8,0.00,0.00,0.00,0.00,1,4.2,10.1,25
2025-09-18T01:00,12.7,65,11.0,0.00,0.00,0.00,0.00,3,5.2,10.1,96
2025-09-18T02:00,12.2,66,10.3,0.00,0.00,0.00,0.00,3,6.6,12.2,100
2025-09-18T03:00,11.9,67,9.8,0.00,0.00,0.00,0.00,3,6.9,13.3,100
2025-09-18T04:00,10.1,75,8.2,0.00,0.00,0.00,0.00,3,5.9,12.6,100
2025-09-18T05:00,9.6,76,7.7,0.00,0.00,0.00,0.00,3,5.5,10.8,100
2025-09-18T06:00,9.4,76,7.3,0.00,0.00,0.00,0.00,3,6.4,11.9,100
2025-09-18T07:00,9.4,75,7.1,0.00,0.00,0.00,0.00,3,7.8,15.1,100
2025-09-18T08:00,10.3,71,7.9,0.00,0.00,0.00,0.00,3,8.4,17.6,100
2025-09-18T09:00,11.3,72,9.2,0.00,0.00,0.00,0.00,3,7.4,18.4,100
2025-09-18T10:00,12.4,68,10.5,0.00,0.00,0.00,0.00,3,7.0,17.6,100
2025-09-18T11:00,13.7,63,11.8,0.00,0.00,0.00,0.00,3,7.2,19.4,100
2025-09-18T12:00,15.0,60,13.1,0.00,0.00,0.00,0.00,3,7.5,20.5,100
2025-09-18T13:00,16.2,57,14.4,0.00,0.00,0.00,0.00,3,8.3,22.7,100
2025-09-18T14:00,17.2,54,15.2,0.00,0.00,0.00,0.00,3,9.0,23.8,100
2025-09-18T15:00,18.0,51,16.1,0.00,0.00,0.00,0.00,3,8.9,23.8,100
2025-09-18T16:00,19.2,45,16.5,0.00,0.00,0.00,0.00,3,12.6,31.7,100
2025-09-18T17:00,18.5,49,16.1,0.00,0.00,0.00,0.00,3,11.2,30.2,100
2025-09-18T18:00,17.7,52,15.4,0.00,0.00,0.00,0.00,3,11.2,25.6,100
2025-09-18T19:00,16.7,56,14.7,0.00,0.00,0.00,0.00,3,9.4,24.8,99
2025-09-18T20:00,15.8,61,14.2,0.00,0.00,0.00,0.00,3,8.1,19.4,100
2025-09-18T21:00,14.7,69,13.2,0.00,0.00,0.00,0.00,3,8.6,18.0,100
2025-09-18T22:00,13.7,76,12.4,0.00,0.00,0.00,0.00,3,7.6,18.4,100
2025-09-18T23:00,12.9,83,12.0,0.40,0.40,0.00,0.00,51,6.2,16.6,100
2025-09-19T00:00,12.4,88,11.5,0.50,0.50,0.00,0.00,53,6.9,14.4,100
2025-09-19T01:00,12.1,92,11.4,0.50,0.50,0.00,0.00,53,6.8,15.1,100
2025-09-19T02:00,11.9,94,11.3,0.40,0.40,0.00,0.00,51,6.4,13.7,100
2025-09-19T03:00,11.3,96,10.5,0.10,0.10,0.00,0.00,51,7.2,14.4,10
2025-09-19T04:00,10.9,98,10.0,0.00,0.00,0.00,0.00,3,7.7,15.5,100
2025-09-19T05:00,10.7,98,9.6,0.00,0.00,0.00,0.00,3,8.3,18.0,100
2025-09-19T06:00,10.6,98,9.2,0.00,0.00,0.00,0.00,3,9.5,20.9,100
2025-09-19T07:00,10.5,98,9.2,0.00,0.00,0.00,0.00,3,9.1,20.2,100
2025-09-19T08:00,10.7,96,9.4,0.00,0.00,0.00,0.00,3,8.9,21.2,100
2025-09-19T09:00,11.2,93,9.8,0.00,0.00,0.00,0.00,3,9.8,23.8,100
2025-09-19T10:00,12.0,88,10.4,0.00,0.00,0.00,0.00,3,11.3,27.7,100
2025-09-19T11:00,13.3,80,11.4,0.00,0.00,0.00,0.00,3,12.9,32.0,100
2025-09-19T12:00,13.5,78,11.6,0.10,0.10,0.00,0.00,51,12.4,32.4,100
2025-09-19T13:00,14.4,74,12.2,0.10,0.10,0.00,0.00,51,14.5,36.0,99
2025-09-19T14:00,14.3,76,12.7,0.70,0.70,0.00,0.00,53,10.9,34.9,100
2025-09-19T15:00,14.9,74,13.7,0.10,0.10,0.00,0.00,51,8.7,25.6,65
2025-09-19T16:00,14.1,80,12.5,1.40,1.40,0.00,0.00,61,12.1,29.5,56
2025-09-19T17:00,14.3,78,12.8,0.10,0.10,0.00,0.00,51,11.4,28.4,56
2025-09-19T18:00,14.3,81,13.1,0.00,0.00,0.00,0.00,2,10.1,25.9,72
2025-09-19T19:00,13.5,83,12.2,0.00,0.00,0.00,0.00,3,10.4,22.7,99
2025-09-19T20:00,13.0,85,11.6,0.00,0.00,0.00,0.00,3,11.0,24.8,100
2025-09-19T21:00,12.6,88,11.2,0.30,0.30,0.00,0.00,51,10.5,24.8,100
2025-09-19T22:00,12.2,92,11.1,0.40,0.40,0.00,0.00,51,8.9,22.7,100
2025-09-19T23:00,12.2,94,10.9,0.20,0.20,0.00,0.00,51,11.3,24.5,100
2025-09-20T00:00,12.3,95,10.9,0.10,0.10,0.00,0.00,51,12.2,26.3,100
2025-09-20T01:00,12.2,95,11.1,0.00,0.00,0.00,0.00,3,10.3,26.3,100
2025-09-20T02:00,12.2,94,10.9,0.00,0.00,0.00,0.00,3,11.2,24.5,100
2025-09-20T03:00,12.0,94,10.5,0.00,0.00,0.00,0.00,3,11.9,27.0,100
2025-09-20T04:00,12.0,95,10.6,0.30,0.30,0.00,0.00,51,11.9,24.8,78
2025-09-20T05:00,11.8,95,10.0,0.00,0.00,0.00,0.00,3,13.9,29.9,100
2025-09-20T06:00,11.2,94,9.4,0.00,0.00,0.00,0.00,2,12.9,30.6,62
2025-09-20T07:00,10.7,93,8.7,0.00,0.00,0.00,0.00,0,12.4,28.4,10
2025-09-20T08:00,11.1,91,8.6,0.00,0.00,0.00,0.00,3,16.4,34.2,84
2025-09-20T09:00,11.9,84,9.4,0.00,0.00,0.00,0.00,3,15.8,40.7,87
2025-09-20T10:00,12.6,78,10.0,0.00,0.00,0.00,0.00,3,15.4,37.1,94
2025-09-20T11:00,13.9,68,11.1,0.00,0.00,0.00,0.00,3,15.7,38.2,100
2025-09-20T12:00,14.5,65,11.8,0.00,0.00,0.00,0.00,3,14.5,37.8,100
2025-09-20T13:00,15.1,63,12.7,0.00,0.00,0.00,0.00,3,13.4,34.9,100
2025-09-20T14:00,15.5,63,13.2,0.00,0.00,0.00,0.00,3,12.5,33.1,100
2025-09-20T15:00,16.0,60,13.6,0.00,0.00,0.00,0.00,3,12.9,32.8,99
2025-09-20T16:00,15.6,57,13.0,0.00,0.00,0.00,0.00,3,12.2,32.4,100
2025-09-20T17:00,15.7,59,13.9,0.00,0.00,0.00,0.00,3,8.3,32.8,93
2025-09-20T18:00,15.1,63,13.4,0.00,0.00,0.00,0.00,0,8.1,18.7,18
2025-09-20T19:00,14.1,68,12.2,0.00,0.00,0.00,0.00,3,10.0,19.8,90
2025-09-20T20:00,13.7,70,11.6,0.00,0.00,0.00,0.00,3,11.0,24.1,100
2025-09-20T21:00,13.1,74,11.1,0.00,0.00,0.00,0.00,3,11.3,23.8,100
2025-09-20T22:00,13.1,75,10.9,0.00,0.00,0.00,0.00,3,12.6,27.4,100
2025-09-20T23:00,13.1,76,10.9,0.00,0.00,0.00,0.00,3,12.4,28.8,100
2025-09-21T00:00,13.5,76,11.5,0.00,0.00,0.00,0.00,3,12.2,27.4,100
2025-09-21T01:00,13.5,78,11.7,0.00,0.00,0.00,0.00,3,12.1,27.4,100
2025-09-21T02:00,13.5,80,11.8,0.00,0.00,0.00,0.00,3,11.7,26.6,100
2025-09-21T03:00,13.6,81,12.2,0.00,0.00,0.00,0.00,3,10.7,25.2,100
2025-09-21T04:00,13.3,85,11.9,0.00,0.00,0.00,0.00,3,10.5,23.8,100
2025-09-21T05:00,13.5,85,12.3,0.00,0.00,0.00,0.00,3,10.6,23.0,100
2025-09-21T06:00,13.8,85,12.6,0.00,0.00,0.00,0.00,3,10.6,23.4,100
2025-09-21T07:00,14.0,85,12.8,0.00,0.00,0.00,0.00,3,10.7,23.4,100
2025-09-21T08:00,14.6,83,13.5,0.00,0.00,0.00,0.00,3,11.0,24.8,100
2025-09-21T09:00,15.6,81,14.9,0.00,0.00,0.00,0.00,3,9.7,23.4,100
2025-09-21T10:00,16.6,79,16.0,0.00,0.00,0.00,0.00,2,10.1,25.9,50
2025-09-21T11:00,17.8,76,17.4,0.00,0.00,0.00,0.00,3,10.5,27.7,99
2025-09-21T12:00,19.3,71,18.2,0.00,0.00,0.00,0.00,3,16.0,37.1,96
2025-09-21T13:00,21.0,60,19.8,0.00,0.00,0.00,0.00,3,14.6,41.4,100
2025-09-21T14:00,21.6,60,20.8,0.00,0.00,0.00,0.00,3,12.7,34.9,100
2025-09-21T15:00,21.5,63,21.2,0.00,0.00,0.00,0.00,3,11.4,31.0,100
2025-09-21T16:00,21.0,65,21.4,0.00,0.00,0.00,0.00,3,6.6,24.8,100
2025-09-21T17:00,20.6,69,20.9,0.00,0.00,0.00,0.00,3,8.3,18.4,97
2025-09-21T18:00,19.8,73,20.1,0.00,0.00,0.00,0.00,3,8.7,19.4,93
2025-09-21T19:00,18.8,79,19.1,0.00,0.00,0.00,0.00,2,8.9,18.0,73
2025-09-21T20:00,18.2,82,18.6,0.00,0.00,0.00,0.00,3,9.0,18.7,100
2025-09-21T21:00,17.9,85,18.3,0.00,0.00,0.00,0.00,2,9.2,18.4,79
2025-09-21T22:00,17.7,86,18.1,0.00,0.00,0.00,0.00,3,9.6,19.1,99
2025-09-21T23:00,17.4,88,17.8,0.00,0.00,0.00,0.00,3,9.4,19.1,100
2025-09-22T00:00,17.1,89,17.4,0.00,0.00,0.00,0.00,3,9.6,19.4,100
2025-09-22T01:00,16.8,91,17.1,0.00,0.00,0.00,0.00,1,9.5,19.4,30
2025-09-22T02:00,16.4,92,16.8,0.00,0.00,0.00,0.00,3,9.4,19.1,85
2025-09-22T03:00,16.0,94,16.4,0.00,0.00,0.00,0.00,1,8.9,19.1,20
2025-09-22T04:00,15.4,94,15.5,0.00,0.00,0.00,0.00,0,9.1,18.7,0
2025-09-22T05:00,15.2,95,15.2,0.00,0.00,0.00,0.00,0,9.1,18.4,3
2025-09-22T06:00,15.1,95,14.9,0.00,0.00,0.00,0.00,1,10.4,20.9,31
2025-09-22T07:00,15.2,95,15.0,0.00,0.00,0.00,0.00,0,11.4,22.7,6
2025-09-22T08:00,16.4,91,16.3,0.00,0.00,0.00,0.00,0,11.7,24.1,1
2025-09-22T09:00,17.5,89,18.1,0.00,0.00,0.00,0.00,0,9.3,24.8,0
2025-09-22T10:00,19.1,83,19.8,0.00,0.00,0.00,0.00,0,9.6,23.8,0
2025-09-22T11:00,20.6,76,21.2,0.00,0.00,0.00,0.00,0,10.7,27.4,0
2025-09-22T12:00,22.0,70,22.4,0.00,0.00,0.00,0.00,0,11.8,29.9,0
2025-09-22T13:00,23.3,66,23.6,0.00,0.00,0.00,0.00,0,12.9,32.0,0
2025-09-22T14:00,24.2,61,24.2,0.00,0.00,0.00,0.00,0,14.9,36.0,0
2025-09-22T15:00,24.6,59,24.4,0.00,0.00,0.00,0.00,0,15.5,37.1,0
2025-09-22T16:00,25.6,54,25.3,0.00,0.00,0.00,0.00,0,15.2,37.4,0
2025-09-22T17:00,25.0,54,24.5,0.00,0.00,0.00,0.00,0,15.1,35.6,0
2025-09-22T18:00,24.0,54,22.9,0.00,0.00,0.00,0.00,0,16.6,37.4,0
2025-09-22T19:00,23.0,57,21.9,0.00,0.00,0.00,0.00,0,16.7,38.5,0
2025-09-22T20:00,22.3,61,21.4,0.00,0.00,0.00,0.00,0,16.0,37.8,0
2025-09-22T21:00,21.7,64,20.9,0.00,0.00,0.00,0.00,0,15.4,36.0,0
2025-09-22T22:00,21.0,66,20.3,0.00,0.00,0.00,0.00,0,14.6,34.6,2
2025-09-22T23:00,20.4,69,19.8,0.00,0.00,0.00,0.00,0,13.6,32.4,1
2025-09-23T00:00,19.7,71,19.3,0.00,0.00,0.00,0.00,1,12.7,29.9,26
2025-09-23T01:00,19.1,74,18.9,0.00,0.00,0.00,0.00,0,11.6,28.1,2
2025-09-23T02:00,18.2,79,18.3,0.00,0.00,0.00,0.00,0,9.4,25.2,5
2025-09-23T03:00,17.5,82,17.7,0.00,0.00,0.00,0.00,0,8.3,19.1,18
2025-09-23T04:00,16.8,82,16.6,0.00,0.00,0.00,0.00,0,9.2,18.4,3
2025-09-23T05:00,16.5,81,15.9,0.00,0.00,0.00,0.00,0,10.9,23.0,3
2025-09-23T06:00,16.3,80,15.7,0.00,0.00,0.00,0.00,2,10.2,23.4,76
2025-09-23T07:00,16.0,81,15.4,0.00,0.00,0.00,0.00,3,10.1,22.3,100
2025-09-23T08:00,16.1,81,15.8,0.00,0.00,0.00,0.00,3,8.6,22.3,100
2025-09-23T09:00,16.2,85,16.3,0.00,0.00,0.00,0.00,3,6.9,19.1,100
2025-09-23T10:00,16.2,86,16.2,0.00,0.00,0.00,0.00,3,7.8,20.2,100
2025-09-23T11:00,15.9,83,15.9,0.00,0.00,0.00,0.00,3,6.6,19.8,100
2025-09-23T12:00,15.8,77,15.2,0.10,0.10,0.00,0.00,51,7.3,19.4,100
2025-09-23T13:00,15.4,78,14.9,0.10,0.10,0.00,0.00,51,6.2,18.7,100
2025-09-23T14:00,15.3,75,14.1,0.20,0.20,0.00,0.00,51,9.8,23.0,100
2025-09-23T15:00,14.5,72,12.8,0.10,0.10,0.00,0.00,51,10.1,24.8,100
2025-09-23T16:00,13.2,71,11.4,0.00,0.00,0.00,0.00,3,8.6,23.4,100
2025-09-23T17:00,13.0,68,11.0,0.00,0.00,0.00,0.00,3,8.8,20.9,100
2025-09-23T18:00,12.4,72,10.4,0.20,0.20,0.00,0.00,51,8.7,22.3,100
2025-09-23T19:00,11.8,78,10.0,0.40,0.40,0.00,0.00,51,8.5,20.2,100
2025-09-23T20:00,11.5,81,9.7,0.10,0.10,0.00,0.00,51,9.3,21.2,100
2025-09-23T21:00,11.3,81,9.4,0.00,0.00,0.00,0.00,3,9.8,22.7,100
2025-09-23T22:00,11.2,81,9.4,0.00,0.00,0.00,0.00,3,8.9,22.7,100
2025-09-23T23:00,11.1,83,9.3,0.00,0.00,0.00,0.00,3,8.8,20.5,100
2025-09-24T00:00,10.9,83,9.1,0.00,0.00,0.00,0.00,3,9.1,20.9,97
2025-09-24T01:00,10.3,86,8.5,0.00,0.00,0.00,0.00,3,8.9,20.9,97
2025-09-24T02:00,9.7,88,7.8,0.00,0.00,0.00,0.00,0,9.0,19.8,0
2025-09-24T03:00,9.2,88,7.2,0.00,0.00,0.00,0.00,0,8.6,19.4,0
2025-09-24T04:00,7.9,91,5.7,0.00,0.00,0.00,0.00,0,9.3,19.4,0
2025-09-24T05:00,7.6,91,5.1,0.00,0.00,0.00,0.00,0,9.9,20.9,1
2025-09-24T06:00,7.3,90,4.6,0.00,0.00,0.00,0.00,0,10.7,22.7,15
2025-09-24T07:00,7.1,89,4.2,0.00,0.00,0.00,0.00,2,11.9,26.3,67
2025-09-24T08:00,7.5,82,4.4,0.00,0.00,0.00,0.00,1,12.1,31.0,30
2025-09-24T09:00,8.2,76,4.2,0.00,0.00,0.00,0.00,3,17.3,40.3,86
2025-09-24T10:00,8.9,70,5.0,0.00,0.00,0.00,0.00,3,16.4,42.5,100
2025-09-24T11:00,9.4,64,5.3,0.00,0.00,0.00,0.00,3,17.2,40.7,100
2025-09-24T12:00,9.6,65,5.8,0.00,0.00,0.00,0.00,3,15.1,41.8,95
2025-09-24T13:00,10.2,60,6.2,0.10,0.10,0.00,0.00,51,15.4,38.5,26
2025-09-24T14:00,11.0,48,6.6,0.00,0.00,0.00,0.00,0,15.6,39.2,5
2025-09-24T15:00,11.2,43,6.7,0.00,0.00,0.00,0.00,0,15.3,39.2,15
2025-09-24T16:00,10.7,45,6.3,0.00,0.00,0.00,0.00,1,14.5,34.6,39
2025-09-24T17:00,10.5,45,6.3,0.00,0.00,0.00,0.00,0,13.0,40.7,8
2025-09-24T18:00,9.5,51,5.4,0.00,0.00,0.00,0.00,0,13.3,32.0,2
2025-09-24T19:00,8.7,56,4.8,0.00,0.00,0.00,0.00,0,12.4,30.6,17
2025-09-24T20:00,8.2,57,4.2,0.00,0.00,0.00,0.00,0,12.8,29.5,0
2025-09-24T21:00,7.4,62,3.6,0.00,0.00,0.00,0.00,0,12.3,28.4,0
2025-09-24T22:00,6.8,67,3.0,0.00,0.00,0.00,0.00,0,12.8,28.8,0
2025-09-24T23:00,6.4,71,2.6,0.00,0.00,0.00,0.00,0,12.6,29.5,18
2025-09-25T00:00,6.1,73,2.4,0.00,0.00,0.00,0.00,0,12.7,28.4,10
2025-09-25T01:00,6.1,72,2.3,0.00,0.00,0.00,0.00,0,12.8,28.8,18
2025-09-25T02:00,6.1,71,2.3,0.00,0.00,0.00,0.00,3,12.4,28.8,87
2025-09-25T03:00,6.3,70,2.5,0.00,0.00,0.00,0.00,3,12.1,28.4,100
2025-09-25T04:00,6.3,76,2.8,0.00,0.00,0.00,0.00,3,11.9,27.4,100
2025-09-25T05:00,6.5,77,3.1,0.00,0.00,0.00,0.00,3,12.0,27.4,100
2025-09-25T06:00,6.5,79,3.3,0.00,0.00,0.00,0.00,3,11.3,27.4,100
2025-09-25T07:00,6.7,79,3.5,0.00,0.00,0.00,0.00,3,11.2,25.9,100
2025-09-25T08:00,7.0,79,3.7,0.00,0.00,0.00,0.00,3,11.8,26.6,100
2025-09-25T09:00,7.3,78,4.1,0.00,0.00,0.00,0.00,3,11.8,30.6,100
2025-09-25T10:00,7.7,74,4.1,0.10,0.10,0.00,0.00,51,14.1,33.8,100
2025-09-25T11:00,7.9,71,4.1,0.10,0.10,0.00,0.00,51,14.8,34.9,100
2025-09-25T12:00,9.0,65,5.1,0.10,0.10,0.00,0.00,51,15.1,37.8,100
2025-09-25T13:00,9.7,61,5.7,0.10,0.10,0.00,0.00,51,15.8,38.5,100
2025-09-25T14:00,10.1,59,6.2,0.00,0.00,0.00,0.00,3,14.7,37.4,97
2025-09-25T15:00,10.5,58,6.7,0.00,0.00,0.00,0.00,3,13.7,35.3,95
2025-09-25T16:00,9.9,61,6.2,0.00,0.00,0.00,0.00,3,14.1,35.3,85
2025-09-25T17:00,10.0,61,6.5,0.00,0.00,0.00,0.00,3,12.3,33.5,100
2025-09-25T18:00,9.6,63,6.5,0.00,0.00,0.00,0.00,3,10.1,28.8,99
2025-09-25T19:00,9.4,65,6.4,0.00,0.00,0.00,0.00,3,9.5,22.7,100
2025-09-25T20:00,9.2,65,6.1,0.00,0.00,0.00,0.00,2,10.0,22.7,76
2025-09-25T21:00,8.5,69,5.5,0.00,0.00,0.00,0.00,2,9.8,22.7,60
2025-09-25T22:00,7.8,73,4.8,0.00,0.00,0.00,0.00,3,9.5,21.6,98
2025-09-25T23:00,7.7,74,4.8,0.00,0.00,0.00,0.00,3,8.9,20.5,100
2025-09-26T00:00,7.8,75,5.0,0.00,0.00,0.00,0.00,3,8.8,19.1,99
2025-09-26T01:00,7.9,74,5.1,0.00,0.00,0.00,0.00,3,9.1,19.8,100
2025-09-26T02:00,7.9,73,5.0,0.00,0.00,0.00,0.00,3,9.0,19.8,100
2025-09-26T03:00,7.7,72,4.7,0.00,0.00,0.00,0.00,1,9.6,20.9,42
2025-09-26T04:00,5.0,82,1.9,0.00,0.00,0.00,0.00,0,9.6,19.8,0
2025-09-26T05:00,4.1,86,0.8,0.00,0.00,0.00,0.00,0,9.6,20.2,0
2025-09-26T06:00,3.5,88,0.3,0.00,0.00,0.00,0.00,0,9.1,20.2,0
2025-09-26T07:00,3.3,89,0.1,0.00,0.00,0.00,0.00,0,9.2,19.4,2
2025-09-26T08:00,4.0,87,1.1,0.00,0.00,0.00,0.00,2,7.6,19.8,61
2025-09-26T09:00,5.3,82,2.5,0.00,0.00,0.00,0.00,1,7.4,19.1,49
2025-09-26T10:00,7.3,76,4.5,0.00,0.00,0.00,0.00,3,8.0,21.2,100
2025-09-26T11:00,8.9,71,6.2,0.00,0.00,0.00,0.00,3,8.8,23.8,100
2025-09-26T12:00,10.0,69,7.3,0.00,0.00,0.00,0.00,3,9.5,24.8,96
2025-09-26T13:00,11.6,63,8.7,0.00,0.00,0.00,0.00,2,11.2,27.7,53
2025-09-26T14:00,12.5,58,9.1,0.00,0.00,0.00,0.00,3,14.6,34.6,100
2025-09-26T15:00,12.3,60,9.1,0.00,0.00,0.00,0.00,3,13.6,36.4,86
2025-09-26T16:00,13.8,53,11.0,0.00,0.00,0.00,0.00,0,9.4,28.8,4
2025-09-26T17:00,13.5,56,10.9,0.00,0.00,0.00,0.00,2,9.0,22.7,50
2025-09-26T18:00,12.7,61,10.3,0.00,0.00,0.00,0.00,1,8.0,20.5,30
2025-09-26T19:00,11.6,66,9.2,0.00,0.00,0.00,0.00,1,8.8,17.6,35
2025-09-26T20:00,10.9,70,8.4,0.00,0.00,0.00,0.00,0,9.7,19.8,7
2025-09-26T21:00,10.2,74,7.6,0.00,0.00,0.00,0.00,0,10.5,22.0,11
2025-09-26T22:00,9.6,77,7.1,0.00,0.00,0.00,0.00,1,9.9,22.0,28
2025-09-26T23:00,9.2,80,6.8,0.00,0.00,0.00,0.00,0,9.3,20.5,15
2025-09-27T00:00,8.7,82,6.3,0.00,0.00,0.00,0.00,1,9.3,19.1,23
2025-09-27T01:00,8.3,84,5.9,0.00,0.00,0.00,0.00,1,9.5,19.4,21
2025-09-27T02:00,8.0,86,5.6,0.00,0.00,0.00,0.00,0,9.0,19.4,3
2025-09-27T03:00,7.6,88,5.2,0.00,0.00,0.00,0.00,0,8.9,18.4,1
2025-09-27T04:00,6.9,90,4.5,0.00,0.00,0.00,0.00,1,8.5,17.3,48
2025-09-27T05:00,6.6,92,4.1,0.00,0.00,0.00,0.00,3,8.8,17.6,99
2025-09-27T06:00,6.3,93,3.9,0.00,0.00,0.00,0.00,3,8.5,18.0,100
2025-09-27T07:00,6.2,95,3.8,0.00,0.00,0.00,0.00,3,8.5,17.3,100
2025-09-27T08:00,7.0,93,4.7,0.00,0.00,0.00,0.00,3,8.6,20.5,100
2025-09-27T09:00,8.1,90,5.8,0.00,0.00,0.00,0.00,3,9.6,23.0,100
2025-09-27T10:00,9.1,87,6.9,0.00,0.00,0.00,0.00,3,9.7,23.8,100
2025-09-27T11:00,10.0,83,7.8,0.10,0.10,0.00,0.00,51,9.5,23.8,100
2025-09-27T12:00,10.7,79,8.7,0.20,0.20,0.00,0.00,51,8.9,22.7,100
2025-09-27T13:00,11.0,79,9.1,0.30,0.30,0.00,0.00,51,8.5,22.0,100
2025-09-27T14:00,10.8,82,9.1,0.50,0.50,0.00,0.00,53,7.1,20.5,100
2025-09-27T15:00,10.1,87,8.3,0.80,0.80,0.00,0.00,53,8.0,18.7,100
2025-09-27T16:00,9.7,92,8.4,1.10,1.10,0.00,0.00,55,5.7,16.9,100
2025-09-27T17:00,9.5,92,8.3,0.30,0.30,0.00,0.00,51,5.1,11.5,100
2025-09-27T18:00,9.3,95,8.4,0.20,0.20,0.00,0.00,51,3.1,9.7,100
2025-09-27T19:00,8.9,95,7.7,0.10,0.10,0.00,0.00,51,4.9,9.7,100
2025-09-27T20:00,8.8,93,7.3,0.00,0.00,0.00,0.00,3,6.2,11.5,99
2025-09-27T21:00,8.5,97,7.1,0.00,0.00,0.00,0.00,3,5.9,12.2,96
2025-09-27T22:00,8.2,97,6.8,0.00,0.00,0.00,0.00,3,5.9,12.2,100
2025-09-27T23:00,8.3,97,6.8,0.00,0.00,0.00,0.00,3,6.3,12.6,100
2025-09-28T00:00,8.2,95,6.5,0.30,0.30,0.00,0.00,51,7.4,14.8,100
2025-09-28T01:00,8.0,95,5.5,0.40,0.40,0.00,0.00,51,12.1,24.8,100
2025-09-28T02:00,7.7,93,4.9,0.20,0.20,0.00,0.00,51,12.7,28.1,99
2025-09-28T03:00,7.3,91,4.5,0.00,0.00,0.00,0.00,3,12.6,27.7,100
2025-09-28T04:00,6.4,91,3.6,0.00,0.00,0.00,0.00,3,11.0,24.1,88
2025-09-28T05:00,6.0,90,2.8,0.00,0.00,0.00,0.00,3,12.6,27.7,92
2025-09-28T06:00,5.9,89,2.6,0.00,0.00,0.00,0.00,3,12.7,29.9,100
2025-09-28T07:00,6.0,88,2.5,0.10,0.10,0.00,0.00,51,14.1,32.4,100
2025-09-28T08:00,5.9,88,2.0,0.10,0.10,0.00,0.00,51,16.6,37.4,100
2025-09-28T09:00,5.9,84,2.0,0.10,0.10,0.00,0.00,51,15.4,42.8,100
2025-09-28T10:00,6.1,81,2.1,0.00,0.00,0.00,0.00,3,16.6,40.3,100
2025-09-28T11:00,6.7,74,2.5,0.00,0.00,0.00,0.00,3,16.8,40.7,100
2025-09-28T12:00,7.3,67,3.1,0.00,0.00,0.00,0.00,3,15.8,38.9,100
2025-09-28T13:00,8.3,62,3.8,0.00,0.00,0.00,0.00,3,17.6,42.5,80
2025-09-28T14:00,9.2,56,4.8,0.00,0.00,0.00,0.00,3,16.3,43.2,100
2025-09-28T15:00,9.3,52,5.1,0.00,0.00,0.00,0.00,3,13.7,41.4,100
2025-09-28T16:00,8.2,55,3.9,0.00,0.00,0.00,0.00,3,14.9,41.0,100
2025-09-28T17:00,7.9,58,3.8,0.00,0.00,0.00,0.00,3,13.1,36.4,91
2025-09-28T18:00,7.4,63,3.7,0.00,0.00,0.00,0.00,2,11.8,31.0,50
2025-09-28T19:00,6.9,67,3.4,0.00,0.00,0.00,0.00,3,10.9,27.0,95
2025-09-28T20:00,6.9,69,3.3,0.00,0.00,0.00,0.00,3,11.3,25.6,100
2025-09-28T21:00,6.9,70,3.3,0.00,0.00,0.00,0.00,3,12.4,28.4,100
2025-09-28T22:00,6.9,71,3.3,0.00,0.00,0.00,0.00,3,12.3,30.2,100
2025-09-28T23:00,6.4,74,2.9,0.00,0.00,0.00,0.00,0,11.4,28.8,13
2025-09-29T00:00,6.2,74,2.6,0.00,0.00,0.00,0.00,3,11.6,26.3,81
2025-09-29T01:00,5.8,74,2.2,0.00,0.00,0.00,0.00,3,11.7,26.3,96
2025-09-29T02:00,5.7,72,2.2,0.00,0.00,0.00,0.00,3,10.8,26.3,99
2025-09-29T03:00,5.7,72,2.1,0.00,0.00,0.00,0.00,1,10.9,24.8,45
2025-09-29T04:00,4.9,78,1.4,0.00,0.00,0.00,0.00,3,11.0,24.5,83
2025-09-29T05:00,4.9,81,1.3,0.00,0.00,0.00,0.00,3,11.6,25.9,100
2025-09-29T06:00,4.9,82,1.4,0.00,0.00,0.00,0.00,3,12.0,27.4,100
2025-09-29T07:00,4.9,81,1.3,0.00,0.00,0.00,0.00,3,12.0,28.1,89
2025-09-29T08:00,5.2,76,1.4,0.00,0.00,0.00,0.00,2,12.5,29.2,59
2025-09-29T09:00,5.7,72,1.9,0.00,0.00,0.00,0.00,3,12.4,29.9,85
2025-09-29T10:00,6.9,68,3.1,0.00,0.00,0.00,0.00,2,12.8,31.3,59
2025-09-29T11:00,7.9,58,3.5,0.00,0.00,0.00,0.00,3,15.8,38.5,94
2025-09-29T12:00,8.2,54,3.3,0.00,0.00,0.00,0.00,3,18.6,45.0,100
2025-09-29T13:00,8.5,54,3.9,0.00,0.00,0.00,0.00,3,16.2,44.6,99
2025-09-29T14:00,8.7,52,4.2,0.00,0.00,0.00,0.00,3,15.3,39.2,97
2025-09-29T15:00,8.7,52,4.4,0.00,0.00,0.00,0.00,3,13.9,37.1,98
2025-09-29T16:00,8.2,54,4.0,0.00,0.00,0.00,0.00,3,13.1,39.6,100
2025-09-29T17:00,8.1,55,4.3,0.00,0.00,0.00,0.00,3,10.8,30.6,100
2025-09-29T18:00,7.9,56,4.2,0.00,0.00,0.00,0.00,3,10.2,24.8,99
2025-09-29T19:00,7.6,57,4.1,0.00,0.00,0.00,0.00,3,9.0,22.7,99
2025-09-29T20:00,7.2,59,3.7,0.00,0.00,0.00,0.00,3,8.9,20.2,92
2025-09-29T21:00,6.4,63,3.0,0.00,0.00,0.00,0.00,3,8.8,19.4,81
2025-09-29T22:00,5.8,66,2.5,0.00,0.00,0.00,0.00,0,8.1,18.0,13
2025-09-29T23:00,5.1,68,1.7,0.00,0.00,0.00,0.00,0,8.3,16.2,11
2025-09-30T00:00,4.7,70,1.2,0.00,0.00,0.00,0.00,0,8.3,16.6,9
2025-09-30T01:00,4.0,73,0.6,0.00,0.00,0.00,0.00,0,7.7,16.6,12
2025-09-30T02:00,3.4,76,0.1,0.00,0.00,0.00,0.00,0,7.2,15.1,0
2025-09-30T03:00,2.9,78,-0.3,0.00,0.00,0.00,0.00,0,6.9,14.0,0
2025-09-30T04:00,1.6,85,-1.6,0.00,0.00,0.00,0.00,0,6.5,13.0,0
2025-09-30T05:00,1.1,86,-2.2,0.00,0.00,0.00,0.00,0,6.5,13.0,0
2025-09-30T06:00,0.7,87,-2.5,0.00,0.00,0.00,0.00,0,6.1,12.2,0
2025-09-30T07:00,0.4,88,-2.8,0.00,0.00,0.00,0.00,0,5.9,11.5,0
2025-09-30T08:00,1.0,87,-2.1,0.00,0.00,0.00,0.00,0,5.2,12.6,0
2025-09-30T09:00,2.2,84,-0.5,0.00,0.00,0.00,0.00,0,3.6,12.6,0
2025-09-30T10:00,4.1,78,1.6,0.00,0.00,0.00,0.00,0,3.1,12.6,0
2025-09-30T11:00,6.0,71,3.5,0.00,0.00,0.00,0.00,0,3.2,13.0,1
2025-09-30T12:00,7.4,63,4.8,0.00,0.00,0.00,0.00,0,4.1,14.8,2
2025-09-30T13:00,8.2,59,5.5,0.00,0.00,0.00,0.00,0,4.5,15.8,1
2025-09-30T14:00,8.9,56,6.1,0.00,0.00,0.00,0.00,0,5.0,16.6,0
2025-09-30T15:00,9.3,55,6.4,0.00,0.00,0.00,0.00,0,5.5,16.9,0
2025-09-30T16:00,9.4,54,6.5,0.00,0.00,0.00,0.00,0,5.7,16.9,0
2025-09-30T17:00,9.2,54,6.2,0.00,0.00,0.00,0.00,0,6.0,15.5,0
2025-09-30T18:00,8.2,59,5.4,0.00,0.00,0.00,0.00,0,5.3,13.7,0
2025-09-30T19:00,7.4,63,4.5,0.00,0.00,0.00,0.00,0,6.5,12.2,0
2025-09-30T20:00,6.6,67,3.5,0.00,0.00,0.00,0.00,0,7.1,13.3,0
2025-09-30T21:00,5.8,70,2.8,0.00,0.00,0.00,0.00,0,6.7,13.3,0
2025-09-30T22:00,5.1,72,2.2,0.00,0.00,0.00,0.00,0,6.2,12.6,0
2025-09-30T23:00,4.6,74,1.6,0.00,0.00,0.00,0.00,0,6.2,11.5,0
2025-10-01T00:00,4.1,76,1.1,0.00,0.00,0.00,0.00,0,6.2,11.5,1
2025-10-01T01:00,3.7,78,0.6,0.00,0.00,0.00,0.00,0,6.5,12.2,0
2025-10-01T02:00,3.1,82,0.1,0.00,0.00,0.00,0.00,0,6.3,12.2,0
2025-10-01T03:00,1.4,89,-1.3,0.00,0.00,0.00,0.00,0,4.0,11.9,0
2025-10-01T04:00,1.2,89,-1.7,0.00,0.00,0.00,0.00,0,4.8,7.9,0
2025-10-01T05:00,0.9,91,-2.0,0.00,0.00,0.00,0.00,0,4.9,9.0,0
2025-10-01T06:00,0.7,91,-2.3,0.00,0.00,0.00,0.00,0,4.8,9.0,0
2025-10-01T07:00,0.6,91,-2.4,0.00,0.00,0.00,0.00,0,5.0,9.0,0
2025-10-01T08:00,1.3,89,-1.7,0.00,0.00,0.00,0.00,0,5.1,11.5,2
2025-10-01T09:00,3.3,85,0.8,0.00,0.00,0.00,0.00,0,3.6,12.2,1
2025-10-01T10:00,4.8,82,2.6,0.00,0.00,0.00,0.00,0,2.4,9.7,0
2025-10-01T11:00,6.6,77,4.5,0.00,0.00,0.00,0.00,0,2.7,11.2,16
2025-10-01T12:00,8.1,71,6.0,0.00,0.00,0.00,0.00,0,3.2,12.6,4
2025-10-01T13:00,9.4,66,7.3,0.00,0.00,0.00,0.00,0,3.6,13.3,0
2025-10-01T14:00,10.3,62,8.2,0.00,0.00,0.00,0.00,0,3.6,13.3,0
2025-10-01T15:00,11.5,56,9.4,0.00,0.00,0.00,0.00,0,3.7,13.0,0
2025-10-01T16:00,11.9,55,9.7,0.00,0.00,0.00,0.00,0,4.1,11.9,0
2025-10-01T17:00,11.7,59,9.7,0.00,0.00,0.00,0.00,0,3.5,11.2,0
2025-10-01T18:00,10.8,60,8.4,0.00,0.00,0.00,0.00,0,5.9,7.6,0
2025-10-01T19:00,9.7,67,7.2,0.00,0.00,0.00,0.00,0,6.9,12.6,0
2025-10-01T20:00,8.8,72,6.1,0.00,0.00,0.00,0.00,0,8.6,16.6,0
2025-10-01T21:00,7.6,75,4.8,0.00,0.00,0.00,0.00,0,8.8,18.4,0
2025-10-01T22:00,6.7,78,3.9,0.00,0.00,0.00,0.00,0,8.5,17.6,1
2025-10-01T23:00,6.1,80,3.2,0.00,0.00,0.00,0.00,0,8.1,16.6,11
2025-10-02T00:00,5.6,81,2.7,0.00,0.00,0.00,0.00,0,8.0,15.8,13
2025-10-02T01:00,5.1,82,2.1,0.00,0.00,0.00,0.00,1,8.6,16.9,23
2025-10-02T02:00,4.7,84,1.6,0.00,0.00,0.00,0.00,1,8.6,17.3,38
2025-10-02T03:00,3.9,87,1.1,0.00,0.00,0.00,0.00,0,7.0,16.9,0
2025-10-02T04:00,3.4,88,0.5,0.00,0.00,0.00,0.00,0,7.1,13.7,0
2025-10-02T05:00,3.0,90,-0.0,0.00,0.00,0.00,0.00,0,7.5,14.4,0
2025-10-02T06:00,2.6,91,-0.4,0.00,0.00,0.00,0.00,0,7.3,14.4,3
2025-10-02T07:00,2.4,91,-0.6,0.00,0.00,0.00,0.00,3,7.3,14.0,100
2025-10-02T08:00,2.9,91,-0.0,0.00,0.00,0.00,0.00,3,7.2,15.1,100
2025-10-02T09:00,4.6,88,2.1,0.00,0.00,0.00,0.00,3,5.8,14.4,98
2025-10-02T10:00,6.2,83,3.9,0.00,0.00,0.00,0.00,3,5.3,15.8,98
2025-10-02T11:00,7.9,79,5.7,0.00,0.00,0.00,0.00,3,5.2,16.2,100
2025-10-02T12:00,9.5,74,7.4,0.00,0.00,0.00,0.00,3,5.6,17.3,100
2025-10-02T13:00,10.8,69,8.7,0.00,0.00,0.00,0.00,3,6.1,18.4,99
2025-10-02T14:00,11.7,65,9.5,0.00,0.00,0.00,0.00,3,7.3,20.5,96
2025-10-02T15:00,12.2,58,9.6,0.00,0.00,0.00,0.00,3,8.5,21.2,100
2025-10-02T16:00,12.1,58,9.4,0.00,0.00,0.00,0.00,3,8.6,21.2,100
2025-10-02T17:00,11.6,61,9.1,0.00,0.00,0.00,0.00,3,7.9,20.2,95
2025-10-02T18:00,10.5,66,7.9,0.00,0.00,0.00,0.00,3,8.3,17.3,100
2025-10-02T19:00,9.6,69,6.8,0.00,0.00,0.00,0.00,3,9.2,18.4,100
2025-10-02T20:00,8.8,72,6.0,0.00,0.00,0.00,0.00,3,8.9,18.7,100
2025-10-02T21:00,8.2,75,5.5,0.00,0.00,0.00,0.00,3,8.1,18.0,98
2025-10-02T22:00,8.0,76,5.3,0.00,0.00,0.00,0.00,3,8.2,16.9,98
2025-10-02T23:00,7.7,77,5.2,0.00,0.00,0.00,0.00,3,7.3,16.6,100
2025-10-03T00:00,7.3,80,4.9,0.00,0.00,0.00,0.00,3,6.5,14.8,100
2025-10-03T01:00,7.1,82,5.0,0.00,0.00,0.00,0.00,3,5.1,12.6,95
2025-10-03T02:00,6.4,85,4.3,0.70,0.70,0.00,0.00,53,4.5,10.8,100
2025-10-03T03:00,5.9,85,3.1,0.00,0.00,0.00,0.00,1,8.6,15.5,31
2025-10-03T04:00,5.5,88,2.8,0.00,0.00,0.00,0.00,2,7.9,17.3,61
2025-10-03T05:00,4.9,91,2.4,0.60,0.60,0.00,0.00,53,6.7,15.8,97
2025-10-03T06:00,5.0,92,2.6,0.00,0.00,0.00,0.00,3,6.3,14.4,91
2025-10-03T07:00,4.9,93,2.4,0.00,0.00,0.00,0.00,3,6.9,14.4,88
2025-10-03T08:00,5.5,92,3.1,0.00,0.00,0.00,0.00,1,6.7,15.8,34
2025-10-03T09:00,6.4,91,4.3,0.00,0.00,0.00,0.00,2,5.8,15.1,77
2025-10-03T10:00,7.6,87,5.6,0.00,0.00,0.00,0.00,3,5.9,16.2,100
2025-10-03T11:00,8.9,79,6.9,0.00,0.00,0.00,0.00,3,6.0,17.6,100
2025-10-03T12:00,10.1,70,7.9,0.00,0.00,0.00,0.00,3,6.8,19.4,100
2025-10-03T13:00,10.9,63,8.4,0.00,0.00,0.00,0.00,3,7.3,20.2,100
2025-10-03T14:00,11.5,58,8.8,0.00,0.00,0.00,0.00,3,7.9,20.5,100
2025-10-03T15:00,12.2,53,9.2,0.00,0.00,0.00,0.00,3,8.8,20.5,100
2025-10-03T16:00,11.9,53,8.9,0.00,0.00,0.00,0.00,3,8.5,22.3,100
2025-10-03T17:00,11.4,54,8.5,0.00,0.00,0.00,0.00,3,8.3,19.8,100
2025-10-03T18:00,10.7,56,7.7,0.00,0.00,0.00,0.00,3,8.1,18.4,100
2025-10-03T19:00,10.0,59,7.0,0.00,0.00,0.00,0.00,3,8.8,18.4,100
2025-10-03T20:00,9.4,62,6.4,0.00,0.00,0.00,0.00,3,8.3,18.4,100
2025-10-03T21:00,8.8,67,6.0,0.00,0.00,0.00,0.00,2,8.3,16.9,59
2025-10-03T22:00,8.3,70,5.4,0.00,0.00,0.00,0.00,2,8.3,16.9,50
2025-10-03T23:00,7.6,73,4.7,0.00,0.00,0.00,0.00,3,8.5,16.9,88
2025-10-04T00:00,7.1,75,4.3,0.00,0.00,0.00,0.00,3,7.8,16.9,96
2025-10-04T01:00,6.6,76,3.9,0.00,0.00,0.00,0.00,3,6.8,14.8,99
2025-10-04T02:00,6.2,78,3.4,0.00,0.00,0.00,0.00,3,7.0,13.0,100
2025-10-04T03:00,5.7,83,3.0,0.00,0.00,0.00,0.00,3,7.1,15.1,100
2025-10-04T04:00,5.2,85,2.4,0.00,0.00,0.00,0.00,3,8.0,15.5,100
2025-10-04T05:00,5.0,86,2.2,0.00,0.00,0.00,0.00,3,8.0,15.8,100
2025-10-04T06:00,4.8,87,1.8,0.00,0.00,0.00,0.00,3,8.6,16.9,99
2025-10-04T07:00,4.6,87,1.6,0.00,0.00,0.00,0.00,3,8.9,18.4,100
2025-10-04T08:00,5.2,86,2.3,0.00,0.00,0.00,0.00,3,8.7,18.4,100
2025-10-04T09:00,6.8,86,4.2,0.00,0.00,0.00,0.00,3,8.2,19.1,100
2025-10-04T10:00,7.8,82,5.3,0.00,0.00,0.00,0.00,3,8.0,19.4,100
2025-10-04T11:00,9.6,75,7.3,0.00,0.00,0.00,0.00,3,7.7,20.5,100
2025-10-04T12:00,11.3,68,8.9,0.00,0.00,0.00,0.00,3,8.6,22.0,100
2025-10-04T13:00,12.5,63,10.0,0.00,0.00,0.00,0.00,3,9.7,24.1,100
2025-10-04T14:00,13.3,59,10.6,0.00,0.00,0.00,0.00,3,11.0,26.3,100
2025-10-04T15:00,14.3,56,11.4,0.00,0.00,0.00,0.00,3,11.7,28.1,91
2025-10-04T16:00,14.1,53,10.9,0.00,0.00,0.00,0.00,3,13.0,31.7,100
2025-10-04T17:00,13.4,55,10.1,0.00,0.00,0.00,0.00,3,13.3,31.0,100
2025-10-04T18:00,12.7,55,9.2,0.00,0.00,0.00,0.00,3,13.8,31.7,91
2025-10-04T19:00,12.0,56,8.4,0.00,0.00,0.00,0.00,3,14.0,31.3,93
2025-10-04T20:00,11.8,56,8.0,0.00,0.00,0.00,0.00,3,14.9,33.8,100
2025-10-04T21:00,11.0,58,7.2,0.00,0.00,0.00,0.00,3,14.8,34.2,82
2025-10-04T22:00,10.2,61,6.6,0.00,0.00,0.00,0.00,2,13.8,33.1,54
2025-10-04T23:00,9.5,63,5.9,0.00,0.00,0.00,0.00,1,13.5,31.0,42
2025-10-05T00:00,9.1,64,5.6,0.00,0.00,0.00,0.00,3,12.2,30.2,97
2025-10-05T01:00,8.7,65,5.3,0.00,0.00,0.00,0.00,3,11.7,26.6,97
2025-10-05T02:00,8.4,66,4.9,0.00,0.00,0.00,0.00,3,12.0,26.6,80
2025-10-05T03:00,8.2,67,4.6,0.00,0.00,0.00,0.00,2,12.4,26.6,56
2025-10-05T04:00,8.1,66,4.6,0.00,0.00,0.00,0.00,3,11.9,27.0,90
2025-10-05T05:00,8.0,66,4.4,0.00,0.00,0.00,0.00,3,12.2,26.6,92
2025-10-05T06:00,7.6,69,4.1,0.50,0.50,0.00,0.00,53,11.9,27.4,100
2025-10-05T07:00,7.4,74,3.9,0.00,0.00,0.00,0.00,3,13.0,29.2,88
2025-10-05T08:00,7.8,71,4.3,0.00,0.00,0.00,0.00,3,12.9,32.0,97
2025-10-05T09:00,8.3,75,5.2,0.00,0.00,0.00,0.00,3,11.7,29.2,99
2025-10-05T10:00,9.4,69,6.4,0.00,0.00,0.00,0.00,3,10.9,25.9,100
2025-10-05T11:00,10.1,64,6.9,0.00,0.00,0.00,0.00,3,11.8,28.8,98
2025-10-05T12:00,11.1,61,8.1,0.00,0.00,0.00,0.00,3,10.9,28.4,97
2025-10-05T13:00,12.3,58,9.4,0.00,0.00,0.00,0.00,3,10.3,27.0,97
2025-10-05T14:00,13.0,55,10.0,0.00,0.00,0.00,0.00,3,10.9,25.9,100
2025-10-05T15:00,13.0,53,9.6,0.00,0.00,0.00,0.00,2,13.0,25.2,70
2025-10-05T16:00,13.3,55,10.2,0.00,0.00,0.00,0.00,3,12.1,30.2,100
2025-10-05T17:00,12.6,59,9.5,0.00,0.00,0.00,0.00,3,12.9,29.5,100
2025-10-05T18:00,11.2,73,8.5,0.40,0.40,0.00,0.00,51,12.2,29.9,100
2025-10-05T19:00,10.4,79,8.0,0.10,0.10,0.00,0.00,51,10.8,27.0,100
2025-10-05T20:00,10.3,82,8.0,0.00,0.00,0.00,0.00,3,11.2,25.6,100
2025-10-05T21:00,10.6,84,8.5,0.00,0.00,0.00,0.00,3,10.6,25.6,100
2025-10-05T22:00,10.6,87,8.9,0.00,0.00,0.00,0.00,3,8.8,24.5,100
2025-10-05T23:00,10.5,89,9.0,0.00,0.00,0.00,0.00,3,7.7,19.1,100
2025-10-06T00:00,10.5,90,8.9,0.00,0.00,0.00,0.00,3,8.4,18.4,100
2025-10-06T01:00,10.4,91,9.1,0.00,0.00,0.00,0.00,3,6.8,19.1,100
2025-10-06T02:00,10.4,92,9.3,0.00,0.00,0.00,0.00,3,6.1,14.8,100
2025-10-06T03:00,10.1,91,8.7,0.30,0.30,0.00,0.00,51,7.0,13.0,100
2025-10-06T04:00,10.1,92,8.9,0.20,0.20,0.00,0.00,51,6.0,15.1,100
2025-10-06T05:00,10.0,93,9.0,0.40,0.40,0.00,0.00,51,4.7,12.2,100
2025-10-06T06:00,9.8,96,8.8,0.50,0.50,0.00,0.00,53,5.0,10.4,100
2025-10-06T07:00,9.7,97,8.4,0.10,0.10,0.00,0.00,51,6.9,14.0,100
2025-10-06T08:00,9.7,98,8.4,0.20,0.20,0.00,0.00,51,7.4,16.2,100
2025-10-06T09:00,10.4,97,9.6,0.20,0.20,0.00,0.00,51,5.2,15.1,100
2025-10-06T10:00,10.6,96,10.1,0.30,0.30,0.00,0.00,51,3.4,11.5,100
2025-10-06T11:00,10.9,95,10.8,0.30,0.30,0.00,0.00,51,1.0,9.7,100
2025-10-06T12:00,11.6,92,11.4,0.40,0.40,0.00,0.00,51,1.8,9.0,100
2025-10-06T13:00,12.1,88,12.1,0.20,0.20,0.00,0.00,51,0.9,9.4,100
2025-10-06T14:00,12.7,85,12.6,0.10,0.10,0.00,0.00,51,1.3,9.0,100
2025-10-06T15:00,13.0,84,12.9,0.10,0.10,0.00,0.00,51,1.4,9.0,100
2025-10-06T16:00,13.0,83,12.6,0.00,0.00,0.00,0.00,3,2.6,8.3,100
2025-10-06T17:00,12.8,85,12.8,0.00,0.00,0.00,0.00,3,0.4,7.2,100
2025-10-06T18:00,12.3,88,12.0,0.00,0.00,0.00,0.00,3,2.4,5.4,100
2025-10-06T19:00,11.9,91,11.7,0.00,0.00,0.00,0.00,3,1.9,4.7,100
2025-10-06T20:00,11.8,91,11.6,0.00,0.00,0.00,0.00,3,2.2,2.9,89
2025-10-06T21:00,11.0,93,10.5,0.00,0.00,0.00,0.00,3,3.6,3.2,90
2025-10-06T22:00,10.8,93,10.3,0.00,0.00,0.00,0.00,3,3.1,7.9,81
2025-10-06T23:00,10.8,93,10.4,0.00,0.00,0.00,0.00,3,1.9,4.3,98
2025-10-07T00:00,10.5,94,10.1,0.00,0.00,0.00,0.00,3,1.5,2.5,82
2025-10-07T01:00,10.1,94,9.6,0.00,0.00,0.00,0.00,2,1.9,2.9,55
2025-10-07T02:00,10.1,95,9.7,0.00,0.00,0.00,0.00,3,1.4,2.5,98
2025-10-07T03:00,9.9,97,9.4,0.00,0.00,0.00,0.00,3,1.6,2.9,95
2025-10-07T04:00,8.9,100,8.5,0.00,0.00,0.00,0.00,3,0.4,2.2,100
2025-10-07T05:00,8.7,100,8.0,0.00,0.00,0.00,0.00,3,1.9,2.9,100
2025-10-07T06:00,8.7,99,7.7,0.00,0.00,0.00,0.00,3,4.5,8.3,100
2025-10-07T07:00,8.7,98,7.4,0.00,0.00,0.00,0.00,3,5.8,10.1,100
2025-10-07T08:00,8.8,100,7.8,0.00,0.00,0.00,0.00,3,4.5,11.2,100
2025-10-07T09:00,10.7,96,10.3,0.00,0.00,0.00,0.00,3,2.3,11.5,100
2025-10-07T10:00,11.1,94,10.7,0.00,0.00,0.00,0.00,3,3.0,7.9,100
2025-10-07T11:00,11.5,90,11.0,0.00,0.00,0.00,0.00,3,3.5,9.4,100
2025-10-07T12:00,11.8,88,11.2,0.10,0.10,0.00,0.00,51,3.6,10.1,100
2025-10-07T13:00,12.2,86,11.7,0.10,0.10,0.00,0.00,51,3.1,10.8,100
2025-10-07T14:00,12.7,83,12.2,0.30,0.30,0.00,0.00,51,3.2,10.4,100
2025-10-07T15:00,12.8,82,12.3,0.10,0.10,0.00,0.00,51,3.1,10.4,100
2025-10-07T16:00,13.0,81,12.5,0.00,0.00,0.00,0.00,3,2.8,10.1,100
2025-10-07T17:00,12.7,83,12.3,0.00,0.00,0.00,0.00,3,2.4,8.3,100
2025-10-07T18:00,12.2,87,11.7,0.00,0.00,0.00,0.00,3,3.3,5.8,100
2025-10-07T19:00,12.0,88,11.5,0.00,0.00,0.00,0.00,3,3.4,6.8,100
2025-10-07T20:00,11.7,91,11.1,0.00,0.00,0.00,0.00,3,4.4,8.6,100
2025-10-07T21:00,11.0,93,10.6,0.00,0.00,0.00,0.00,2,3.1,8.3,79
2025-10-07T22:00,11.2,93,10.5,0.00,0.00,0.00,0.00,3,4.7,9.0,84
2025-10-07T23:00,11.0,94,10.3,0.00,0.00,0.00,0.00,3,4.7,9.0,100
2025-10-08T00:00,10.8,94,10.2,0.00,0.00,0.00,0.00,3,3.4,9.4,100
2025-10-08T01:00,10.1,97,9.6,0.00,0.00,0.00,0.00,3,2.7,6.1,100
2025-10-08T02:00,9.9,97,9.3,0.00,0.00,0.00,0.00,3,3.5,7.9,100
2025-10-08T03:00,9.8,98,9.3,0.00,0.00,0.00,0.00,3,2.3,7.6,100
2025-10-08T04:00,10.1,98,9.7,0.00,0.00,0.00,0.00,3,2.3,5.0,100
2025-10-08T05:00,9.6,100,9.1,0.00,0.00,0.00,0.00,3,2.6,4.3,100
2025-10-08T06:00,9.4,100,8.9,0.00,0.00,0.00,0.00,3,2.0,5.4,100
2025-10-08T07:00,9.4,99,8.9,0.00,0.00,0.00,0.00,3,2.0,5.4,100
2025-10-08T08:00,9.4,100,8.9,0.00,0.00,0.00,0.00,3,2.2,7.6,100
2025-10-08T09:00,9.7,99,9.3,0.00,0.00,0.00,0.00,3,1.8,7.9,100
2025-10-08T10:00,10.3,98,10.0,0.00,0.00,0.00,0.00,3,2.1,8.3,100
2025-10-08T11:00,11.4,90,11.0,0.00,0.00,0.00,0.00,3,2.3,9.0,100
2025-10-08T12:00,12.1,85,11.8,0.00,0.00,0.00,0.00,3,1.7,9.0,100
2025-10-08T13:00,12.8,80,12.3,0.00,0.00,0.00,0.00,3,1.8,7.9,100
2025-10-08T14:00,13.4,76,12.8,0.00,0.00,0.00,0.00,3,2.1,9.0,95
2025-10-08T15:00,13.4,78,12.9,0.00,0.00,0.00,0.00,3,2.2,9.7,99
2025-10-08T16:00,13.4,77,12.6,0.00,0.00,0.00,0.00,2,4.0,10.8,52
2025-10-08T17:00,13.1,78,12.4,0.00,0.00,0.00,0.00,3,3.5,11.2,81
2025-10-08T18:00,12.3,84,11.9,0.00,0.00,0.00,0.00,3,1.9,7.2,90
2025-10-08T19:00,11.8,85,11.3,0.00,0.00,0.00,0.00,3,1.7,2.5,100
2025-10-08T20:00,11.6,85,11.0,0.00,0.00,0.00,0.00,3,2.5,3.6,100
2025-10-08T21:00,11.6,87,10.8,0.00,0.00,0.00,0.00,3,4.2,4.3,100
2025-10-08T22:00,11.5,86,10.4,0.00,0.00,0.00,0.00,3,6.0,11.5,100
2025-10-08T23:00,11.2,86,10.0,0.00,0.00,0.00,0.00,3,5.7,11.9,99
2025-10-09T00:00,10.8,87,9.7,0.00,0.00,0.00,0.00,3,5.0,11.2,100
2025-10-09T01:00,10.3,88,9.0,0.00,0.00,0.00,0.00,2,5.5,10.4,66
2025-10-09T02:00,9.9,89,8.7,0.00,0.00,0.00,0.00,1,4.8,10.4,38
2025-10-09T03:00,9.6,92,8.9,0.00,0.00,0.00,0.00,3,2.1,8.6,100
2025-10-09T04:00,9.4,93,8.7,0.00,0.00,0.00,0.00,3,1.8,2.9,99
2025-10-09T05:00,9.3,93,8.3,0.00,0.00,0.00,0.00,3,3.7,6.5,100
2025-10-09T06:00,8.9,95,7.6,0.00,0.00,0.00,0.00,3,4.9,9.0,100
2025-10-09T07:00,8.7,95,7.4,0.00,0.00,0.00,0.00,3,5.5,10.8,100
2025-10-09T08:00,8.9,94,7.5,0.00,0.00,0.00,0.00,3,6.1,12.2,100
2025-10-09T09:00,9.4,95,8.1,0.00,0.00,0.00,0.00,3,6.0,13.3,100
2025-10-09T10:00,10.3,90,9.1,0.00,0.00,0.00,0.00,3,5.6,15.5,100
2025-10-09T11:00,11.3,84,10.2,0.00,0.00,0.00,0.00,3,5.1,15.1,100
2025-10-09T12:00,12.4,78,11.1,0.00,0.00,0.00,0.00,3,6.0,17.3,98
2025-10-09T13:00,13.4,72,11.9,0.00,0.00,0.00,0.00,3,7.2,20.5,100
2025-10-09T14:00,14.1,67,12.3,0.00,0.00,0.00,0.00,3,8.3,22.7,100
2025-10-09T15:00,14.2,65,12.2,0.00,0.00,0.00,0.00,3,9.4,23.4,89
2025-10-09T16:00,14.0,67,12.1,0.00,0.00,0.00,0.00,3,9.0,23.4,100
2025-10-09T17:00,13.3,70,11.5,0.60,0.60,0.00,0.00,53,8.6,22.3,100
2025-10-09T18:00,12.6,76,10.6,0.00,0.00,0.00,0.00,3,10.3,22.0,100
2025-10-09T19:00,12.2,77,10.1,0.10,0.10,0.00,0.00,51,11.0,24.5,100
2025-10-09T20:00,11.5,80,9.4,0.00,0.00,0.00,0.00,3,11.4,25.2,100
2025-10-09T21:00,11.3,85,9.3,0.00,0.00,0.00,0.00,3,10.9,25.6,100
2025-10-09T22:00,11.2,86,9.2,0.00,0.00,0.00,0.00,3,11.3,25.2,100
2025-10-09T23:00,10.8,88,9.0,0.00,0.00,0.00,0.00,3,10.5,25.2,100
2025-10-10T00:00,10.4,90,8.7,0.00,0.00,0.00,0.00,3,9.4,23.0,100
2025-10-10T01:00,10.0,91,8.4,0.00,0.00,0.00,0.00,3,8.3,20.2,100
2025-10-10T02:00,9.7,91,8.2,0.00,0.00,0.00,0.00,3,7.6,18.0,100
2025-10-10T03:00,9.0,94,7.3,0.00,0.00,0.00,0.00,3,7.5,16.6,100
2025-10-10T04:00,8.7,93,6.8,0.00,0.00,0.00,0.00,3,8.8,18.7,100
2025-10-10T05:00,8.7,89,6.9,0.00,0.00,0.00,0.00,3,7.2,18.4,100
2025-10-10T06:00,8.4,88,6.5,0.60,0.60,0.00,0.00,53,6.7,14.8,100
2025-10-10T07:00,8.6,83,6.4,0.00,0.00,0.00,0.00,3,7.7,18.0,100
2025-10-10T08:00,8.8,77,6.3,0.00,0.00,0.00,0.00,3,8.8,19.1,100
2025-10-10T09:00,8.8,82,6.1,0.10,0.10,0.00,0.00,51,11.3,20.2,100
2025-10-10T10:00,9.5,79,6.6,0.00,0.00,0.00,0.00,3,13.0,33.1,100
2025-10-10T11:00,9.7,76,6.8,0.00,0.00,0.00,0.00,3,12.2,29.5,100
2025-10-10T12:00,10.1,77,7.6,0.00,0.00,0.00,0.00,3,10.0,27.7,100
2025-10-10T13:00,10.7,76,8.7,0.00,0.00,0.00,0.00,3,8.2,23.0,100
2025-10-10T14:00,11.2,76,9.2,0.00,0.00,0.00,0.00,3,8.3,20.9,100
2025-10-10T15:00,10.5,80,8.0,0.00,0.00,0.00,0.00,3,12.0,19.8,100
2025-10-10T16:00,10.9,84,9.4,0.00,0.00,0.00,0.00,3,6.9,27.4,100
2025-10-10T17:00,11.1,86,9.6,0.10,0.10,0.00,0.00,51,8.0,18.0,100
2025-10-10T18:00,11.1,87,9.7,0.10,0.10,0.00,0.00,51,7.3,18.0,100
2025-10-10T19:00,11.2,86,9.8,0.00,0.00,0.00,0.00,3,7.8,16.9,100
2025-10-10T20:00,11.4,85,9.8,0.00,0.00,0.00,0.00,3,8.7,18.4,100
2025-10-10T21:00,10.9,92,9.6,0.10,0.10,0.00,0.00,51,8.6,18.7,100
2025-10-10T22:00,10.9,90,9.4,0.10,0.10,0.00,0.00,51,9.1,19.4,100
2025-10-10T23:00,10.7,88,9.1,0.40,0.40,0.00,0.00,51,9.0,19.4,100
2025-10-11T00:00,10.5,88,8.6,0.10,0.10,0.00,0.00,51,10.0,20.5,100
2025-10-11T01:00,10.1,89,8.1,0.10,0.10,0.00,0.00,51,10.3,23.0,100
2025-10-11T02:00,9.7,90,7.8,0.10,0.10,0.00,0.00,51,9.3,22.3,100
2025-10-11T03:00,9.8,88,8.1,0.00,0.00,0.00,0.00,3,8.1,20.2,100
2025-10-11T04:00,9.6,89,8.0,0.20,0.20,0.00,0.00,51,7.2,18.0,100
2025-10-11T05:00,9.5,91,8.0,0.10,0.10,0.00,0.00,51,6.1,15.1,100
2025-10-11T06:00,9.3,91,8.0,0.00,0.00,0.00,0.00,3,5.1,12.6,100
2025-10-11T07:00,9.1,92,7.6,0.00,0.00,0.00,0.00,3,6.1,12.2,100
2025-10-11T08:00,8.9,93,7.3,0.00,0.00,0.00,0.00,3,6.4,14.0,100
2025-10-11T09:00,9.4,93,8.1,0.00,0.00,0.00,0.00,3,5.4,14.0,100
2025-10-11T10:00,9.8,89,8.6,0.00,0.00,0.00,0.00,3,4.6,13.3,100
2025-10-11T11:00,10.3,84,9.2,0.00,0.00,0.00,0.00,3,3.6,12.6,100
2025-10-11T12:00,11.1,79,9.8,0.00,0.00,0.00,0.00,3,4.3,13.7,100
2025-10-11T13:00,11.4,77,10.1,0.00,0.00,0.00,0.00,3,4.4,14.0,100
2025-10-11T14:00,11.3,78,9.9,0.00,0.00,0.00,0.00,3,5.6,14.8,100
2025-10-11T15:00,12.2,72,10.3,0.00,0.00,0.00,0.00,3,8.0,16.6,98
2025-10-11T16:00,11.9,76,10.1,0.00,0.00,0.00,0.00,3,8.5,22.3,100
2025-10-11T17:00,11.3,83,9.5,0.00,0.00,0.00,0.00,3,9.2,22.3,100
2025-10-11T18:00,10.6,87,9.0,0.00,0.00,0.00,0.00,3,7.6,23.0,100
2025-10-11T19:00,10.5,86,9.4,0.00,0.00,0.00,0.00,3,4.1,16.9,100
2025-10-11T20:00,10.0,86,8.4,0.00,0.00,0.00,0.00,3,6.9,14.8,100
2025-10-11T21:00,9.8,87,7.7,0.00,0.00,0.00,0.00,3,10.5,20.2,100
2025-10-11T22:00,9.4,82,6.6,0.00,0.00,0.00,0.00,3,13.1,29.5,100
2025-10-11T23:00,8.5,76,5.6,0.10,0.10,0.00,0.00,51,10.4,31.7,100
2025-10-12T00:00,8.0,81,5.4,0.30,0.30,0.00,0.00,51,9.0,23.4,100
2025-10-12T01:00,7.9,87,5.3,0.10,0.10,0.00,0.00,51,10.8,24.1,100
2025-10-12T02:00,7.8,90,5.1,0.00,0.00,0.00,0.00,3,11.4,26.3,98
2025-10-12T03:00,6.6,94,4.0,0.00,0.00,0.00,0.00,0,10.3,26.3,5
2025-10-12T04:00,6.0,95,3.2,0.00,0.00,0.00,0.00,2,11.1,23.4,69
2025-10-12T05:00,6.0,94,3.3,0.00,0.00,0.00,0.00,3,10.6,24.5,100
2025-10-12T06:00,6.2,93,3.3,0.00,0.00,0.00,0.00,3,11.4,25.9,100
2025-10-12T07:00,6.2,91,3.3,0.10,0.10,0.00,0.00,51,11.0,25.6,100
2025-10-12T08:00,6.2,87,3.1,0.10,0.10,0.00,0.00,51,11.5,30.2,100
2025-10-12T09:00,6.6,85,3.3,0.10,0.10,0.00,0.00,51,13.0,29.5,100
2025-10-12T10:00,7.1,79,3.7,0.10,0.10,0.00,0.00,51,12.7,32.0,100
2025-10-12T11:00,7.5,74,4.1,0.10,0.10,0.00,0.00,51,12.2,31.0,86
2025-10-12T12:00,8.4,67,4.9,0.00,0.00,0.00,0.00,1,12.4,31.7,45
2025-10-12T13:00,9.0,63,5.5,0.00,0.00,0.00,0.00,1,11.7,31.3,45
2025-10-12T14:00,9.4,60,6.3,0.00,0.00,0.00,0.00,2,9.0,29.2,68
2025-10-12T15:00,8.8,62,5.1,0.00,0.00,0.00,0.00,2,12.6,31.3,68
2025-10-12T16:00,8.3,66,5.0,0.10,0.10,0.00,0.00,51,10.6,29.9,100
2025-10-12T17:00,7.8,70,4.7,0.00,0.00,0.00,0.00,3,9.5,26.3,100
2025-10-12T18:00,7.1,75,4.8,0.00,0.00,0.00,0.00,3,4.3,21.2,99
2025-10-12T19:00,6.6,79,4.6,0.00,0.00,0.00,0.00,3,2.7,8.3,100
2025-10-12T20:00,6.6,78,4.1,0.00,0.00,0.00,0.00,3,5.7,11.2,100
2025-10-12T21:00,6.6,80,4.1,0.00,0.00,0.00,0.00,3,6.9,12.6,100
2025-10-12T22:00,6.7,80,3.8,0.00,0.00,0.00,0.00,3,8.8,19.1,100
2025-10-12T23:00,6.6,78,3.7,0.00,0.00,0.00,0.00,3,8.9,20.5,100
2025-10-13T00:00,6.4,79,3.3,0.10,0.10,0.00,0.00,51,9.8,22.0,100
2025-10-13T01:00,5.6,83,2.2,1.00,1.00,0.00,0.00,55,12.2,26.3,100
2025-10-13T02:00,4.9,92,1.3,1.20,1.20,0.00,0.00,55,14.3,29.9,100
2025-10-13T03:00,5.1,92,1.6,1.10,1.10,0.00,0.00,55,13.3,33.5,100
2025-10-13T04:00,4.7,94,1.2,2.30,2.30,0.00,0.00,61,13.5,31.7,100
2025-10-13T05:00,4.0,97,0.7,2.70,2.70,0.00,0.00,63,12.1,30.2,100
2025-10-13T06:00,3.3,99,0.1,2.60,2.60,0.00,0.00,63,11.1,25.6,100
2025-10-13T07:00,2.7,99,-0.6,2.50,2.40,0.07,0.00,71,10.5,24.1,100
2025-10-13T08:00,3.0,98,-0.4,1.70,1.70,0.00,0.00,61,11.6,25.2,100
2025-10-13T09:00,3.0,98,-0.1,0.90,0.90,0.00,0.00,53,9.9,26.3,100
2025-10-13T10:00,4.1,94,1.1,0.80,0.80,0.00,0.00,53,9.5,27.0,100
2025-10-13T11:00,4.5,92,1.3,0.20,0.20,0.00,0.00,51,11.0,27.4,100
2025-10-13T12:00,4.8,89,1.5,0.00,0.00,0.00,0.00,3,11.6,27.7,100
2025-10-13T13:00,4.7,88,1.5,0.30,0.30,0.00,0.00,51,10.0,27.7,100
2025-10-13T14:00,4.4,90,1.4,0.60,0.60,0.00,0.00,53,9.4,24.8,100
2025-10-13T15:00,4.2,90,1.0,0.80,0.80,0.00,0.00,53,10.7,24.8,100
2025-10-13T16:00,4.1,91,0.7,0.50,0.50,0.00,0.00,53,11.9,28.4,100
2025-10-13T17:00,3.9,93,0.5,0.30,0.30,0.00,0.00,51,11.7,29.5,100
2025-10-13T18:00,3.7,93,0.4,0.10,0.10,0.00,0.00,51,11.3,28.4,100
2025-10-13T19:00,3.6,93,0.2,0.00,0.00,0.00,0.00,3,11.6,29.5,100
2025-10-13T20:00,3.7,93,0.4,0.20,0.20,0.00,0.00,51,11.3,28.4,100
2025-10-13T21:00,3.7,93,0.0,0.30,0.30,0.00,0.00,51,13.3,26.6,100
2025-10-13T22:00,3.7,93,0.3,0.10,0.10,0.00,0.00,51,12.0,31.3,100
2025-10-13T23:00,3.9,93,0.7,0.30,0.30,0.00,0.00,51,10.2,27.7,100
2025-10-14T00:00,4.0,95,0.7,0.50,0.50,0.00,0.00,53,11.6,25.2,100
2025-10-14T01:00,4.1,95,0.7,0.50,0.50,0.00,0.00,53,12.5,27.0,100
2025-10-14T02:00,4.1,95,0.6,0.40,0.40,0.00,0.00,51,13.0,28.4,100
2025-10-14T03:00,3.6,95,0.4,0.20,0.20,0.00,0.00,51,11.0,28.1,100
2025-10-14T04:00,3.9,95,0.6,0.10,0.10,0.00,0.00,51,11.4,25.2,100
2025-10-14T05:00,3.8,94,0.4,0.20,0.20,0.00,0.00,51,11.9,26.3,100
2025-10-14T06:00,3.8,94,0.4,0.40,0.40,0.00,0.00,51,12.2,26.6,100
2025-10-14T07:00,3.9,94,0.5,0.20,0.20,0.00,0.00,51,12.4,27.0,100
2025-10-14T08:00,3.9,90,0.2,0.30,0.30,0.00,0.00,51,12.9,27.4,100
2025-10-14T09:00,4.1,93,0.7,0.20,0.20,0.00,0.00,51,11.8,30.2,100
2025-10-14T10:00,4.7,88,1.3,0.10,0.10,0.00,0.00,51,11.7,30.6,100
2025-10-14T11:00,5.3,84,1.8,0.00,0.00,0.00,0.00,3,12.5,31.7,100
2025-10-14T12:00,5.6,79,2.0,0.10,0.10,0.00,0.00,51,12.7,31.7,100
2025-10-14T13:00,5.5,77,1.9,0.10,0.10,0.00,0.00,51,11.9,32.0,100
2025-10-14T14:00,5.8,74,2.2,0.10,0.10,0.00,0.00,51,11.8,32.4,100
2025-10-14T15:00,5.8,71,1.8,0.10,0.10,0.00,0.00,51,13.6,32.0,100
2025-10-14T16:00,5.1,78,1.6,0.70,0.70,0.00,0.00,53,10.9,34.2,100
2025-10-14T17:00,4.8,81,1.1,0.10,0.10,0.00,0.00,51,12.3,28.4,100
2025-10-14T18:00,4.1,86,0.6,0.10,0.10,0.00,0.00,51,11.3,28.8,100
2025-10-14T19:00,3.9,90,0.4,0.40,0.40,0.00,0.00,51,12.2,27.4,100
2025-10-14T20:00,3.9,91,0.3,0.20,0.20,0.00,0.00,51,13.0,28.8,100
2025-10-14T21:00,3.9,94,0.6,0.10,0.10,0.00,0.00,51,11.3,29.2,100
2025-10-14T22:00,4.1,93,0.9,0.00,0.00,0.00,0.00,2,11.2,26.3,66
2025-10-14T23:00,3.9,92,0.6,0.00,0.00,0.00,0.00,3,11.1,25.2,80
2025-10-15T00:00,3.6,94,0.2,0.00,0.00,0.00,0.00,3,11.2,25.2,100
2025-10-15T01:00,3.9,93,0.6,0.00,0.00,0.00,0.00,3,11.1,26.3,100
2025-10-15T02:00,3.9,92,0.6,0.10,0.10,0.00,0.00,51,11.2,25.9,100
2025-10-15T03:00,3.7,92,0.3,0.20,0.20,0.00,0.00,51,11.5,25.6,100
2025-10-15T04:00,3.7,93,-0.0,0.70,0.70,0.00,0.00,53,14.3,31.7,100
2025-10-15T05:00,3.5,94,-0.3,0.60,0.60,0.00,0.00,53,14.1,32.4,100
2025-10-15T06:00,3.5,96,0.0,0.60,0.60,0.00,0.00,53,12.2,31.0,100
2025-10-15T07:00,3.2,98,0.1,1.00,1.00,0.00,0.00,55,9.9,25.9,100
2025-10-15T08:00,3.0,98,0.0,0.70,0.70,0.00,0.00,53,8.8,21.6,100
2025-10-15T09:00,3.4,96,0.5,0.30,0.30,0.00,0.00,51,8.4,21.2,100
2025-10-15T10:00,3.9,92,0.9,0.30,0.30,0.00,0.00,51,9.2,23.0,100
2025-10-15T11:00,4.4,90,1.8,0.30,0.30,0.00,0.00,51,6.3,21.6,100
2025-10-15T12:00,4.9,86,2.4,0.30,0.30,0.00,0.00,51,5.5,19.4,100
2025-10-15T13:00,4.9,84,2.4,0.40,0.40,0.00,0.00,51,5.2,16.9,100
2025-10-15T14:00,4.6,86,2.1,0.70,0.70,0.00,0.00,53,4.9,15.5,100
2025-10-15T15:00,5.4,73,2.9,0.40,0.40,0.00,0.00,51,3.9,15.1,55
2025-10-15T16:00,5.4,70,2.8,0.00,0.00,0.00,0.00,2,3.1,11.5,75
2025-10-15T17:00,5.1,78,3.1,0.00,0.00,0.00,0.00,0,1.0,8.3,17
2025-10-15T18:00,4.2,80,2.0,0.00,0.00,0.00,0.00,1,1.4,2.5,31
2025-10-15T19:00,3.6,82,1.1,0.00,0.00,0.00,0.00,0,3.1,4.0,16
2025-10-15T20:00,3.2,82,0.6,0.00,0.00,0.00,0.00,0,3.6,9.4,19
2025-10-15T21:00,1.8,88,-1.0,0.00,0.00,0.00,0.00,0,4.9,5.8,12
2025-10-15T22:00,0.9,91,-1.9,0.00,0.00,0.00,0.00,0,4.3,10.1,0
2025-10-15T23:00,0.5,93,-2.4,0.00,0.00,0.00,0.00,0,4.8,10.1,0
2025-10-16T00:00,0.0,95,-3.0,0.00,0.00,0.00,0.00,0,4.9,10.4,0
2025-10-16T01:00,-0.6,96,-3.5,0.00,0.00,0.00,0.00,0,4.5,10.1,0
2025-10-16T02:00,-0.9,96,-3.9,0.00,0.00,0.00,0.00,0,4.5,9.4,11
2025-10-16T03:00,1.8,91,-1.0,0.00,0.00,0.00,0.00,3,4.9,9.4,93
2025-10-16T04:00,2.1,91,-0.6,0.00,0.00,0.00,0.00,3,4.8,10.4,100
2025-10-16T05:00,2.2,91,-0.6,0.00,0.00,0.00,0.00,3,5.2,10.1,100
2025-10-16T06:00,2.4,91,-0.3,0.00,0.00,0.00,0.00,3,5.0,10.8,100
2025-10-16T07:00,2.5,90,-0.2,0.00,0.00,0.00,0.00,3,4.9,9.7,98
2025-10-16T08:00,2.6,90,-0.2,0.00,0.00,0.00,0.00,1,5.8,12.2,48
2025-10-16T09:00,3.2,90,0.5,0.00,0.00,0.00,0.00,3,6.0,13.7,99
2025-10-16T10:00,4.1,85,1.3,0.00,0.00,0.00,0.00,3,6.5,17.6,100
2025-10-16T11:00,4.6,79,1.6,0.00,0.00,0.00,0.00,3,7.3,19.1,100
2025-10-16T12:00,5.2,75,1.5,0.00,0.00,0.00,0.00,3,11.7,27.4,100
2025-10-16T13:00,5.1,79,1.5,0.10,0.10,0.00,0.00,51,12.5,31.7,100
2025-10-16T14:00,5.5,82,2.2,0.10,0.10,0.00,0.00,51,11.1,32.4,100
2025-10-16T15:00,5.6,83,2.8,0.10,0.10,0.00,0.00,51,8.3,26.6,100
2025-10-16T16:00,5.6,84,2.9,0.00,0.00,0.00,0.00,3,7.5,18.4,100
2025-10-16T17:00,5.5,84,2.6,0.00,0.00,0.00,0.00,3,8.3,17.6,100
2025-10-16T18:00,5.7,79,2.3,0.00,0.00,0.00,0.00,3,10.6,23.4,100
2025-10-16T19:00,5.5,77,1.9,0.00,0.00,0.00,0.00,3,11.9,26.6,100
2025-10-16T20:00,5.3,79,1.7,0.00,0.00,0.00,0.00,3,12.0,27.7,100
2025-10-16T21:00,5.4,87,2.0,0.10,0.10,0.00,0.00,51,12.5,28.4,100
2025-10-16T22:00,5.6,89,2.2,0.10,0.10,0.00,0.00,51,13.1,29.9,100
2025-10-16T23:00,5.9,91,2.7,0.00,0.00,0.00,0.00,3,12.4,29.5,100
2025-10-17T00:00,6.1,92,3.1,0.10,0.10,0.00,0.00,51,12.4,27.7,100
2025-10-17T01:00,6.5,92,3.5,0.00,0.00,0.00,0.00,3,12.9,29.2,100
2025-10-17T02:00,6.8,91,3.8,0.00,0.00,0.00,0.00,3,13.1,29.5,100
2025-10-17T03:00,6.7,87,3.6,0.00,0.00,0.00,0.00,3,12.5,30.6,100
2025-10-17T04:00,6.7,88,3.6,0.00,0.00,0.00,0.00,3,12.6,28.1,100
2025-10-17T05:00,6.9,89,3.8,0.00,0.00,0.00,0.00,3,13.0,29.9,100
2025-10-17T06:00,6.9,89,3.8,0.00,0.00,0.00,0.00,3,13.2,30.2,100
2025-10-17T07:00,7.0,91,3.9,0.10,0.10,0.00,0.00,51,13.4,30.2,100
2025-10-17T08:00,7.1,93,4.1,0.40,0.40,0.00,0.00,51,14.0,31.3,100
2025-10-17T09:00,7.6,95,4.7,0.10,0.10,0.00,0.00,51,14.3,31.3,100
2025-10-17T10:00,8.1,92,5.3,0.00,0.00,0.00,0.00,3,13.9,33.1,100
2025-10-17T11:00,9.0,83,5.6,0.10,0.10,0.00,0.00,51,16.8,39.6,97
2025-10-17T12:00,9.5,80,6.3,0.00,0.00,0.00,0.00,3,15.6,38.2,99
2025-10-17T13:00,9.9,77,6.9,0.00,0.00,0.00,0.00,3,14.0,40.0,95
2025-10-17T14:00,10.5,74,7.5,0.00,0.00,0.00,0.00,3,13.7,37.4,100
2025-10-17T15:00,8.8,80,5.6,1.20,1.20,0.00,0.00,55,14.3,37.4,77
2025-10-17T16:00,9.0,86,6.3,0.20,0.20,0.00,0.00,51,12.9,33.5,88
2025-10-17T17:00,8.5,85,5.8,0.00,0.00,0.00,0.00,3,11.6,30.6,98
2025-10-17T18:00,8.0,88,5.4,0.10,0.10,0.00,0.00,51,11.4,25.9,100
2025-10-17T19:00,7.7,91,5.2,0.20,0.20,0.00,0.00,51,10.2,24.8,98
2025-10-17T20:00,7.5,92,4.9,0.10,0.10,0.00,0.00,51,10.7,23.8,100
2025-10-17T21:00,7.1,93,4.5,0.10,0.10,0.00,0.00,51,10.8,23.4,100
2025-10-17T22:00,7.2,94,4.7,0.00,0.00,0.00,0.00,3,10.8,23.8,94
2025-10-17T23:00,7.2,94,4.8,0.00,0.00,0.00,0.00,3,9.7,23.4,96
2025-10-18T00:00,7.1,95,4.8,0.00,0.00,0.00,0.00,3,8.8,21.2,100
2025-10-18T01:00,7.2,94,4.8,0.10,0.10,0.00,0.00,51,10.2,21.6,100
2025-10-18T02:00,7.2,95,4.9,0.10,0.10,0.00,0.00,51,9.5,23.8,100
2025-10-18T03:00,6.2,96,4.0,0.00,0.00,0.00,0.00,3,7.6,20.2,100
2025-10-18T04:00,5.6,93,2.8,0.00,0.00,0.00,0.00,3,10.5,23.8,100
2025-10-18T05:00,5.2,93,2.5,0.00,0.00,0.00,0.00,3,8.3,24.1,100
2025-10-18T06:00,5.0,93,2.6,0.00,0.00,0.00,0.00,3,6.3,19.8,100
2025-10-18T07:00,4.8,92,2.4,0.00,0.00,0.00,0.00,3,6.1,15.8,100
2025-10-18T08:00,4.6,90,2.2,0.00,0.00,0.00,0.00,3,5.4,16.2,100
2025-10-18T09:00,4.5,88,2.1,0.00,0.00,0.00,0.00,3,4.5,13.7,100
2025-10-18T10:00,5.1,83,2.7,0.00,0.00,0.00,0.00,3,4.0,13.0,88
2025-10-18T11:00,5.7,77,3.5,0.00,0.00,0.00,0.00,3,2.5,13.0,100
2025-10-18T12:00,6.4,73,4.3,0.00,0.00,0.00,0.00,3,2.3,10.4,100
2025-10-18T13:00,6.9,71,4.7,0.00,0.00,0.00,0.00,3,2.8,11.2,100
2025-10-18T14:00,7.1,70,4.9,0.00,0.00,0.00,0.00,3,2.9,11.2,100
2025-10-18T15:00,6.5,69,4.0,0.00,0.00,0.00,0.00,3,3.5,10.4,100
2025-10-18T16:00,6.7,67,4.2,0.00,0.00,0.00,0.00,3,4.0,11.2,100
2025-10-18T17:00,6.6,70,4.2,0.00,0.00,0.00,0.00,3,3.4,10.8,100
2025-10-18T18:00,6.5,72,4.1,0.00,0.00,0.00,0.00,3,3.6,7.2,100
2025-10-18T19:00,6.4,73,4.0,0.00,0.00,0.00,0.00,3,4.3,8.6,100
2025-10-18T20:00,6.2,76,3.5,0.00,0.00,0.00,0.00,3,5.9,12.6,100
2025-10-18T21:00,5.8,80,3.2,0.00,0.00,0.00,0.00,3,6.4,15.1,100
2025-10-18T22:00,5.5,83,2.7,0.00,0.00,0.00,0.00,3,7.3,15.8,100
2025-10-18T23:00,5.2,85,2.5,0.00,0.00,0.00,0.00,3,7.2,16.2,100
2025-10-19T00:00,5.1,87,2.4,0.00,0.00,0.00,0.00,3,7.2,15.8,100
2025-10-19T01:00,5.0,88,2.4,0.00,0.00,0.00,0.00,3,7.1,15.5,100
2025-10-19T02:00,5.0,88,2.3,0.00,0.00,0.00,0.00,3,7.5,16.2,100
2025-10-19T03:00,4.8,82,1.9,0.00,0.00,0.00,0.00,2,7.9,17.3,66
2025-10-19T04:00,4.5,82,1.5,0.00,0.00,0.00,0.00,3,7.5,17.3,99
2025-10-19T05:00,4.4,81,1.3,0.00,0.00,0.00,0.00,3,8.7,18.4,100
2025-10-19T06:00,4.4,81,1.2,0.00,0.00,0.00,0.00,3,9.3,20.5,100
2025-10-19T07:00,4.5,83,1.3,0.00,0.00,0.00,0.00,3,9.2,20.9,100
2025-10-19T08:00,4.7,85,1.6,0.00,0.00,0.00,0.00,3,9.0,20.2,100
2025-10-19T09:00,5.1,89,2.2,0.00,0.00,0.00,0.00,3,9.2,19.8,100
2025-10-19T10:00,5.5,89,2.5,0.00,0.00,0.00,0.00,3,10.6,25.2,100
2025-10-19T11:00,6.1,86,3.1,0.00,0.00,0.00,0.00,3,11.0,27.0,100
2025-10-19T12:00,6.7,84,3.7,0.00,0.00,0.00,0.00,3,11.0,27.0,100
2025-10-19T13:00,7.5,80,4.4,0.00,0.00,0.00,0.00,3,11.2,27.4,100
2025-10-19T14:00,7.7,78,4.7,0.00,0.00,0.00,0.00,3,11.0,27.4,100
2025-10-19T15:00,6.6,80,3.5,0.00,0.00,0.00,0.00,3,11.0,28.1,100
2025-10-19T16:00,6.6,81,3.5,0.00,0.00,0.00,0.00,3,10.5,28.4,100
2025-10-19T17:00,6.3,85,3.5,0.00,0.00,0.00,0.00,3,9.4,24.5,100
2025-10-19T18:00,6.2,86,3.4,0.00,0.00,0.00,0.00,3,9.4,21.2,100
2025-10-19T19:00,6.1,87,3.3,0.00,0.00,0.00,0.00,3,9.8,22.0,100
2025-10-19T20:00,6.1,88,3.2,0.10,0.10,0.00,0.00,51,10.2,23.0,100
2025-10-19T21:00,6.0,92,3.3,0.00,0.00,0.00,0.00,3,9.7,23.0,100
2025-10-19T22:00,6.1,92,3.4,0.10,0.10,0.00,0.00,51,9.4,21.6,100
2025-10-19T23:00,6.1,93,3.5,0.10,0.10,0.00,0.00,51,9.2,20.5,100
2025-10-20T00:00,6.0,93,3.5,0.10,0.10,0.00,0.00,51,8.7,20.2,100
2025-10-20T01:00,5.9,95,3.4,0.10,0.10,0.00,0.00,51,8.7,19.1,100
2025-10-20T02:00,5.8,95,3.2,0.10,0.10,0.00,0.00,51,8.8,19.4,100
2025-10-20T03:00,5.2,93,2.7,0.10,0.10,0.00,0.00,51,7.1,19.8,99
2025-10-20T04:00,5.0,94,2.5,0.00,0.00,0.00,0.00,3,7.7,16.2,99
2025-10-20T05:00,4.7,95,2.0,0.00,0.00,0.00,0.00,3,8.6,18.0,100
2025-10-20T06:00,4.6,95,1.9,0.00,0.00,0.00,0.00,3,8.3,18.7,100
2025-10-20T07:00,4.3,96,1.5,0.00,0.00,0.00,0.00,3,8.4,18.4,100
2025-10-20T08:00,4.3,95,1.5,0.00,0.00,0.00,0.00,3,8.4,18.7,98
2025-10-20T09:00,5.0,93,2.1,0.00,0.00,0.00,0.00,3,10.3,23.8,94
2025-10-20T10:00,6.3,87,3.1,0.00,0.00,0.00,0.00,3,11.8,28.4,100
2025-10-20T11:00,7.1,83,4.0,0.00,0.00,0.00,0.00,3,11.9,29.5,100
2025-10-20T12:00,7.5,80,4.4,0.00,0.00,0.00,0.00,3,11.2,29.5,100
2025-10-20T13:00,7.9,77,4.9,0.00,0.00,0.00,0.00,3,10.6,28.1,91
2025-10-20T14:00,8.4,72,5.4,0.00,0.00,0.00,0.00,3,10.6,26.3,96
2025-10-20T15:00,7.6,71,4.3,0.00,0.00,0.00,0.00,3,11.2,28.1,100
2025-10-20T16:00,7.6,71,4.4,0.00,0.00,0.00,0.00,3,10.3,29.9,100
2025-10-20T17:00,7.3,73,4.1,0.00,0.00,0.00,0.00,3,10.6,23.8,100
2025-10-20T18:00,6.9,75,3.7,0.00,0.00,0.00,0.00,3,10.8,24.5,100
2025-10-20T19:00,6.5,78,3.1,0.00,0.00,0.00,0.00,3,12.0,27.4,100
2025-10-20T20:00,6.1,81,2.7,0.00,0.00,0.00,0.00,3,11.7,28.1,100
2025-10-20T21:00,5.4,85,2.2,0.00,0.00,0.00,0.00,3,10.7,27.0,100
2025-10-20T22:00,5.2,86,2.0,0.00,0.00,0.00,0.00,3,10.6,24.8,100
2025-10-20T23:00,5.1,87,1.9,0.00,0.00,0.00,0.00,3,10.9,25.2,100
2025-10-21T00:00,5.0,88,1.8,0.00,0.00,0.00,0.00,3,11.3,25.9,100
2025-10-21T01:00,4.9,88,1.6,0.10,0.10,0.00,0.00,51,11.4,26.6,100
2025-10-21T02:00,4.7,90,1.3,0.30,0.30,0.00,0.00,51,12.0,27.4,100
2025-10-21T03:00,3.8,93,0.3,0.40,0.40,0.00,0.00,51,12.4,27.4,100
2025-10-21T04:00,3.7,94,0.2,0.40,0.40,0.00,0.00,51,12.5,28.8,100
2025-10-21T05:00,3.7,95,0.3,0.30,0.30,0.00,0.00,51,11.9,27.4,100
2025-10-21T06:00,3.7,95,0.3,0.20,0.20,0.00,0.00,51,12.5,27.7,100
2025-10-21T07:00,3.8,95,0.4,0.10,0.10,0.00,0.00,51,12.0,27.4,100
2025-10-21T08:00,3.8,95,0.4,0.10,0.10,0.00,0.00,51,11.8,26.6,100
2025-10-21T09:00,3.2,95,-0.4,0.10,0.10,0.00,0.00,51,12.4,27.0,100
2025-10-21T10:00,3.6,94,0.3,0.00,0.00,0.00,0.00,3,11.4,27.7,100
2025-10-21T11:00,3.8,94,0.6,0.10,0.10,0.00,0.00,51,10.7,26.3,100
2025-10-21T12:00,4.2,92,1.0,0.10,0.10,0.00,0.00,51,10.7,25.2,100
2025-10-21T13:00,4.8,91,1.7,0.10,0.10,0.00,0.00,51,10.3,25.2,100
2025-10-21T14:00,5.0,90,2.1,0.10,0.10,0.00,0.00,51,9.8,24.5,100
2025-10-21T15:00,4.1,91,1.0,0.00,0.00,0.00,0.00,3,9.5,23.0,100
2025-10-21T16:00,4.2,92,1.4,0.00,0.00,0.00,0.00,3,7.7,22.7,100
2025-10-21T17:00,4.3,92,1.7,0.00,0.00,0.00,0.00,3,6.4,19.4,100
2025-10-21T18:00,4.3,93,1.7,0.00,0.00,0.00,0.00,3,6.8,14.0,100
2025-10-21T19:00,4.4,93,1.9,0.00,0.00,0.00,0.00,3,6.5,14.8,100
2025-10-21T20:00,4.5,93,2.1,0.00,0.00,0.00,0.00,3,6.2,14.0,100
2025-10-21T21:00,4.5,95,2.0,0.00,0.00,0.00,0.00,3,6.8,13.7,100
2025-10-21T22:00,4.6,96,2.1,0.00,0.00,0.00,0.00,3,7.1,15.5,100
2025-10-21T23:00,4.7,96,2.2,0.00,0.00,0.00,0.00,3,6.9,15.1,99
2025-10-22T00:00,4.7,97,2.4,0.00,0.00,0.00,0.00,3,5.7,14.8,100
2025-10-22T01:00,4.6,98,2.4,0.00,0.00,0.00,0.00,3,5.3,12.2,100
2025-10-22T02:00,4.6,98,2.4,0.00,0.00,0.00,0.00,3,5.4,11.2,100
2025-10-22T03:00,4.2,96,1.8,0.00,0.00,0.00,0.00,3,5.8,11.9,100
2025-10-22T04:00,4.3,95,1.8,0.00,0.00,0.00,0.00,3,6.5,15.8,100
2025-10-22T05:00,4.3,94,1.9,0.00,0.00,0.00,0.00,3,6.1,16.2,100
2025-10-22T06:00,4.4,95,2.0,0.00,0.00,0.00,0.00,3,6.0,15.1,100
2025-10-22T07:00,4.4,95,2.1,0.00,0.00,0.00,0.00,3,5.3,14.4,100
2025-10-22T08:00,4.6,93,2.1,0.00,0.00,0.00,0.00,3,6.7,16.6,100
2025-10-22T09:00,4.3,95,2.0,0.00,0.00,0.00,0.00,3,5.1,16.9,100
2025-10-22T10:00,4.6,93,2.4,0.00,0.00,0.00,0.00,3,4.3,13.3,100
2025-10-22T11:00,5.2,90,3.1,0.00,0.00,0.00,0.00,3,4.3,13.3,100
2025-10-22T12:00,6.2,80,4.1,0.00,0.00,0.00,0.00,3,2.9,13.3,100
2025-10-22T13:00,6.7,76,4.7,0.00,0.00,0.00,0.00,3,2.3,10.4,100
2025-10-22T14:00,6.8,74,4.7,0.00,0.00,0.00,0.00,3,2.6,9.4,100
2025-10-22T15:00,6.1,76,3.7,0.00,0.00,0.00,0.00,3,4.4,9.7,100
2025-10-22T16:00,6.1,74,3.6,0.00,0.00,0.00,0.00,3,4.6,13.0,98
2025-10-22T17:00,5.9,78,3.8,0.00,0.00,0.00,0.00,3,2.7,12.2,100
2025-10-22T18:00,5.5,81,3.1,0.00,0.00,0.00,0.00,3,4.9,10.1,100
2025-10-22T19:00,5.0,84,2.5,0.00,0.00,0.00,0.00,3,5.3,10.8,98
2025-10-22T20:00,4.4,87,1.9,0.00,0.00,0.00,0.00,2,4.8,10.4,70
2025-10-22T21:00,5.5,87,3.3,0.00,0.00,0.00,0.00,3,5.0,9.0,93
2025-10-22T22:00,5.1,88,2.7,0.00,0.00,0.00,0.00,2,5.6,10.8,71
2025-10-22T23:00,4.7,88,2.1,0.00,0.00,0.00,0.00,2,6.0,12.2,73
2025-10-23T00:00,4.2,89,1.5,0.00,0.00,0.00,0.00,3,6.1,12.6,100
2025-10-23T01:00,3.9,89,1.5,0.00,0.00,0.00,0.00,3,4.5,12.2,98
2025-10-23T02:00,3.7,90,1.3,0.00,0.00,0.00,0.00,3,3.9,7.9,91
2025-10-23T03:00,3.9,86,1.3,0.00,0.00,0.00,0.00,3,5.1,8.3,80
2025-10-23T04:00,3.5,87,0.8,0.00,0.00,0.00,0.00,3,6.0,13.0,80
2025-10-23T05:00,3.0,89,0.2,0.00,0.00,0.00,0.00,2,5.4,11.9,52
2025-10-23T06:00,2.8,88,0.1,0.00,0.00,0.00,0.00,2,4.8,10.4,75
2025-10-23T07:00,2.8,87,0.1,0.00,0.00,0.00,0.00,3,4.8,9.0,100
2025-10-23T08:00,3.0,85,0.4,0.00,0.00,0.00,0.00,3,4.0,9.0,100
2025-10-23T09:00,4.0,87,1.8,0.00,0.00,0.00,0.00,3,2.8,7.2,98
2025-10-23T10:00,4.8,77,2.3,0.00,0.00,0.00,0.00,3,3.7,9.4,90
2025-10-23T11:00,5.3,71,2.3,0.00,0.00,0.00,0.00,3,5.7,14.8,100
2025-10-23T12:00,6.0,67,2.9,0.00,0.00,0.00,0.00,3,6.6,18.0,100
2025-10-23T13:00,6.0,67,2.9,0.10,0.10,0.00,0.00,51,7.0,18.7,100
2025-10-23T14:00,6.1,70,2.9,0.00,0.00,0.00,0.00,3,8.6,19.8,100
2025-10-23T15:00,6.4,59,2.9,0.00,0.00,0.00,0.00,3,7.9,24.1,100
2025-10-23T16:00,6.4,63,3.5,0.00,0.00,0.00,0.00,3,4.9,19.4,100
2025-10-23T17:00,6.0,67,3.3,0.00,0.00,0.00,0.00,3,4.4,10.8,100
2025-10-23T18:00,5.6,69,2.7,0.00,0.00,0.00,0.00,3,6.0,11.5,100
2025-10-23T19:00,5.6,72,2.4,0.00,0.00,0.00,0.00,3,7.8,15.8,100
2025-10-23T20:00,5.4,76,2.2,0.00,0.00,0.00,0.00,3,9.0,19.1,100
2025-10-23T21:00,4.9,81,1.7,0.00,0.00,0.00,0.00,3,9.7,20.5,100
2025-10-23T22:00,4.8,81,1.5,0.00,0.00,0.00,0.00,3,10.3,22.7,100
2025-10-23T23:00,4.9,79,1.4,0.00,0.00,0.00,0.00,3,10.6,23.8,100
2025-10-24T00:00,4.9,79,1.4,0.00,0.00,0.00,0.00,3,10.8,24.5,100
2025-10-24T01:00,4.9,83,1.6,0.00,0.00,0.00,0.00,3,10.2,24.1,100
2025-10-24T02:00,5.0,84,1.8,0.00,0.00,0.00,0.00,3,10.0,23.0,100
2025-10-24T03:00,5.3,81,2.2,0.00,0.00,0.00,0.00,3,9.0,22.3,100
2025-10-24T04:00,5.3,82,2.2,0.00,0.00,0.00,0.00,3,9.7,20.9,100
2025-10-24T05:00,5.4,85,2.3,0.30,0.30,0.00,0.00,51,10.1,21.6,100
2025-10-24T06:00,5.3,90,2.3,0.60,0.60,0.00,0.00,53,10.7,22.3,100
2025-10-24T07:00,5.4,93,2.5,0.30,0.30,0.00,0.00,51,10.8,22.7,100
2025-10-24T08:00,5.7,94,2.8,0.20,0.20,0.00,0.00,51,11.0,23.0,100
2025-10-24T09:00,6.1,95,3.1,0.10,0.10,0.00,0.00,51,12.3,25.6,100
2025-10-24T10:00,6.4,94,3.4,0.10,0.10,0.00,0.00,51,12.8,27.4,100
2025-10-24T11:00,7.1,91,4.1,0.10,0.10,0.00,0.00,51,13.2,29.2,100
2025-10-24T12:00,7.6,89,4.9,0.10,0.10,0.00,0.00,51,11.4,29.9,100
2025-10-24T13:00,8.0,88,5.7,0.10,0.10,0.00,0.00,51,9.1,25.6,100
2025-10-24T14:00,8.1,89,6.0,0.00,0.00,0.00,0.00,3,8.2,21.2,100
2025-10-24T15:00,9.5,83,7.2,0.00,0.00,0.00,0.00,3,9.8,29.2,80
2025-10-24T16:00,9.8,76,6.9,0.00,0.00,0.00,0.00,3,12.6,28.8,98
2025-10-24T17:00,9.2,77,6.2,0.00,0.00,0.00,0.00,1,12.8,28.8,35
2025-10-24T18:00,8.5,80,5.4,0.00,0.00,0.00,0.00,0,13.2,28.8,3
2025-10-24T19:00,7.9,83,4.8,0.00,0.00,0.00,0.00,1,13.3,29.2,20
2025-10-24T20:00,7.8,84,4.7,0.00,0.00,0.00,0.00,2,13.1,29.2,75
2025-10-24T21:00,8.0,85,5.0,0.00,0.00,0.00,0.00,3,12.4,29.2,100
2025-10-24T22:00,8.4,84,5.5,0.00,0.00,0.00,0.00,3,12.2,28.1,100
2025-10-24T23:00,8.4,84,5.7,0.00,0.00,0.00,0.00,3,11.2,27.7,100
2025-10-25T00:00,8.3,85,5.6,0.00,0.00,0.00,0.00,3,10.9,24.8,100
2025-10-25T01:00,8.2,85,5.5,0.00,0.00,0.00,0.00,3,10.8,24.5,100
2025-10-25T02:00,8.1,85,5.5,0.00,0.00,0.00,0.00,3,10.3,24.1,100
2025-10-25T03:00,8.7,88,6.4,0.00,0.00,0.00,0.00,3,10.2,23.0,100
2025-10-25T04:00,8.7,89,6.5,0.00,0.00,0.00,0.00,3,9.7,22.0,100
2025-10-25T05:00,8.7,90,6.4,0.00,0.00,0.00,0.00,3,10.6,23.0,100
2025-10-25T06:00,8.9,90,6.8,0.00,0.00,0.00,0.00,3,9.5,23.0,86
2025-10-25T07:00,8.6,92,6.3,0.00,0.00,0.00,0.00,1,10.6,22.7,41
2025-10-25T08:00,8.6,93,6.2,0.00,0.00,0.00,0.00,3,11.7,25.2,98
2025-10-25T09:00,9.1,93,6.7,0.00,0.00,0.00,0.00,3,13.0,28.1,100
2025-10-25T10:00,9.2,92,6.8,0.00,0.00,0.00,0.00,3,12.7,29.5,100
2025-10-25T11:00,9.4,91,7.0,0.00,0.00,0.00,0.00,3,12.6,31.0,100
2025-10-25T12:00,10.0,88,7.1,0.00,0.00,0.00,0.00,2,15.7,35.3,66
2025-10-25T13:00,11.2,81,8.0,0.00,0.00,0.00,0.00,3,18.2,42.8,91
2025-10-25T14:00,11.9,77,8.8,0.00,0.00,0.00,0.00,1,17.2,42.8,37
2025-10-25T15:00,10.3,81,7.0,0.00,0.00,0.00,0.00,3,17.4,45.0,100
2025-10-25T16:00,10.4,81,7.6,0.00,0.00,0.00,0.00,3,14.7,38.9,100
2025-10-25T17:00,10.2,81,7.3,0.00,0.00,0.00,0.00,2,14.8,35.3,55
2025-10-25T18:00,10.1,80,6.9,0.00,0.00,0.00,0.00,2,16.5,37.4,62
2025-10-25T19:00,9.9,79,6.5,0.00,0.00,0.00,0.00,3,17.1,39.2,100
2025-10-25T20:00,9.9,76,6.5,0.00,0.00,0.00,0.00,3,16.1,39.2,100
2025-10-25T21:00,10.5,74,7.1,0.00,0.00,0.00,0.00,3,16.0,37.1,100
2025-10-25T22:00,10.0,76,6.6,0.00,0.00,0.00,0.00,3,16.2,37.1,100
2025-10-25T23:00,9.3,83,5.9,0.30,0.30,0.00,0.00,51,16.7,38.2,100
2025-10-26T00:00,8.5,90,5.2,0.80,0.80,0.00,0.00,53,17.2,38.5,100
2025-10-26T01:00,7.9,95,4.7,1.00,1.00,0.00,0.00,55,16.9,38.2,100
2025-10-26T02:00,7.6,96,4.4,0.50,0.50,0.00,0.00,53,16.5,36.4,100
2025-10-26T03:00,7.6,96,4.4,0.20,0.20,0.00,0.00,51,16.3,36.0,100
2025-10-26T04:00,7.7,97,4.8,0.20,0.20,0.00,0.00,51,14.8,35.3,100
2025-10-26T05:00,8.0,97,5.6,0.40,0.40,0.00,0.00,51,12.5,32.4,100
2025-10-26T06:00,8.2,98,5.6,0.30,0.30,0.00,0.00,51,13.6,27.4,100
2025-10-26T07:00,7.9,93,5.0,0.20,0.20,0.00,0.00,51,14.2,29.9,100
2025-10-26T08:00,7.6,93,4.6,0.10,0.10,0.00,0.00,51,14.3,29.9,100
2025-10-26T09:00,7.5,92,4.5,0.10,0.10,0.00,0.00,51,14.3,30.6,100
2025-10-26T10:00,7.6,90,4.6,0.00,0.00,0.00,0.00,3,13.4,31.3,98
2025-10-26T11:00,7.8,85,4.4,0.10,0.10,0.00,0.00,51,15.9,36.7,95
2025-10-26T12:00,8.0,75,4.0,0.10,0.10,0.00,0.00,51,17.1,40.7,100
2025-10-26T13:00,7.5,78,3.4,0.10,0.10,0.00,0.00,51,17.9,45.7,100
2025-10-26T14:00,7.2,82,3.8,0.20,0.20,0.00,0.00,51,13.8,41.4,100
2025-10-26T15:00,7.5,72,3.5,0.20,0.20,0.00,0.00,51,16.0,33.1,55
2025-10-26T16:00,7.5,73,4.4,0.00,0.00,0.00,0.00,2,10.1,40.3,78
2025-10-26T17:00,7.2,75,4.2,0.00,0.00,0.00,0.00,2,9.8,23.0,73
2025-10-26T18:00,6.8,77,3.7,0.00,0.00,0.00,0.00,2,10.4,22.3,59
2025-10-26T19:00,6.5,78,3.2,0.00,0.00,0.00,0.00,2,11.7,25.2,60
2025-10-26T20:00,5.9,83,2.7,0.20,0.20,0.00,0.00,51,10.7,27.7,49
2025-10-26T21:00,5.8,83,2.4,0.00,0.00,0.00,0.00,1,12.1,26.3,49
2025-10-26T22:00,5.6,84,2.2,0.00,0.00,0.00,0.00,0,11.7,25.9,7
2025-10-26T23:00,5.3,84,2.0,0.00,0.00,0.00,0.00,0,11.2,25.6,0
2025-10-27T00:00,4.9,85,1.5,0.00,0.00,0.00,0.00,0,11.0,24.1,10
2025-10-27T01:00,4.6,84,1.2,0.10,0.10,0.00,0.00,51,11.2,24.1,11
2025-10-27T02:00,4.3,84,0.9,0.00,0.00,0.00,0.00,0,10.7,23.8,2
2025-10-27T03:00,4.0,86,0.6,0.00,0.00,0.00,0.00,0,10.1,22.3,2
2025-10-27T04:00,3.9,86,0.5,0.00,0.00,0.00,0.00,0,10.6,21.6,6
2025-10-27T05:00,3.7,88,0.4,0.00,0.00,0.00,0.00,0,10.4,21.6,5
2025-10-27T06:00,3.6,89,0.2,0.00,0.00,0.00,0.00,3,10.9,22.7,100
2025-10-27T07:00,3.7,89,0.2,0.00,0.00,0.00,0.00,3,11.1,23.4,100
2025-10-27T08:00,3.7,90,0.3,0.00,0.00,0.00,0.00,3,11.5,24.5,98
2025-10-27T09:00,4.8,92,1.6,0.00,0.00,0.00,0.00,3,11.8,25.2,85
2025-10-27T10:00,6.1,89,2.5,0.00,0.00,0.00,0.00,3,14.9,31.7,100
2025-10-27T11:00,7.1,86,3.5,0.00,0.00,0.00,0.00,3,15.8,36.0,100
2025-10-27T12:00,7.8,83,4.2,0.00,0.00,0.00,0.00,3,16.4,37.8,100
2025-10-27T13:00,8.5,81,6.1,0.00,0.00,0.00,0.00,3,8.5,37.8,100
2025-10-27T14:00,8.9,79,6.4,0.00,0.00,0.00,0.00,3,9.3,22.3,100
2025-10-27T15:00,9.0,80,6.1,0.00,0.00,0.00,0.00,3,12.1,27.7,80
2025-10-27T16:00,8.7,81,5.6,0.10,0.10,0.00,0.00,51,13.5,31.7,100
2025-10-27T17:00,8.3,84,5.2,0.10,0.10,0.00,0.00,51,13.7,32.4,100
2025-10-27T18:00,8.1,85,5.3,0.00,0.00,0.00,0.00,3,12.0,31.0,100
2025-10-27T19:00,8.0,86,5.3,0.00,0.00,0.00,0.00,3,11.4,27.7,100
2025-10-27T20:00,8.0,86,5.2,0.00,0.00,0.00,0.00,3,11.8,27.0,100
2025-10-27T21:00,7.9,93,4.7,0.70,0.70,0.00,0.00,53,16.7,30.6,100
2025-10-27T22:00,7.5,89,3.9,0.70,0.70,0.00,0.00,53,17.3,38.9,100
2025-10-27T23:00,7.1,93,4.1,1.10,1.10,0.00,0.00,55,13.5,37.8,100
2025-10-28T00:00,7.1,94,4.4,0.80,0.80,0.00,0.00,53,11.6,28.8,100
2025-10-28T01:00,6.9,96,4.3,0.90,0.90,0.00,0.00,53,11.6,24.8,100
2025-10-28T02:00,6.9,96,4.0,0.70,0.70,0.00,0.00,53,13.1,27.7,100
2025-10-28T03:00,6.6,95,3.7,0.50,0.50,0.00,0.00,53,12.7,29.9,100
2025-10-28T04:00,6.4,95,3.6,0.40,0.40,0.00,0.00,51,12.0,27.0,100
2025-10-28T05:00,6.0,96,3.1,0.60,0.60,0.00,0.00,53,11.5,25.9,100
2025-10-28T06:00,5.7,96,2.8,0.80,0.80,0.00,0.00,53,11.2,24.5,100
2025-10-28T07:00,5.5,96,2.5,1.10,1.10,0.00,0.00,55,11.5,25.2,100
2025-10-28T08:00,5.3,95,2.4,0.60,0.60,0.00,0.00,53,10.2,24.5,100
2025-10-28T09:00,5.4,95,2.7,0.10,0.10,0.00,0.00,51,9.4,23.0,100
2025-10-28T10:00,5.8,92,2.9,0.00,0.00,0.00,0.00,3,11.1,25.2,100
2025-10-28T11:00,6.2,90,3.3,0.00,0.00,0.00,0.00,3,10.7,25.6,100
2025-10-28T12:00,6.5,92,4.0,0.10,0.10,0.00,0.00,51,8.6,25.6,100
2025-10-28T13:00,7.3,91,5.1,0.10,0.10,0.00,0.00,51,8.0,20.9,100
2025-10-28T14:00,7.7,88,5.2,0.10,0.10,0.00,0.00,51,9.9,23.0,93
2025-10-28T15:00,7.3,90,4.8,0.00,0.00,0.00,0.00,3,9.9,29.5,100
2025-10-28T16:00,7.0,84,3.8,0.10,0.10,0.00,0.00,51,12.7,29.2,100
2025-10-28T17:00,6.5,82,3.2,0.00,0.00,0.00,0.00,3,11.9,29.5,100
2025-10-28T18:00,6.2,80,3.1,0.00,0.00,0.00,0.00,3,10.6,26.3,100
2025-10-28T19:00,6.1,80,3.0,0.00,0.00,0.00,0.00,3,9.8,23.0,100
2025-10-28T20:00,5.9,78,2.8,0.00,0.00,0.00,0.00,3,9.5,21.6,95
2025-10-28T21:00,5.5,83,2.3,0.00,0.00,0.00,0.00,2,10.2,20.9,75
2025-10-28T22:00,5.5,81,2.3,0.00,0.00,0.00,0.00,3,10.2,22.7,91
2025-10-28T23:00,5.4,82,2.3,0.00,0.00,0.00,0.00,2,9.5,21.2,59
2025-10-29T00:00,4.8,85,1.4,0.00,0.00,0.00,0.00,3,11.1,23.8,96
2025-10-29T01:00,4.0,90,0.6,0.40,0.40,0.00,0.00,51,11.5,27.7,98
2025-10-29T02:00,4.0,93,0.9,0.10,0.10,0.00,0.00,51,10.1,24.5,100
2025-10-29T03:00,5.0,93,1.9,0.00,0.00,0.00,0.00,3,11.1,24.5,100
2025-10-29T04:00,4.6,85,1.2,0.30,0.30,0.00,0.00,51,11.0,25.2,100
2025-10-29T05:00,4.3,91,1.2,0.60,0.60,0.00,0.00,53,9.9,23.0,100
2025-10-29T06:00,4.1,95,1.1,0.10,0.10,0.00,0.00,51,10.1,22.0,99
2025-10-29T07:00,4.3,96,1.4,0.00,0.00,0.00,0.00,3,9.2,21.6,100
2025-10-29T08:00,4.7,96,2.1,0.00,0.00,0.00,0.00,3,8.5,20.2,100
2025-10-29T09:00,5.5,94,2.7,0.00,0.00,0.00,0.00,3,10.4,23.0,100
2025-10-29T10:00,6.0,89,3.2,0.00,0.00,0.00,0.00,3,10.2,25.6,98
2025-10-29T11:00,6.3,87,3.5,0.10,0.10,0.00,0.00,51,9.3,27.7,100
2025-10-29T12:00,6.7,83,3.7,0.10,0.10,0.00,0.00,51,10.6,30.6,100
2025-10-29T13:00,7.2,78,4.3,0.10,0.10,0.00,0.00,51,9.1,30.6,58
2025-10-29T14:00,7.6,76,4.9,0.40,0.40,0.00,0.00,51,7.4,22.7,76
2025-10-29T15:00,6.9,83,4.3,0.10,0.10,0.00,0.00,51,7.6,24.1,68
2025-10-29T16:00,6.7,86,4.4,0.00,0.00,0.00,0.00,3,6.1,17.3,100
2025-10-29T17:00,5.6,90,3.4,0.30,0.30,0.00,0.00,51,4.8,12.6,94
2025-10-29T18:00,5.3,91,2.9,0.00,0.00,0.00,0.00,2,6.5,13.3,52
2025-10-29T19:00,5.4,92,3.0,0.00,0.00,0.00,0.00,2,7.3,16.9,62
2025-10-29T20:00,4.8,94,2.3,0.00,0.00,0.00,0.00,2,6.9,15.5,73
2025-10-29T21:00,5.0,95,2.5,0.00,0.00,0.00,0.00,3,7.5,16.2,92
2025-10-29T22:00,4.9,95,2.4,0.00,0.00,0.00,0.00,3,7.0,15.1,92
2025-10-29T23:00,4.6,96,2.0,0.00,0.00,0.00,0.00,2,7.9,15.8,66
2025-10-30T00:00,4.5,97,1.8,0.00,0.00,0.00,0.00,3,8.5,16.2,84
2025-10-30T01:00,4.3,97,1.7,0.00,0.00,0.00,0.00,3,8.2,16.9,99
2025-10-30T02:00,4.1,98,1.4,0.00,0.00,0.00,0.00,0,8.5,16.6,9
2025-10-30T03:00,4.5,97,1.9,0.00,0.00,0.00,0.00,3,7.8,17.6,99
2025-10-30T04:00,5.1,97,2.5,0.00,0.00,0.00,0.00,3,8.6,18.7,80
2025-10-30T05:00,4.5,97,1.9,0.00,0.00,0.00,0.00,2,7.9,17.3,69
2025-10-30T06:00,4.3,98,1.6,0.00,0.00,0.00,0.00,1,8.3,16.6,30
2025-10-30T07:00,3.9,98,1.2,0.00,0.00,0.00,0.00,3,8.1,16.6,100
2025-10-30T08:00,4.0,98,1.3,0.00,0.00,0.00,0.00,3,8.6,16.9,100
2025-10-30T09:00,5.6,97,2.9,0.00,0.00,0.00,0.00,3,9.9,22.7,100
2025-10-30T10:00,6.0,95,3.3,0.00,0.00,0.00,0.00,3,10.1,24.8,100
2025-10-30T11:00,6.1,93,3.4,0.00,0.00,0.00,0.00,3,10.3,25.6,100
2025-10-30T12:00,6.6,86,3.9,0.00,0.00,0.00,0.00,3,9.6,25.6,92
2025-10-30T13:00,7.3,79,4.5,0.00,0.00,0.00,0.00,2,9.0,24.1,54
2025-10-30T14:00,8.0,71,5.1,0.00,0.00,0.00,0.00,2,8.6,23.0,52
2025-10-30T15:00,7.4,78,4.8,0.00,0.00,0.00,0.00,1,7.1,21.2,48
2025-10-30T16:00,7.3,82,5.8,0.00,0.00,0.00,0.00,3,0.9,16.2,99
2025-10-30T17:00,6.8,82,4.9,0.00,0.00,0.00,0.00,3,3.1,6.8,100
2025-10-30T18:00,6.6,83,4.4,0.00,0.00,0.00,0.00,2,5.2,9.7,50
2025-10-30T19:00,6.4,85,4.1,0.00,0.00,0.00,0.00,3,5.6,11.2,100
2025-10-30T20:00,6.5,86,4.3,0.00,0.00,0.00,0.00,3,5.2,11.5,100
2025-10-30T21:00,5.4,94,3.4,0.00,0.00,0.00,0.00,2,4.5,10.4,52
2025-10-30T22:00,5.2,94,3.0,0.00,0.00,0.00,0.00,3,5.2,11.5,100
2025-10-30T23:00,4.8,95,2.5,0.00,0.00,0.00,0.00,3,5.9,11.9,100
2025-10-31T00:00,5.1,96,2.7,0.00,0.00,0.00,0.00,3,6.8,14.4,100
2025-10-31T01:00,5.3,97,3.1,0.00,0.00,0.00,0.00,2,6.5,14.4,73
2025-10-31T02:00,4.5,98,2.0,0.00,0.00,0.00,0.00,3,7.0,14.0,100
2025-10-31T03:00,5.3,94,2.7,0.00,0.00,0.00,0.00,3,8.5,16.2,100
2025-10-31T04:00,5.9,92,3.1,0.00,0.00,0.00,0.00,3,10.0,20.5,100
2025-10-31T05:00,6.1,92,3.0,0.00,0.00,0.00,0.00,3,12.1,25.9,100
2025-10-31T06:00,6.0,93,2.9,0.00,0.00,0.00,0.00,3,13.0,28.4,100
2025-10-31T07:00,6.2,91,2.9,0.00,0.00,0.00,0.00,3,13.6,30.2,100
2025-10-31T08:00,6.1,90,2.6,0.10,0.10,0.00,0.00,51,14.8,33.1,100
2025-10-31T09:00,6.4,90,2.8,0.50,0.50,0.00,0.00,53,16.2,36.0,100
2025-10-31T10:00,6.5,89,2.6,0.60,0.60,0.00,0.00,53,17.6,39.2,100
2025-10-31T11:00,6.3,90,2.5,0.60,0.60,0.00,0.00,53,17.5,39.6,100
2025-10-31T12:00,6.2,91,2.4,1.00,1.00,0.00,0.00,55,17.5,39.2,100
2025-10-31T13:00,5.9,94,2.2,1.30,1.30,0.00,0.00,61,16.8,38.5,100
2025-10-31T14:00,5.7,95,2.2,1.10,1.10,0.00,0.00,55,15.3,36.4,100
2025-10-31T15:00,5.6,95,2.4,1.20,1.20,0.00,0.00,55,12.9,33.1,100
2025-10-31T16:00,5.2,95,2.1,1.00,1.00,0.00,0.00,55,11.9,28.1,100
2025-10-31T17:00,4.9,96,1.9,0.70,0.70,0.00,0.00,53,11.0,26.3,100
2025-10-31T18:00,4.7,96,1.7,0.60,0.60,0.00,0.00,53,10.7,23.8,100
2025-10-31T19:00,4.6,96,1.6,0.70,0.70,0.00,0.00,53,10.3,22.7,100
2025-10-31T20:00,4.5,96,1.5,0.40,0.40,0.00,0.00,51,10.2,22.3,100
2025-10-31T21:00,5.0,96,2.3,0.10,0.10,0.00,0.00,51,9.5,22.0,100
2025-10-31T22:00,5.2,96,2.4,0.00,0.00,0.00,0.00,3,10.1,21.2,100
2025-10-31T23:00,5.2,95,2.3,0.00,0.00,0.00,0.00,3,10.5,23.8,100
2025-11-01T00:00,5.1,95,2.4,0.00,0.00,0.00,0.00,3,9.2,22.7,100
2025-11-01T01:00,5.1,95,2.5,0.00,0.00,0.00,0.00,3,8.5,19.4,100
2025-11-01T02:00,5.2,95,2.4,0.00,0.00,0.00,0.00,3,9.4,20.2,100
2025-11-01T03:00,5.2,95,2.4,0.00,0.00,0.00,0.00,3,10.0,21.2,100
2025-11-01T04:00,5.2,95,2.6,0.00,0.00,0.00,0.00,3,8.9,22.0,100
2025-11-01T05:00,5.2,95,2.4,0.00,0.00,0.00,0.00,3,9.6,21.2,100
2025-11-01T06:00,5.1,93,2.2,0.00,0.00,0.00,0.00,3,10.4,23.0,100
2025-11-01T07:00,5.0,93,2.0,0.00,0.00,0.00,0.00,3,10.5,23.8,100
2025-11-01T08:00,4.8,92,1.9,0.00,0.00,0.00,0.00,3,9.5,23.4,100
2025-11-01T09:00,5.1,91,2.4,0.00,0.00,0.00,0.00,3,8.7,21.6,100
2025-11-01T10:00,5.3,87,2.6,0.00,0.00,0.00,0.00,3,7.7,20.5,100
2025-11-01T11:00,5.4,85,2.7,0.00,0.00,0.00,0.00,3,7.3,20.2,100
2025-11-01T12:00,5.5,84,2.8,0.00,0.00,0.00,0.00,3,7.6,19.4,100
2025-11-01T13:00,6.0,81,3.3,0.00,0.00,0.00,0.00,3,7.0,20.2,100
2025-11-01T14:00,6.3,78,3.6,0.00,0.00,0.00,0.00,3,6.5,18.4,100
2025-11-01T15:00,6.4,79,4.0,0.00,0.00,0.00,0.00,3,5.4,17.3,100
2025-11-01T16:00,6.3,80,4.2,0.00,0.00,0.00,0.00,3,3.3,13.0,100
2025-11-01T17:00,6.0,85,4.3,0.00,0.00,0.00,0.00,3,1.1,6.8,100
2025-11-01T18:00,5.9,84,4.2,0.00,0.00,0.00,0.00,3,0.7,1.8,99
2025-11-01T19:00,5.9,79,3.7,0.00,0.00,0.00,0.00,3,3.8,6.1,100
2025-11-01T20:00,5.8,79,3.4,0.00,0.00,0.00,0.00,3,4.9,9.0,100
2025-11-01T21:00,5.2,85,2.6,0.00,0.00,0.00,0.00,3,6.1,12.6,100
2025-11-01T22:00,4.6,87,2.0,0.00,0.00,0.00,0.00,3,6.0,13.0,91
2025-11-01T23:00,4.4,88,2.0,0.00,0.00,0.00,0.00,3,5.0,11.9,91
2025-11-02T00:00,4.4,88,2.0,0.00,0.00,0.00,0.00,3,4.3,10.1,98
2025-11-02T01:00,4.2,90,1.9,0.00,0.00,0.00,0.00,3,4.0,9.0,100
2025-11-02T02:00,4.2,91,1.8,0.00,0.00,0.00,0.00,3,4.6,9.0,100
2025-11-02T03:00,3.9,91,1.3,0.00,0.00,0.00,0.00,2,5.7,9.7,59
2025-11-02T04:00,3.9,91,1.2,0.00,0.00,0.00,0.00,3,6.3,12.6,91
2025-11-02T05:00,3.8,93,1.2,0.00,0.00,0.00,0.00,3,5.8,12.2,84
2025-11-02T06:00,3.8,95,1.4,0.00,0.00,0.00,0.00,3,4.9,11.2,100
2025-11-02T07:00,3.7,96,1.4,0.00,0.00,0.00,0.00,3,4.6,8.6,94
2025-11-02T08:00,3.6,97,1.3,0.00,0.00,0.00,0.00,3,5.1,9.7,98
2025-11-02T09:00,4.2,100,2.0,0.00,0.00,0.00,0.00,3,5.3,9.7,100
2025-11-02T10:00,4.7,97,2.7,0.00,0.00,0.00,0.00,3,4.1,11.9,100
2025-11-02T11:00,5.4,94,3.5,0.00,0.00,0.00,0.00,3,3.9,11.2,99
2025-11-02T12:00,6.2,89,4.2,0.00,0.00,0.00,0.00,3,4.3,12.6,88
2025-11-02T13:00,6.8,82,4.6,0.10,0.10,0.00,0.00,51,5.1,14.0,100
2025-11-02T14:00,7.2,74,4.7,0.00,0.00,0.00,0.00,3,6.0,15.5,100
2025-11-02T15:00,7.2,73,4.7,0.00,0.00,0.00,0.00,3,5.5,15.5,100
2025-11-02T16:00,6.7,77,4.0,0.00,0.00,0.00,0.00,3,6.9,14.8,100
2025-11-02T17:00,6.3,80,3.5,0.00,0.00,0.00,0.00,3,7.5,16.9,100
2025-11-02T18:00,6.0,80,3.2,0.00,0.00,0.00,0.00,3,7.7,16.6,100
2025-11-02T19:00,5.9,78,2.8,0.00,0.00,0.00,0.00,3,9.0,19.8,100
2025-11-02T20:00,5.5,78,2.2,0.00,0.00,0.00,0.00,3,10.5,23.8,100
2025-11-02T21:00,4.5,85,1.2,0.00,0.00,0.00,0.00,3,9.9,24.1,100
2025-11-02T22:00,4.1,86,0.8,0.00,0.00,0.00,0.00,3,10.4,23.0,100
2025-11-02T23:00,4.0,86,0.5,0.00,0.00,0.00,0.00,3,10.9,24.8,100
2025-11-03T00:00,4.0,86,0.6,0.00,0.00,0.00,0.00,3,10.6,24.5,100
2025-11-03T01:00,4.0,84,0.5,0.00,0.00,0.00,0.00,3,11.0,24.8,100
2025-11-03T02:00,4.1,83,0.7,0.00,0.00,0.00,0.00,3,10.4,24.8,100
2025-11-03T03:00,4.4,81,0.8,0.00,0.00,0.00,0.00,3,11.1,23.4,100
2025-11-03T04:00,4.2,81,0.6,0.00,0.00,0.00,0.00,3,11.3,24.8,100
2025-11-03T05:00,4.1,82,0.4,0.00,0.00,0.00,0.00,3,11.6,25.6,100
2025-11-03T06:00,4.2,83,0.6,0.00,0.00,0.00,0.00,3,11.4,25.9,100
2025-11-03T07:00,4.6,81,1.0,0.00,0.00,0.00,0.00,3,11.6,25.9,100
2025-11-03T08:00,4.7,81,1.2,0.00,0.00,0.00,0.00,3,11.3,25.6,100
2025-11-03T09:00,4.9,84,1.4,0.00,0.00,0.00,0.00,3,12.0,26.3,100
2025-11-03T10:00,5.2,84,1.7,0.00,0.00,0.00,0.00,3,12.8,28.8,100
2025-11-03T11:00,6.0,84,2.5,0.20,0.20,0.00,0.00,51,13.4,30.6,100
2025-11-03T12:00,6.1,87,2.6,0.40,0.40,0.00,0.00,51,14.1,31.7,100
2025-11-03T13:00,6.4,88,3.0,0.50,0.50,0.00,0.00,53,14.1,32.0,100
2025-11-03T14:00,6.4,90,3.1,0.40,0.40,0.00,0.00,51,14.2,31.3,100
2025-11-03T15:00,6.6,90,3.2,0.30,0.30,0.00,0.00,51,14.8,31.0,100
2025-11-03T16:00,7.2,85,3.9,0.00,0.00,0.00,0.00,3,13.5,32.4,100
2025-11-03T17:00,7.6,82,4.5,0.00,0.00,0.00,0.00,3,12.7,29.5,100
2025-11-03T18:00,7.5,81,4.2,0.00,0.00,0.00,0.00,3,12.8,28.1,100
2025-11-03T19:00,7.5,81,4.3,0.00,0.00,0.00,0.00,3,13.1,28.8,100
2025-11-03T20:00,7.8,80,4.6,0.00,0.00,0.00,0.00,3,13.0,29.2,100
2025-11-03T21:00,8.4,80,5.2,0.00,0.00,0.00,0.00,3,13.3,29.2,100
2025-11-03T22:00,8.7,80,5.7,0.00,0.00,0.00,0.00,3,12.9,30.2,100
2025-11-03T23:00,8.9,81,6.0,0.00,0.00,0.00,0.00,3,12.9,29.2,100
2025-11-04T00:00,8.9,83,6.1,0.10,0.10,0.00,0.00,51,12.7,28.8,100
2025-11-04T01:00,9.1,83,6.4,0.00,0.00,0.00,0.00,3,12.2,28.1,100
2025-11-04T02:00,9.2,84,6.5,0.00,0.00,0.00,0.00,3,13.0,29.2,100
2025-11-04T03:00,9.1,86,6.2,0.20,0.20,0.00,0.00,51,14.1,31.3,100
2025-11-04T04:00,8.8,86,5.9,0.00,0.00,0.00,0.00,3,14.3,32.4,100
2025-11-04T05:00,8.4,88,5.3,0.00,0.00,0.00,0.00,3,14.9,34.6,100
2025-11-04T06:00,8.0,91,5.0,0.00,0.00,0.00,0.00,3,14.7,34.2,100
2025-11-04T07:00,8.0,91,4.9,0.00,0.00,0.00,0.00,3,14.7,34.2,100
2025-11-04T08:00,7.8,93,4.8,0.50,0.50,0.00,0.00,53,14.8,33.8,100
2025-11-04T09:00,8.4,93,5.5,0.10,0.10,0.00,0.00,51,15.0,34.2,100
2025-11-04T10:00,8.6,93,5.8,0.10,0.10,0.00,0.00,51,15.0,34.2,100
2025-11-04T11:00,8.8,93,6.0,0.30,0.30,0.00,0.00,51,14.7,34.2,100
2025-11-04T12:00,8.9,94,6.2,1.00,1.00,0.00,0.00,55,14.4,32.8,100
2025-11-04T13:00,8.8,96,6.5,0.70,0.70,0.00,0.00,53,12.5,30.6,100
2025-11-04T14:00,9.1,95,7.1,0.00,0.00,0.00,0.00,2,10.1,26.3,58
2025-11-04T15:00,9.5,90,7.6,0.00,0.00,0.00,0.00,1,8.7,26.3,48
2025-11-04T16:00,8.9,85,6.9,0.00,0.00,0.00,0.00,3,7.6,19.4,100
2025-11-04T17:00,7.8,85,5.9,0.00,0.00,0.00,0.00,3,5.4,15.5,100
2025-11-04T18:00,8.0,82,5.9,0.00,0.00,0.00,0.00,3,5.9,11.9,100
2025-11-04T19:00,8.2,81,5.8,0.00,0.00,0.00,0.00,3,7.8,15.1,100
2025-11-04T20:00,8.1,82,5.7,0.00,0.00,0.00,0.00,3,8.1,17.6,96
2025-11-04T21:00,8.3,81,6.3,0.00,0.00,0.00,0.00,3,6.0,16.2,100
2025-11-04T22:00,8.3,81,6.1,0.00,0.00,0.00,0.00,3,7.1,13.7,100
2025-11-04T23:00,8.2,82,5.9,0.00,0.00,0.00,0.00,3,7.3,14.4,100
2025-11-05T00:00,7.9,84,5.7,0.00,0.00,0.00,0.00,3,7.0,14.4,100
2025-11-05T01:00,7.3,87,5.1,0.00,0.00,0.00,0.00,3,7.1,14.0,93
2025-11-05T02:00,6.5,91,4.3,0.00,0.00,0.00,0.00,0,6.8,14.0,2
2025-11-05T03:00,5.8,95,3.7,0.00,0.00,0.00,0.00,3,5.9,13.0,100
2025-11-05T04:00,5.7,95,3.8,0.00,0.00,0.00,0.00,3,4.8,11.9,95
2025-11-05T05:00,5.1,97,3.1,0.00,0.00,0.00,0.00,0,4.3,9.0,5
2025-11-05T06:00,4.5,98,2.3,0.00,0.00,0.00,0.00,3,5.6,9.7,100
2025-11-05T07:00,4.7,98,2.4,0.00,0.00,0.00,0.00,3,6.3,12.2,100
2025-11-05T08:00,4.8,95,2.2,0.00,0.00,0.00,0.00,3,7.5,14.0,95
2025-11-05T09:00,3.9,99,1.2,0.00,0.00,0.00,0.00,3,8.1,15.8,100
2025-11-05T10:00,5.3,93,2.8,0.00,0.00,0.00,0.00,3,7.7,15.1,87
2025-11-05T11:00,6.9,80,3.4,0.00,0.00,0.00,0.00,3,13.5,33.8,100
2025-11-05T12:00,7.5,75,4.0,0.00,0.00,0.00,0.00,3,13.6,36.7,98
2025-11-05T13:00,8.2,70,4.6,0.00,0.00,0.00,0.00,1,13.2,33.1,47
2025-11-05T14:00,8.6,69,5.4,0.00,0.00,0.00,0.00,3,10.7,31.3,88
2025-11-05T15:00,8.7,70,5.7,0.00,0.00,0.00,0.00,1,9.7,25.2,30
2025-11-05T16:00,8.2,72,5.2,0.00,0.00,0.00,0.00,1,9.9,22.3,41
2025-11-05T17:00,7.5,74,4.5,0.00,0.00,0.00,0.00,3,9.7,22.0,98
2025-11-05T18:00,7.4,74,4.1,0.00,0.00,0.00,0.00,3,11.6,25.2,99
2025-11-05T19:00,6.9,77,3.6,0.00,0.00,0.00,0.00,3,11.5,25.9,100
2025-11-05T20:00,6.5,79,3.2,0.00,0.00,0.00,0.00,3,11.6,25.6,100
2025-11-05T21:00,6.0,81,2.7,0.00,0.00,0.00,0.00,3,11.6,25.6,100
2025-11-05T22:00,5.6,82,2.2,0.00,0.00,0.00,0.00,3,11.7,25.2,97
2025-11-05T23:00,5.3,84,1.9,0.00,0.00,0.00,0.00,3,12.0,25.9,100
2025-11-06T00:00,5.2,85,1.8,0.00,0.00,0.00,0.00,3,12.0,25.9,100
2025-11-06T01:00,5.2,86,1.8,0.00,0.00,0.00,0.00,3,11.8,25.9,100
2025-11-06T02:00,5.2,87,1.8,0.00,0.00,0.00,0.00,3,11.8,25.6,100
2025-11-06T03:00,5.8,85,2.6,0.00,0.00,0.00,0.00,3,11.9,25.9,100
2025-11-06T04:00,6.0,87,2.9,0.00,0.00,0.00,0.00,3,11.4,25.9,100
2025-11-06T05:00,6.0,88,3.0,0.00,0.00,0.00,0.00,3,11.4,24.8,100
2025-11-06T06:00,6.1,89,3.1,0.00,0.00,0.00,0.00,3,11.2,24.8,100
2025-11-06T07:00,6.1,91,3.1,0.00,0.00,0.00,0.00,3,11.6,25.9,100
2025-11-06T08:00,6.0,92,3.0,0.00,0.00,0.00,0.00,3,11.4,25.9,100
2025-11-06T09:00,6.4,92,3.5,0.00,0.00,0.00,0.00,3,12.2,27.0,100
2025-11-06T10:00,6.8,90,3.8,0.00,0.00,0.00,0.00,3,12.9,31.3,100
2025-11-06T11:00,7.2,89,4.2,0.30,0.30,0.00,0.00,51,12.8,30.2,100
2025-11-06T12:00,7.7,88,4.7,0.00,0.00,0.00,0.00,3,13.4,32.4,100
2025-11-06T13:00,7.7,89,5.0,0.00,0.00,0.00,0.00,3,11.7,31.0,100
2025-11-06T14:00,8.1,88,5.3,0.00,0.00,0.00,0.00,3,12.5,28.1,100
2025-11-06T15:00,8.8,85,5.7,0.10,0.10,0.00,0.00,51,14.9,31.7,100
2025-11-06T16:00,8.4,88,5.5,0.10,0.10,0.00,0.00,51,13.9,34.6,100
2025-11-06T17:00,8.3,89,5.4,0.00,0.00,0.00,0.00,3,13.6,31.7,100
2025-11-06T18:00,8.3,88,5.3,0.00,0.00,0.00,0.00,3,14.0,32.0,99
2025-11-06T19:00,8.1,85,4.9,0.00,0.00,0.00,0.00,3,13.9,32.0,100
2025-11-06T20:00,7.8,84,4.5,1.00,1.00,0.00,0.00,55,13.9,31.7,100
2025-11-06T21:00,8.2,81,5.1,0.00,0.00,0.00,0.00,3,12.8,29.9,100
2025-11-06T22:00,8.1,81,5.0,0.00,0.00,0.00,0.00,3,12.9,28.8,100
2025-11-06T23:00,8.0,82,5.0,0.10,0.10,0.00,0.00,51,12.7,28.8,100
2025-11-07T00:00,8.0,85,5.0,0.00,0.00,0.00,0.00,3,12.8,29.9,100
2025-11-07T01:00,7.9,86,5.0,0.20,0.20,0.00,0.00,51,12.4,28.8,100
2025-11-07T02:00,7.6,90,4.7,0.40,0.40,0.00,0.00,51,13.1,28.8,100
2025-11-07T03:00,7.2,91,4.4,0.40,0.40,0.00,0.00,51,11.5,28.4,100
2025-11-07T04:00,7.4,90,4.7,0.00,0.00,0.00,0.00,3,11.4,25.2,100
2025-11-07T05:00,7.5,90,4.9,0.10,0.10,0.00,0.00,51,10.6,24.8,100
2025-11-07T06:00,7.6,91,5.1,0.00,0.00,0.00,0.00,3,10.4,23.4,100
2025-11-07T07:00,7.6,91,5.2,0.00,0.00,0.00,0.00,3,10.1,23.0,100
2025-11-07T08:00,7.7,92,5.4,0.10,0.10,0.00,0.00,51,9.9,22.3,100
2025-11-07T09:00,7.7,95,5.5,0.40,0.40,0.00,0.00,51,9.5,21.6,100
2025-11-07T10:00,8.1,95,5.9,0.00,0.00,0.00,0.00,3,9.7,22.0,100
2025-11-07T11:00,8.4,95,6.3,0.00,0.00,0.00,0.00,3,10.0,23.8,100
2025-11-07T12:00,9.1,93,6.8,0.00,0.00,0.00,0.00,3,11.5,27.4,100
2025-11-07T13:00,9.5,91,7.5,0.00,0.00,0.00,0.00,3,10.5,26.3,100
2025-11-07T14:00,10.0,87,7.9,0.00,0.00,0.00,0.00,3,10.8,27.7,100
2025-11-07T15:00,9.6,86,7.6,0.00,0.00,0.00,0.00,3,8.7,27.4,100
2025-11-07T16:00,9.4,86,7.5,0.00,0.00,0.00,0.00,3,7.6,19.4,100
2025-11-07T17:00,9.2,87,7.1,0.00,0.00,0.00,0.00,3,8.9,19.1,100
2025-11-07T18:00,9.0,88,6.6,0.00,0.00,0.00,0.00,3,11.0,24.8,100
2025-11-07T19:00,8.9,89,6.6,0.00,0.00,0.00,0.00,3,10.5,24.8,100
2025-11-07T20:00,9.0,89,6.8,0.00,0.00,0.00,0.00,3,10.6,23.8,100
2025-11-07T21:00,9.5,92,7.6,0.00,0.00,0.00,0.00,3,10.1,23.8,100
2025-11-07T22:00,9.7,93,7.8,0.00,0.00,0.00,0.00,3,10.1,22.0,100
2025-11-07T23:00,9.7,94,7.9,0.00,0.00,0.00,0.00,3,10.3,23.0,100
2025-11-08T00:00,9.8,94,7.9,0.00,0.00,0.00,0.00,3,11.4,25.2,100
2025-11-08T01:00,9.8,93,7.7,0.00,0.00,0.00,0.00,3,12.1,27.4,100
2025-11-08T02:00,9.5,92,7.1,0.10,0.10,0.00,0.00,51,12.7,28.4,100
2025-11-08T03:00,9.2,91,6.8,0.00,0.00,0.00,0.00,3,12.7,30.2,100
2025-11-08T04:00,9.1,90,6.5,0.10,0.10,0.00,0.00,51,13.1,29.9,100
2025-11-08T05:00,8.8,90,6.1,0.00,0.00,0.00,0.00,3,13.4,31.0,100
2025-11-08T06:00,8.7,90,5.8,0.00,0.00,0.00,0.00,3,14.2,32.0,100
2025-11-08T07:00,8.4,90,5.4,0.00,0.00,0.00,0.00,3,14.4,32.4,100
2025-11-08T08:00,8.2,90,5.3,0.00,0.00,0.00,0.00,3,14.2,32.4,100
2025-11-08T09:00,8.4,90,5.5,0.00,0.00,0.00,0.00,3,14.4,33.1,100
2025-11-08T10:00,8.8,88,6.0,0.00,0.00,0.00,0.00,3,14.0,33.5,100
2025-11-08T11:00,9.2,87,6.6,0.00,0.00,0.00,0.00,3,12.8,30.6,100
2025-11-08T12:00,9.9,82,6.9,0.00,0.00,0.00,0.00,3,15.0,36.0,100
2025-11-08T13:00,10.4,78,7.5,0.00,0.00,0.00,0.00,3,13.7,34.9,100
2025-11-08T14:00,10.5,77,7.9,0.00,0.00,0.00,0.00,3,11.8,31.3,100
2025-11-08T15:00,9.6,77,7.1,0.00,0.00,0.00,0.00,3,10.0,27.0,99
2025-11-08T16:00,9.3,78,7.0,0.00,0.00,0.00,0.00,3,8.6,22.7,100
2025-11-08T17:00,8.9,81,6.7,0.00,0.00,0.00,0.00,3,7.6,19.1,100
2025-11-08T18:00,8.7,82,6.6,0.00,0.00,0.00,0.00,3,7.2,16.6,100
2025-11-08T19:00,8.5,83,6.6,0.00,0.00,0.00,0.00,3,6.2,15.5,100
2025-11-08T20:00,8.4,85,6.6,0.00,0.00,0.00,0.00,3,5.3,13.3,100
2025-11-08T21:00,8.3,89,6.9,0.00,0.00,0.00,0.00,3,3.6,10.8,100
2025-11-08T22:00,8.3,90,6.9,0.00,0.00,0.00,0.00,3,3.2,7.6,100
2025-11-08T23:00,8.1,91,6.9,0.00,0.00,0.00,0.00,3,2.6,6.1,100
2025-11-09T00:00,8.0,91,6.7,0.00,0.00,0.00,0.00,3,3.1,6.1,100
2025-11-09T01:00,8.0,92,6.8,0.00,0.00,0.00,0.00,3,2.7,6.1,100
2025-11-09T02:00,7.9,92,6.7,0.00,0.00,0.00,0.00,3,2.2,5.0,100
2025-11-09T03:00,7.5,91,5.8,0.00,0.00,0.00,0.00,3,4.5,4.7,100
2025-11-09T04:00,7.4,91,5.7,0.00,0.00,0.00,0.00,3,4.8,10.1,100
2025-11-09T05:00,7.3,91,5.5,0.00,0.00,0.00,0.00,3,4.8,10.1,100
2025-11-09T06:00,7.1,91,5.3,0.00,0.00,0.00,0.00,3,5.1,10.8,100
2025-11-09T07:00,6.9,91,5.0,0.00,0.00,0.00,0.00,3,5.8,13.0,100
2025-11-09T08:00,6.7,91,4.5,0.00,0.00,0.00,0.00,3,6.9,15.1,100
2025-11-09T09:00,6.8,91,4.6,0.00,0.00,0.00,0.00,3,7.7,18.7,100
2025-11-09T10:00,6.6,87,3.6,0.00,0.00,0.00,0.00,3,11.5,27.7,100
2025-11-09T11:00,6.0,87,2.9,0.00,0.00,0.00,0.00,3,11.8,28.4,100
2025-11-09T12:00,5.4,86,2.2,0.00,0.00,0.00,0.00,3,11.0,28.8,100
2025-11-09T13:00,5.4,85,2.1,0.00,0.00,0.00,0.00,3,11.8,28.8,100
2025-11-09T14:00,5.9,82,2.4,0.00,0.00,0.00,0.00,3,12.6,30.2,100
2025-11-09T15:00,5.2,81,1.7,0.00,0.00,0.00,0.00,3,11.9,30.2,100
2025-11-09T16:00,5.0,82,1.9,0.00,0.00,0.00,0.00,3,9.4,29.9,100
2025-11-09T17:00,4.7,83,1.4,0.00,0.00,0.00,0.00,3,10.2,23.8,100
2025-11-09T18:00,4.3,84,0.8,0.00,0.00,0.00,0.00,3,11.4,27.4,100
2025-11-09T19:00,3.8,86,0.3,0.00,0.00,0.00,0.00,3,11.0,27.4,100
2025-11-09T20:00,3.7,86,0.3,0.00,0.00,0.00,0.00,3,10.3,29.9,100
2025-11-09T21:00,3.8,88,0.5,0.00,0.00,0.00,0.00,3,10.3,26.3,100
2025-11-09T22:00,3.7,89,0.6,0.00,0.00,0.00,0.00,3,9.2,23.0,100
2025-11-09T23:00,3.7,89,0.5,0.00,0.00,0.00,0.00,3,9.2,21.2,100
2025-11-10T00:00,3.6,89,0.5,0.00,0.00,0.00,0.00,3,8.4,21.6,100
2025-11-10T01:00,3.5,89,0.3,0.00,0.00,0.00,0.00,3,8.8,20.9,100
2025-11-10T02:00,3.4,88,0.2,0.00,0.00,0.00,0.00,3,9.0,22.0,100
2025-11-10T03:00,2.9,88,0.0,0.00,0.00,0.00,0.00,3,6.4,21.6,100
2025-11-10T04:00,2.9,89,0.0,0.00,0.00,0.00,0.00,3,6.2,14.0,100
2025-11-10T05:00,2.9,89,-0.1,0.00,0.00,0.00,0.00,3,7.3,16.9,100
2025-11-10T06:00,2.9,89,-0.2,0.00,0.00,0.00,0.00,3,7.4,17.3,100
2025-11-10T07:00,2.9,89,-0.2,0.00,0.00,0.00,0.00,3,7.6,17.6,100
2025-11-10T08:00,2.9,88,-0.3,0.00,0.00,0.00,0.00,3,8.2,19.1,100
2025-11-10T09:00,2.5,88,-0.8,0.00,0.00,0.00,0.00,3,8.6,22.0,100
2025-11-10T10:00,2.6,88,-0.7,0.00,0.00,0.00,0.00,3,8.6,21.6,100
2025-11-10T11:00,2.9,87,-0.4,0.00,0.00,0.00,0.00,3,8.4,20.5,100
2025-11-10T12:00,3.2,85,-0.0,0.00,0.00,0.00,0.00,3,8.6,21.2,100
2025-11-10T13:00,3.5,84,0.3,0.00,0.00,0.00,0.00,3,8.4,20.9,100
2025-11-10T14:00,3.7,82,0.5,0.00,0.00,0.00,0.00,3,8.3,20.9,100
2025-11-10T15:00,3.6,82,0.4,0.00,0.00,0.00,0.00,3,8.0,20.9,100
2025-11-10T16:00,3.5,84,0.7,0.00,0.00,0.00,0.00,3,5.1,18.4,100
2025-11-10T17:00,3.4,84,0.5,0.00,0.00,0.00,0.00,3,5.7,12.2,100
2025-11-10T18:00,3.3,85,0.4,0.00,0.00,0.00,0.00,3,6.3,13.3,100
2025-11-10T19:00,3.3,85,0.3,0.00,0.00,0.00,0.00,3,6.8,14.8,100
2025-11-10T20:00,3.2,85,0.3,0.00,0.00,0.00,0.00,3,6.7,14.8,100
2025-11-10T21:00,3.1,88,0.2,0.00,0.00,0.00,0.00,3,6.5,14.8,100
2025-11-10T22:00,3.0,89,0.1,0.00,0.00,0.00,0.00,3,6.5,14.4,100
2025-11-10T23:00,3.1,89,0.2,0.00,0.00,0.00,0.00,3,6.4,14.0,100
2025-11-11T00:00,3.0,90,0.2,0.00,0.00,0.00,0.00,3,6.0,13.7,100
2025-11-11T01:00,3.0,90,0.3,0.00,0.00,0.00,0.00,3,5.4,12.6,100
2025-11-11T02:00,3.0,91,0.3,0.00,0.00,0.00,0.00,3,5.5,11.2,100
2025-11-11T03:00,3.1,90,0.2,0.00,0.00,0.00,0.00,3,7.0,11.9,100
2025-11-11T04:00,3.1,90,0.2,0.00,0.00,0.00,0.00,3,6.9,15.1,100
2025-11-11T05:00,3.0,91,0.3,0.00,0.00,0.00,0.00,3,5.8,14.4,100
2025-11-11T06:00,3.1,91,0.5,0.00,0.00,0.00,0.00,3,4.7,11.5,98
2025-11-11T07:00,3.0,91,0.5,0.00,0.00,0.00,0.00,3,4.3,9.0,100
2025-11-11T08:00,2.8,92,0.2,0.00,0.00,0.00,0.00,3,5.4,11.2,100
2025-11-11T09:00,3.0,94,0.5,0.00,0.00,0.00,0.00,3,5.1,11.2,100
2025-11-11T10:00,3.6,93,1.2,0.00,0.00,0.00,0.00,3,4.6,10.8,100
2025-11-11T11:00,4.2,91,2.0,0.00,0.00,0.00,0.00,3,3.1,11.5,100
2025-11-11T12:00,4.7,89,2.7,0.00,0.00,0.00,0.00,3,2.1,9.4,100
2025-11-11T13:00,5.1,87,3.0,0.00,0.00,0.00,0.00,3,3.0,10.1,100
2025-11-11T14:00,5.3,85,3.4,0.00,0.00,0.00,0.00,3,2.1,10.1,100
2025-11-11T15:00,4.4,84,2.5,0.00,0.00,0.00,0.00,3,0.9,7.2,100
2025-11-11T16:00,4.4,85,2.3,0.00,0.00,0.00,0.00,3,1.5,4.0,100
2025-11-11T17:00,4.2,87,2.0,0.00,0.00,0.00,0.00,3,2.3,4.3,100
2025-11-11T18:00,4.0,88,1.9,0.00,0.00,0.00,0.00,3,2.2,4.7,100
2025-11-11T19:00,3.8,89,1.7,0.00,0.00,0.00,0.00,3,2.0,4.7,100
2025-11-11T20:00,3.7,89,1.5,0.00,0.00,0.00,0.00,3,2.8,5.4,100
2025-11-11T21:00,3.1,93,0.9,0.00,0.00,0.00,0.00,3,3.1,5.4,100
2025-11-11T22:00,3.6,91,1.1,0.00,0.00,0.00,0.00,3,5.1,9.0,100
2025-11-11T23:00,3.4,91,0.7,0.00,0.00,0.00,0.00,3,6.6,12.2,100
2025-11-12T00:00,3.1,92,0.2,0.00,0.00,0.00,0.00,3,7.3,14.4,97
2025-11-12T01:00,2.6,93,-0.4,0.00,0.00,0.00,0.00,3,7.6,15.1,100
2025-11-12T02:00,2.3,94,-0.8,0.00,0.00,0.00,0.00,3,8.0,16.2,100
2025-11-12T03:00,2.5,93,-0.8,0.00,0.00,0.00,0.00,3,9.1,17.6,100
2025-11-12T04:00,2.5,93,-0.9,0.00,0.00,0.00,0.00,3,9.7,20.2,100
2025-11-12T05:00,2.5,93,-0.8,0.00,0.00,0.00,0.00,3,10.1,21.2,100
2025-11-12T06:00,2.6,92,-0.8,0.00,0.00,0.00,0.00,3,10.3,22.7,100
2025-11-12T07:00,2.9,91,-0.6,0.00,0.00,0.00,0.00,3,10.9,23.8,100
2025-11-12T08:00,3.0,89,-0.5,0.00,0.00,0.00,0.00,3,11.3,25.6,100
2025-11-12T09:00,3.2,90,-0.4,0.00,0.00,0.00,0.00,3,11.7,26.6,100
2025-11-12T10:00,3.4,89,-0.1,0.10,0.10,0.00,0.00,51,11.7,27.0,100
2025-11-12T11:00,3.7,89,-0.1,0.20,0.20,0.00,0.00,51,13.5,32.0,100
2025-11-12T12:00,3.9,90,0.3,0.20,0.20,0.00,0.00,51,12.3,32.8,100
2025-11-12T13:00,4.1,91,0.6,0.20,0.20,0.00,0.00,51,12.7,28.4,100
2025-11-12T14:00,4.3,91,1.1,0.10,0.10,0.00,0.00,51,10.7,28.4,100
2025-11-12T15:00,4.1,91,0.7,0.10,0.10,0.00,0.00,51,11.9,25.2,100
2025-11-12T16:00,4.1,91,0.7,0.00,0.00,0.00,0.00,3,11.9,27.0,100
2025-11-12T17:00,4.0,91,0.6,0.00,0.00,0.00,0.00,3,11.9,27.0,100
2025-11-12T18:00,4.0,91,0.5,0.10,0.10,0.00,0.00,51,11.9,27.0,100
2025-11-12T19:00,3.8,92,0.4,0.00,0.00,0.00,0.00,3,11.6,26.6,100
2025-11-12T20:00,3.7,93,0.5,0.00,0.00,0.00,0.00,3,10.3,25.9,100
2025-11-12T21:00,3.6,95,0.7,0.00,0.00,0.00,0.00,3,8.5,23.0,100
2025-11-12T22:00,3.5,96,0.7,0.00,0.00,0.00,0.00,3,7.7,19.1,100
2025-11-12T23:00,3.5,96,0.7,0.00,0.00,0.00,0.00,3,7.4,16.9,100
2025-11-13T00:00,3.5,96,0.9,0.00,0.00,0.00,0.00,3,7.0,16.2,100
2025-11-13T01:00,3.5,96,1.0,0.00,0.00,0.00,0.00,3,6.2,15.5,100
2025-11-13T02:00,3.6,97,1.1,0.00,0.00,0.00,0.00,3,5.7,13.7,100
2025-11-13T03:00,3.6,97,1.2,0.00,0.00,0.00,0.00,3,5.2,12.6,100
2025-11-13T04:00,3.6,97,1.3,0.00,0.00,0.00,0.00,3,4.8,11.2,100
2025-11-13T05:00,3.7,97,1.4,0.00,0.00,0.00,0.00,3,4.9,10.4,100
2025-11-13T06:00,3.8,97,1.6,0.10,0.10,0.00,0.00,51,4.3,10.1,100
2025-11-13T07:00,3.8,98,1.7,0.00,0.00,0.00,0.00,3,4.0,9.0,100
2025-11-13T08:00,4.0,97,1.9,0.00,0.00,0.00,0.00,3,3.4,7.9,100
2025-11-13T09:00,4.1,98,2.0,0.00,0.00,0.00,0.00,3,4.2,9.7,100
2025-11-13T10:00,4.5,97,2.3,0.00,0.00,0.00,0.00,3,5.3,12.2,100
2025-11-13T11:00,4.9,96,2.8,0.00,0.00,0.00,0.00,3,5.1,12.6,100
2025-11-13T12:00,5.4,96,3.2,0.00,0.00,0.00,0.00,3,6.0,14.0,100
2025-11-13T13:00,5.7,96,3.5,0.00,0.00,0.00,0.00,3,7.1,16.9,100
2025-11-13T14:00,6.1,94,3.8,0.00,0.00,0.00,0.00,3,7.9,17.6,100
2025-11-13T15:00,6.4,90,3.7,0.00,0.00,0.00,0.00,3,9.7,24.1,100
2025-11-13T16:00,6.1,90,3.3,0.00,0.00,0.00,0.00,3,10.2,23.0,100
2025-11-13T17:00,6.0,89,2.9,0.00,0.00,0.00,0.00,3,11.4,25.9,100
2025-11-13T18:00,5.8,90,2.7,0.00,0.00,0.00,0.00,3,11.6,25.9,100
2025-11-13T19:00,5.6,88,2.0,0.00,0.00,0.00,0.00,3,13.9,32.4,100
2025-11-13T20:00,5.0,87,1.3,0.00,0.00,0.00,0.00,3,14.2,32.8,100
2025-11-13T21:00,4.9,86,1.2,0.00,0.00,0.00,0.00,3,14.4,33.5,100
2025-11-13T22:00,4.6,87,0.8,0.00,0.00,0.00,0.00,3,13.8,35.3,100
2025-11-13T23:00,4.4,87,0.7,0.00,0.00,0.00,0.00,3,13.1,31.7,100
2025-11-14T00:00,4.4,87,0.6,0.00,0.00,0.00,0.00,3,13.9,31.3,100
2025-11-14T01:00,4.2,88,0.5,0.00,0.00,0.00,0.00,3,13.6,32.8,100
2025-11-14T02:00,4.2,87,0.1,0.00,0.00,0.00,0.00,3,15.9,37.4,100
2025-11-14T03:00,4.4,81,-0.2,0.00,0.00,0.00,0.00,3,18.0,38.2,100
2025-11-14T04:00,4.4,81,-0.3,0.00,0.00,0.00,0.00,3,19.0,43.9,100
2025-11-14T05:00,4.3,83,-0.4,0.00,0.00,0.00,0.00,3,19.2,44.3,100
2025-11-14T06:00,4.3,82,-0.4,0.00,0.00,0.00,0.00,3,19.4,45.0,100
2025-11-14T07:00,4.3,81,-0.4,0.00,0.00,0.00,0.00,3,19.2,45.0,100
2025-11-14T08:00,4.5,80,-0.3,0.00,0.00,0.00,0.00,3,20.0,45.7,100
2025-11-14T09:00,5.2,82,0.4,0.00,0.00,0.00,0.00,3,20.7,48.2,100
2025-11-14T10:00,5.7,80,0.8,0.00,0.00,0.00,0.00,3,21.4,49.0,100
2025-11-14T11:00,5.9,81,1.2,0.00,0.00,0.00,0.00,3,20.4,54.7,100
2025-11-14T12:00,6.2,80,1.9,0.00,0.00,0.00,0.00,3,18.2,51.1,100
2025-11-14T13:00,6.5,79,1.9,0.00,0.00,0.00,0.00,3,20.8,49.0,100
2025-11-14T14:00,6.6,80,2.2,0.00,0.00,0.00,0.00,3,19.3,49.0,100
2025-11-14T15:00,6.9,78,2.8,0.00,0.00,0.00,0.00,3,17.1,45.7,100
2025-11-14T16:00,6.6,81,2.6,0.00,0.00,0.00,0.00,3,16.7,39.6,100
2025-11-14T17:00,6.6,82,2.7,0.00,0.00,0.00,0.00,3,16.3,38.5,100
2025-11-14T18:00,6.6,83,2.8,0.00,0.00,0.00,0.00,3,15.9,38.2,100
2025-11-14T19:00,6.6,83,2.9,0.00,0.00,0.00,0.00,3,15.3,36.4,100
2025-11-14T20:00,6.6,85,3.0,0.10,0.10,0.00,0.00,51,14.5,35.3,100
2025-11-14T21:00,5.8,89,2.5,0.20,0.20,0.00,0.00,51,12.8,33.5,100
2025-11-14T22:00,5.5,92,2.4,0.10,0.10,0.00,0.00,51,11.7,28.8,100
2025-11-14T23:00,5.5,93,2.5,0.10,0.10,0.00,0.00,51,11.2,26.3,100
2025-11-15T00:00,5.3,96,3.1,1.10,1.10,0.00,0.00,55,6.2,24.8,100
2025-11-15T01:00,4.2,98,1.6,1.70,1.70,0.00,0.00,61,8.2,17.6,100
2025-11-15T02:00,2.4,98,-0.8,1.20,1.20,0.00,0.00,55,9.0,22.0,100
2025-11-15T03:00,1.2,96,-1.6,1.00,1.00,0.00,0.00,55,4.8,20.2,100
2025-11-15T04:00,1.0,95,-1.9,0.70,0.10,0.42,0.00,73,5.3,13.0,100
2025-11-15T05:00,1.1,95,-1.5,0.80,0.10,0.49,0.01,73,3.4,13.0,100
2025-11-15T06:00,1.0,96,-1.8,1.20,0.20,0.70,0.02,73,4.4,10.8,100
2025-11-15T07:00,0.6,99,-2.0,1.10,0.10,0.70,0.02,73,4.0,10.8,100
2025-11-15T08:00,0.4,99,-2.3,0.80,0.00,0.56,0.02,73,4.5,11.5,100
2025-11-15T09:00,0.3,96,-2.9,1.00,0.10,0.63,0.04,73,7.0,10.4,100
2025-11-15T10:00,0.0,97,-3.0,1.00,0.00,0.70,0.05,73,5.8,14.8,100
2025-11-15T11:00,0.0,95,-3.4,0.70,0.00,0.49,0.05,73,8.1,18.4,100
2025-11-15T12:00,0.2,95,-3.3,0.40,0.00,0.28,0.05,73,8.6,19.4,100
2025-11-15T13:00,0.4,93,-3.4,0.10,0.00,0.07,0.05,71,11.0,23.0,99
2025-11-15T14:00,0.9,89,-3.2,0.00,0.00,0.00,0.05,1,12.4,28.4,30
2025-11-15T15:00,0.4,85,-3.6,0.00,0.00,0.00,0.05,1,11.3,27.4,23
2025-11-15T16:00,-0.2,84,-4.4,0.00,0.00,0.00,0.05,1,12.0,25.6,41
2025-11-15T17:00,-0.2,84,-4.6,0.00,0.00,0.00,0.05,3,13.2,28.8,92
2025-11-15T18:00,-0.2,81,-4.9,0.00,0.00,0.00,0.05,3,14.6,31.7,100
2025-11-15T19:00,-0.3,80,-4.9,0.00,0.00,0.00,0.04,2,14.1,32.4,65
2025-11-15T20:00,-0.9,81,-5.5,0.00,0.00,0.00,0.04,0,13.4,31.0,0
2025-11-15T21:00,-1.5,83,-5.8,0.00,0.00,0.00,0.04,0,11.5,29.2,0
2025-11-15T22:00,-2.5,85,-6.8,0.00,0.00,0.00,0.04,0,10.9,24.1,0
2025-11-15T23:00,-3.3,87,-7.5,0.00,0.00,0.00,0.04,0,10.1,22.7,0
2025-11-16T00:00,-4.1,88,-8.2,0.00,0.00,0.00,0.04,0,8.7,20.9,0
2025-11-16T01:00,-4.7,89,-8.9,0.00,0.00,0.00,0.04,0,8.9,18.4,0
2025-11-16T02:00,-5.2,89,-9.3,0.00,0.00,0.00,0.04,0,7.7,18.4,0
2025-11-16T03:00,-5.1,91,-9.1,0.00,0.00,0.00,0.04,0,7.6,16.2,0
2025-11-16T04:00,-5.3,91,-9.4,0.00,0.00,0.00,0.04,0,7.7,15.8,0
2025-11-16T05:00,-5.5,91,-9.4,0.00,0.00,0.00,0.04,3,6.9,16.6,100
2025-11-16T06:00,-5.3,90,-9.4,0.00,0.00,0.00,0.04,3,8.0,16.2,100
2025-11-16T07:00,-5.3,89,-9.5,0.00,0.00,0.00,0.04,3,8.7,18.4,84
2025-11-16T08:00,-5.4,89,-9.7,0.00,0.00,0.00,0.04,3,9.3,19.1,81
2025-11-16T09:00,-4.9,89,-9.5,0.00,0.00,0.00,0.04,1,11.6,21.6,40
2025-11-16T10:00,-4.5,86,-8.9,0.00,0.00,0.00,0.04,0,10.6,23.8,12
2025-11-16T11:00,-3.8,83,-8.0,0.00,0.00,0.00,0.04,0,9.3,23.4,2
2025-11-16T12:00,-3.1,83,-7.0,0.00,0.00,0.00,0.04,0,7.3,22.3,7
2025-11-16T13:00,-2.6,82,-6.5,0.00,0.00,0.00,0.04,0,7.6,17.3,13
2025-11-16T14:00,-2.4,80,-6.7,0.00,0.00,0.00,0.04,2,10.3,22.0,58
2025-11-16T15:00,-2.0,80,-6.2,0.00,0.00,0.00,0.04,3,9.9,23.0,99
2025-11-16T16:00,-2.6,84,-6.8,0.00,0.00,0.00,0.04,3,9.6,20.9,100
2025-11-16T17:00,-3.1,87,-7.5,0.00,0.00,0.00,0.04,3,11.8,24.5,100
2025-11-16T18:00,-2.5,90,-7.0,0.00,0.00,0.00,0.04,3,12.8,28.8,100
2025-11-16T19:00,-2.4,91,-6.8,0.00,0.00,0.00,0.04,3,12.1,28.4,100
2025-11-16T20:00,-2.5,90,-6.9,0.00,0.00,0.00,0.04,3,12.1,27.4,100
2025-11-16T21:00,-2.7,90,-7.1,0.00,0.00,0.00,0.04,3,12.0,28.1,100
2025-11-16T22:00,-2.9,89,-7.5,0.00,0.00,0.00,0.04,3,12.7,28.4,100
2025-11-16T23:00,-3.3,90,-8.0,0.00,0.00,0.00,0.04,3,13.9,32.8,100
2025-11-17T00:00,-3.4,90,-8.0,0.00,0.00,0.00,0.04,3,12.7,33.5,100
2025-11-17T01:00,-3.2,87,-7.8,0.00,0.00,0.00,0.04,3,12.2,28.4,100
2025-11-17T02:00,-3.4,86,-8.0,0.00,0.00,0.00,0.04,3,12.4,27.7,100
2025-11-17T03:00,-3.7,84,-7.7,0.00,0.00,0.00,0.04,2,7.8,27.7,69
2025-11-17T04:00,-5.2,87,-9.5,0.00,0.00,0.00,0.04,3,9.0,18.7,98
2025-11-17T05:00,-4.7,90,-9.3,0.00,0.00,0.00,0.04,3,11.4,23.8,100
2025-11-17T06:00,-3.7,90,-8.3,0.00,0.00,0.00,0.04,3,12.6,27.4,100
2025-11-17T07:00,-2.8,88,-7.5,0.00,0.00,0.00,0.04,3,13.9,29.5,100
2025-11-17T08:00,-2.3,87,-7.3,0.00,0.00,0.00,0.04,3,16.2,35.6,100
2025-11-17T09:00,-1.8,90,-6.8,0.00,0.00,0.00,0.04,3,17.0,36.4,100
2025-11-17T10:00,-1.0,91,-5.8,0.10,0.10,0.00,0.04,51,16.4,37.1,100
2025-11-17T11:00,0.1,90,-4.6,0.10,0.10,0.00,0.04,51,16.2,36.0,100
2025-11-17T12:00,0.8,91,-3.8,0.30,0.30,0.00,0.04,51,16.8,36.7,100
2025-11-17T13:00,1.2,92,-3.5,1.10,1.10,0.00,0.04,55,17.1,37.4,100
2025-11-17T14:00,1.5,93,-2.9,0.60,0.60,0.00,0.04,53,15.5,36.7,100
2025-11-17T15:00,1.6,94,-2.7,0.30,0.30,0.00,0.04,51,15.1,33.1,100
2025-11-17T16:00,1.8,94,-2.3,0.10,0.10,0.00,0.04,51,14.1,32.0,100
2025-11-17T17:00,2.1,94,-1.9,0.10,0.10,0.00,0.03,51,14.1,29.5,100
2025-11-17T18:00,2.2,95,-1.6,0.00,0.00,0.00,0.03,3,13.0,29.5,100
2025-11-17T19:00,2.3,95,-1.3,0.00,0.00,0.00,0.03,3,12.0,27.0,100
2025-11-17T20:00,2.5,97,-1.1,0.00,0.00,0.00,0.03,3,12.3,25.2,100
2025-11-17T21:00,3.0,97,-0.6,0.20,0.20,0.00,0.03,51,13.1,27.0,100
2025-11-17T22:00,3.2,98,-0.2,0.00,0.00,0.00,0.02,3,11.8,26.3,100
2025-11-17T23:00,3.1,99,-0.2,0.00,0.00,0.00,0.02,3,11.5,23.4,100
2025-11-18T00:00,3.3,99,-0.0,0.00,0.00,0.00,0.02,3,11.3,23.4,100
2025-11-18T01:00,3.6,98,0.3,0.00,0.00,0.00,0.02,3,11.5,22.3,100
2025-11-18T02:00,3.7,99,0.3,0.50,0.50,0.00,0.02,53,12.3,24.1,100
2025-11-18T03:00,4.1,98,0.7,1.30,1.30,0.00,0.02,61,13.0,29.9,100
2025-11-18T04:00,4.6,98,0.7,2.40,2.40,0.00,0.02,61,17.1,34.9,100
2025-11-18T05:00,5.7,97,1.9,1.20,1.20,0.00,0.01,55,17.9,37.4,100
2025-11-18T06:00,6.6,96,2.8,0.40,0.40,0.00,0.01,51,18.7,39.6,100
2025-11-18T07:00,6.7,96,2.9,0.00,0.00,0.00,0.01,3,18.6,39.6,100
2025-11-18T08:00,6.7,97,3.0,0.20,0.20,0.00,0.00,51,19.0,41.0,100
2025-11-18T09:00,8.3,96,4.9,0.70,0.70,0.00,0.01,53,19.4,40.7,100
2025-11-18T10:00,8.7,96,5.2,1.20,1.20,0.00,0.00,55,19.8,42.8,100
2025-11-18T11:00,9.2,94,5.8,0.20,0.20,0.00,0.00,51,20.0,42.8,100
2025-11-18T12:00,9.4,94,6.2,0.20,0.20,0.00,0.00,51,18.7,42.8,100
2025-11-18T13:00,8.9,97,5.5,0.60,0.60,0.00,0.00,53,20.3,42.8,100
2025-11-18T14:00,7.6,94,4.0,0.70,0.70,0.00,0.00,53,18.8,43.9,100
2025-11-18T15:00,6.6,95,3.0,0.20,0.20,0.00,0.00,51,17.5,45.4,100
2025-11-18T16:00,4.8,95,0.9,0.00,0.00,0.00,0.00,3,17.1,40.7,100
2025-11-18T17:00,3.6,93,-0.6,0.00,0.00,0.00,0.00,3,17.1,39.2,100
2025-11-18T18:00,2.6,89,-2.2,0.10,0.10,0.00,0.00,51,19.5,46.8,100
2025-11-18T19:00,2.3,89,-2.6,0.10,0.10,0.00,0.00,51,19.6,46.8,100
2025-11-18T20:00,1.9,88,-2.8,0.10,0.10,0.00,0.00,51,17.5,46.8,81
2025-11-18T21:00,1.8,87,-3.2,0.00,0.00,0.00,0.00,3,19.5,42.5,95
2025-11-18T22:00,1.6,85,-3.2,0.00,0.00,0.00,0.00,3,18.0,46.8,100
2025-11-18T23:00,1.2,80,-3.7,0.00,0.00,0.00,0.00,3,17.0,43.6,95
2025-11-19T00:00,0.8,78,-4.3,0.00,0.00,0.00,0.00,1,17.3,40.0,41
2025-11-19T01:00,0.5,76,-4.7,0.00,0.00,0.00,0.00,1,17.9,40.3,27
2025-11-19T02:00,-0.2,78,-5.3,0.00,0.00,0.00,0.00,0,17.3,38.5,1
2025-11-19T03:00,-0.5,80,-5.4,0.00,0.00,0.00,0.00,3,16.2,37.4,80
2025-11-19T04:00,-0.2,81,-4.9,0.00,0.00,0.00,0.00,3,14.8,34.9,100
2025-11-19T05:00,0.5,80,-4.0,0.00,0.00,0.00,0.00,3,13.6,32.8,100
2025-11-19T06:00,0.6,80,-3.7,0.00,0.00,0.00,0.00,3,12.4,31.0,100
2025-11-19T07:00,0.6,80,-3.5,0.00,0.00,0.00,0.00,3,11.4,28.4,100
2025-11-19T08:00,0.6,79,-3.6,0.00,0.00,0.00,0.00,3,11.3,26.6,100
2025-11-19T09:00,0.0,83,-4.1,0.00,0.00,0.00,0.02,3,10.9,28.4,100
2025-11-19T10:00,0.3,78,-4.3,0.00,0.00,0.00,0.02,3,13.8,30.6,100
2025-11-19T11:00,0.4,77,-4.2,0.00,0.00,0.00,0.02,3,14.0,35.3,100
2025-11-19T12:00,0.6,81,-3.4,0.00,0.00,0.00,0.02,3,10.7,31.7,100
2025-11-19T13:00,0.8,76,-3.3,0.00,0.00,0.00,0.02,3,10.2,27.4,100
2025-11-19T14:00,0.6,76,-3.4,0.00,0.00,0.00,0.02,3,9.7,27.0,100
2025-11-19T15:00,0.9,75,-2.6,0.00,0.00,0.00,0.02,3,6.1,23.8,100
2025-11-19T16:00,0.7,75,-2.8,0.00,0.00,0.00,0.02,3,6.1,13.7,100
2025-11-19T17:00,0.4,76,-3.3,0.00,0.00,0.00,0.02,3,7.5,15.1,100
2025-11-19T18:00,0.3,77,-3.6,0.00,0.00,0.00,0.02,3,8.3,17.6,100
2025-11-19T19:00,0.2,78,-3.4,0.00,0.00,0.00,0.02,3,6.6,17.6,100
2025-11-19T20:00,0.0,82,-3.9,0.00,0.00,0.00,0.02,3,9.6,20.5,91
2025-11-19T21:00,-0.1,78,-3.9,0.00,0.00,0.00,0.02,3,8.7,23.4,95
2025-11-19T22:00,-0.2,82,-4.3,0.00,0.00,0.00,0.02,3,10.6,22.3,94
2025-11-19T23:00,-0.6,79,-5.3,0.00,0.00,0.00,0.02,3,14.1,32.4,100
2025-11-20T00:00,-0.9,80,-5.1,0.00,0.00,0.00,0.02,3,11.1,32.4,100
2025-11-20T01:00,-0.7,83,-4.7,0.00,0.00,0.00,0.02,3,10.0,24.5,100
2025-11-20T02:00,-0.9,82,-5.0,0.00,0.00,0.00,0.02,3,10.8,24.5,100
2025-11-20T03:00,-1.5,79,-5.6,0.00,0.00,0.00,0.00,3,9.9,24.5,100
2025-11-20T04:00,-1.3,79,-5.2,0.00,0.00,0.00,0.00,3,8.1,24.5,100
2025-11-20T05:00,-1.4,81,-5.3,0.00,0.00,0.00,0.00,3,8.3,19.4,100
2025-11-20T06:00,-1.0,79,-5.1,0.00,0.00,0.00,0.00,3,10.3,23.4,100
2025-11-20T07:00,-0.8,80,-4.7,0.00,0.00,0.00,0.00,3,9.1,23.4,100
2025-11-20T08:00,-0.7,81,-4.5,0.00,0.00,0.00,0.00,3,8.7,21.6,100
2025-11-20T09:00,-0.5,83,-4.2,0.00,0.00,0.00,0.00,3,8.1,19.4,100
2025-11-20T10:00,0.0,80,-3.6,0.00,0.00,0.00,0.00,3,7.4,19.8,100
2025-11-20T11:00,0.4,78,-3.2,0.00,0.00,0.00,0.00,3,7.0,17.6,100
2025-11-20T12:00,0.7,78,-2.9,0.00,0.00,0.00,0.00,3,7.3,18.4,100
2025-11-20T13:00,1.0,78,-2.6,0.00,0.00,0.00,0.00,3,7.8,19.1,100
2025-11-20T14:00,1.2,78,-2.4,0.00,0.00,0.00,0.00,3,7.9,20.2,99
2025-11-20T15:00,0.7,82,-2.7,0.00,0.00,0.00,0.00,3,6.5,18.7,98
2025-11-20T16:00,0.1,84,-3.4,0.00,0.00,0.00,0.00,3,6.9,14.8,100
2025-11-20T17:00,-0.3,85,-3.9,0.00,0.00,0.00,0.00,3,7.9,16.2,100
2025-11-20T18:00,-0.4,84,-4.0,0.00,0.00,0.00,0.00,3,8.2,17.6,100
2025-11-20T19:00,-0.6,84,-4.4,0.00,0.00,0.00,0.00,3,8.4,17.6,100
2025-11-20T20:00,-1.0,85,-5.0,0.00,0.00,0.00,0.00,3,10.3,22.3,100
2025-11-20T21:00,-0.7,84,-4.9,0.00,0.00,0.00,0.00,3,11.1,23.4,100
2025-11-20T22:00,-0.8,83,-5.1,0.00,0.00,0.00,0.00,3,11.8,27.0,100
2025-11-20T23:00,-0.9,81,-5.4,0.00,0.00,0.00,0.00,3,13.4,30.2,100
2025-11-21T00:00,-1.4,79,-6.2,0.00,0.00,0.00,0.00,3,14.7,36.0,100
2025-11-21T01:00,-1.8,78,-6.7,0.00,0.00,0.00,0.00,3,14.7,34.6,100
2025-11-21T02:00,-1.9,79,-6.5,0.00,0.00,0.00,0.00,3,12.8,34.9,100
2025-11-21T03:00,-1.4,79,-5.9,0.00,0.00,0.00,0.00,3,12.5,31.0,100
2025-11-21T04:00,-1.4,79,-5.8,0.10,0.00,0.07,0.00,71,11.2,29.2,100
2025-11-21T05:00,-1.5,82,-5.7,0.20,0.00,0.14,0.00,71,11.0,25.2,100
2025-11-21T06:00,-1.0,81,-5.2,0.10,0.00,0.07,0.00,71,10.9,36.4,100
2025-11-21T07:00,-0.5,82,-4.8,0.10,0.00,0.07,0.00,71,12.3,28.1,100
2025-11-21T08:00,-0.1,83,-4.3,0.00,0.00,0.00,0.00,3,12.3,28.4,100
2025-11-21T09:00,0.1,86,-4.1,0.00,0.00,0.00,0.01,3,12.0,28.1,100
2025-11-21T10:00,0.3,87,-3.6,0.00,0.00,0.00,0.01,3,10.5,26.6,100
2025-11-21T11:00,0.6,88,-3.2,0.00,0.00,0.00,0.01,3,10.2,23.4,100
2025-11-21T12:00,0.9,89,-2.6,0.10,0.10,0.00,0.01,51,8.5,22.3,100
2025-11-21T13:00,1.1,90,-2.2,0.00,0.00,0.00,0.01,3,7.8,18.4,100
2025-11-21T14:00,1.1,92,-2.0,0.00,0.00,0.00,0.01,3,6.5,16.9,100
2025-11-21T15:00,1.2,90,-1.9,0.00,0.00,0.00,0.01,3,6.1,13.7,100
2025-11-21T16:00,0.9,93,-2.3,0.00,0.00,0.00,0.01,3,6.7,14.0,100
2025-11-21T17:00,0.9,93,-2.2,0.00,0.00,0.00,0.01,3,6.5,14.0,100
2025-11-21T18:00,1.0,93,-1.9,0.00,0.00,0.00,0.01,3,5.0,13.3,100
2025-11-21T19:00,0.9,94,-1.9,0.00,0.00,0.00,0.01,3,4.9,9.7,100
2025-11-21T20:00,0.9,95,-1.9,0.00,0.00,0.00,0.01,3,4.5,10.1,100
2025-11-21T21:00,1.2,97,-1.6,0.00,0.00,0.00,0.01,3,5.7,10.1,100
2025-11-21T22:00,1.2,97,-1.6,0.00,0.00,0.00,0.01,3,4.9,11.5,100
2025-11-21T23:00,1.1,98,-1.7,0.00,0.00,0.00,0.01,3,4.8,9.7,100
2025-11-22T00:00,0.9,99,-1.8,0.00,0.00,0.00,0.01,3,4.8,9.7,100
2025-11-22T01:00,0.6,100,-1.8,0.00,0.00,0.00,0.01,3,2.2,9.4,100
2025-11-22T02:00,0.7,100,-1.8,0.20,0.20,0.00,0.01,51,2.6,5.4,100
2025-11-22T03:00,0.6,99,-2.0,0.40,0.40,0.00,0.00,51,3.1,6.8,100
2025-11-22T04:00,0.4,100,-2.3,1.30,0.50,0.56,0.01,73,3.6,5.4,100
2025-11-22T05:00,0.3,100,-2.4,0.80,0.30,0.35,0.01,73,4.1,9.4,100
2025-11-22T06:00,0.3,100,-2.6,0.30,0.20,0.07,0.01,71,5.8,11.9,100
2025-11-22T07:00,0.4,99,-2.6,0.10,0.00,0.07,0.01,71,6.4,20.2,100
2025-11-22T08:00,0.4,99,-2.4,0.20,0.10,0.07,0.01,71,5.0,13.0,100
2025-11-22T09:00,0.8,99,-2.2,0.20,0.00,0.14,0.01,71,6.1,12.6,100
2025-11-22T10:00,1.1,97,-1.7,0.00,0.00,0.00,0.01,3,5.5,13.7,100
2025-11-22T11:00,1.2,97,-1.6,0.00,0.00,0.00,0.01,3,5.6,11.2,100
2025-11-22T12:00,1.5,95,-1.4,0.00,0.00,0.00,0.01,3,6.1,14.0,100
2025-11-22T13:00,2.0,93,-0.9,0.00,0.00,0.00,0.01,3,6.0,15.1,100
2025-11-22T14:00,2.1,93,-0.8,0.00,0.00,0.00,0.01,3,6.0,16.6,99
2025-11-22T15:00,1.7,93,-1.0,0.00,0.00,0.00,0.00,3,4.6,14.0,100
2025-11-22T16:00,1.6,94,-1.1,0.00,0.00,0.00,0.00,3,4.4,9.4,100
2025-11-22T17:00,1.5,94,-1.5,0.00,0.00,0.00,0.00,3,6.7,13.3,100
2025-11-22T18:00,1.4,93,-1.7,0.00,0.00,0.00,0.00,3,7.1,16.2,100
2025-11-22T19:00,1.1,93,-2.1,0.00,0.00,0.00,0.00,3,7.1,15.8,100
2025-11-22T20:00,0.8,94,-2.0,0.00,0.00,0.00,0.00,3,4.4,15.5,100
2025-11-22T21:00,0.8,99,-1.8,0.30,0.00,0.21,0.00,73,3.8,10.1,100
2025-11-22T22:00,0.5,100,-2.3,0.50,0.10,0.28,0.01,73,4.9,9.4,100
2025-11-22T23:00,0.3,100,-2.4,0.30,0.00,0.21,0.01,73,4.0,10.1,100
2025-11-23T00:00,0.2,98,-2.7,0.10,0.00,0.07,0.01,71,5.0,10.8,100
2025-11-23T01:00,-0.1,97,-2.8,0.00,0.00,0.00,0.01,3,4.0,10.1,100
2025-11-23T02:00,-0.2,96,-3.3,0.00,0.00,0.00,0.01,0,6.1,12.6,2
2025-11-23T03:00,-1.2,95,-4.3,0.00,0.00,0.00,0.00,1,4.6,13.0,34
2025-11-23T04:00,-1.9,96,-5.1,0.00,0.00,0.00,0.00,2,4.8,10.4,74
2025-11-23T05:00,-1.9,95,-5.1,0.00,0.00,0.00,0.00,3,4.5,10.8,94
2025-11-23T06:00,-1.2,95,-4.2,0.00,0.00,0.00,0.00,3,4.0,10.4,100
2025-11-23T07:00,-0.8,95,-3.8,0.00,0.00,0.00,0.00,3,4.8,10.4,100
2025-11-23T08:00,-0.4,94,-3.4,0.00,0.00,0.00,0.00,3,5.2,11.5,100
2025-11-23T09:00,0.3,92,-2.9,0.00,0.00,0.00,0.01,3,6.3,11.2,100
2025-11-23T10:00,0.7,89,-2.5,0.00,0.00,0.00,0.01,3,6.3,14.0,85
2025-11-23T11:00,0.8,82,-2.5,0.00,0.00,0.00,0.01,1,6.0,14.8,41
2025-11-23T12:00,1.0,67,-2.4,0.00,0.00,0.00,0.01,1,4.3,15.5,43
2025-11-23T13:00,0.9,65,-2.3,0.00,0.00,0.00,0.01,0,2.9,12.2,10
2025-11-23T14:00,0.9,65,-2.2,0.00,0.00,0.00,0.01,0,1.8,9.4,13
2025-11-23T15:00,0.2,72,-2.7,0.00,0.00,0.00,0.01,0,1.5,6.8,0
2025-11-23T16:00,-0.4,74,-3.2,0.00,0.00,0.00,0.01,1,1.1,4.3,27
2025-11-23T17:00,-0.6,71,-3.9,0.00,0.00,0.00,0.01,3,3.9,6.8,88
2025-11-23T18:00,-0.9,71,-4.5,0.00,0.00,0.00,0.01,3,5.5,9.4,99
2025-11-23T19:00,-0.9,71,-4.7,0.00,0.00,0.00,0.01,3,6.8,12.6,100
2025-11-23T20:00,-0.5,73,-4.4,0.00,0.00,0.00,0.01,3,8.1,16.2,100
2025-11-23T21:00,-0.7,86,-4.5,0.00,0.00,0.00,0.01,3,9.0,17.6,100
2025-11-23T22:00,-0.7,88,-4.8,0.00,0.00,0.00,0.01,3,11.6,24.8,100
2025-11-23T23:00,-0.9,86,-5.5,0.00,0.00,0.00,0.01,3,14.3,32.0,100
2025-11-24T00:00,-0.8,86,-5.6,0.00,0.00,0.00,0.01,3,15.9,36.0,100
2025-11-24T01:00,-0.7,87,-5.4,0.50,0.00,0.35,0.01,73,15.8,37.4,100
2025-11-24T02:00,-0.7,90,-5.7,0.80,0.80,0.00,0.01,53,17.8,39.6,100
2025-11-24T03:00,-1.0,92,-6.3,3.20,2.80,0.28,0.01,73,19.9,40.0,100
2025-11-24T04:00,-0.7,95,-5.7,0.70,0.70,0.00,0.01,53,18.5,45.0,100
2025-11-24T05:00,-0.1,95,-4.9,1.10,1.10,0.00,0.01,55,17.3,40.0,100
2025-11-24T06:00,0.7,96,-4.0,0.90,0.90,0.00,0.01,53,17.1,37.1,100
2025-11-24T07:00,1.4,96,-3.2,0.10,0.10,0.00,0.01,51,17.3,37.8,100
2025-11-24T08:00,2.1,98,-2.2,0.10,0.10,0.00,0.01,51,16.3,36.7,100
2025-11-24T09:00,2.3,98,-1.8,0.30,0.30,0.00,0.00,51,15.1,34.9,100
2025-11-24T10:00,2.7,99,-1.2,0.90,0.80,0.07,0.00,71,14.9,32.8,100
2025-11-24T11:00,3.4,97,-0.4,1.00,1.00,0.00,0.00,55,14.8,31.7,100
2025-11-24T12:00,3.8,97,0.2,0.30,0.30,0.00,0.00,51,13.8,31.0,100
2025-11-24T13:00,4.3,97,0.7,0.10,0.10,0.00,0.00,51,14.1,29.5,100
2025-11-24T14:00,4.5,97,1.0,0.20,0.20,0.00,0.00,51,14.1,29.5,100
2025-11-24T15:00,5.0,97,1.7,0.30,0.30,0.00,0.00,51,13.2,32.0,100
2025-11-24T16:00,4.4,97,0.7,0.00,0.00,0.00,0.00,3,15.7,32.0,100
2025-11-24T17:00,2.6,96,-1.7,0.00,0.00,0.00,0.00,3,17.2,39.2,100
2025-11-24T18:00,1.7,96,-2.7,0.00,0.00,0.00,0.00,3,16.2,36.7,100
2025-11-24T19:00,1.1,94,-3.4,0.00,0.00,0.00,0.00,3,16.4,37.1,100
2025-11-24T20:00,0.8,92,-3.8,0.00,0.00,0.00,0.00,3,16.6,38.2,100
2025-11-24T21:00,1.3,91,-3.6,0.00,0.00,0.00,0.00,2,18.5,38.2,76
2025-11-24T22:00,1.1,88,-3.8,0.00,0.00,0.00,0.00,3,18.2,41.0,100
2025-11-24T23:00,1.2,83,-3.7,0.00,0.00,0.00,0.00,3,17.1,41.4,100
2025-11-25T00:00,1.1,81,-3.7,0.00,0.00,0.00,0.00,3,16.7,39.2,100
2025-11-25T01:00,1.0,80,-3.9,0.00,0.00,0.00,0.00,3,16.5,39.2,100
2025-11-25T02:00,0.7,81,-3.9,0.00,0.00,0.00,0.00,3,14.9,38.5,100
2025-11-25T03:00,0.1,82,-4.3,0.00,0.00,0.00,0.02,2,12.8,34.9,63
2025-11-25T04:00,-0.5,82,-5.0,0.00,0.00,0.00,0.02,3,13.3,30.2,92
2025-11-25T05:00,-0.6,75,-5.3,0.00,0.00,0.00,0.02,3,13.9,33.5,100
2025-11-25T06:00,-0.7,76,-5.0,0.00,0.00,0.00,0.02,3,11.5,31.0,100
2025-11-25T07:00,-0.6,81,-4.8,0.00,0.00,0.00,0.02,3,10.7,25.9,100
2025-11-25T08:00,-0.6,87,-4.5,0.00,0.00,0.00,0.02,3,10.3,24.1,100
2025-11-25T09:00,0.0,85,-4.2,0.00,0.00,0.00,0.02,3,12.0,26.3,100
2025-11-25T10:00,-0.2,84,-4.3,0.00,0.00,0.00,0.02,3,11.2,27.0,100
2025-11-25T11:00,-0.6,83,-4.6,0.00,0.00,0.00,0.02,3,10.4,25.9,100
2025-11-25T12:00,-0.4,82,-4.2,0.00,0.00,0.00,0.02,3,8.4,24.5,100
2025-11-25T13:00,-0.1,82,-3.3,0.00,0.00,0.00,0.02,3,5.0,19.8,100
2025-11-25T14:00,0.2,84,-3.0,0.00,0.00,0.00,0.02,3,4.9,14.0,100
2025-11-25T15:00,0.7,81,-2.8,0.00,0.00,0.00,0.02,3,6.5,14.4,100
2025-11-25T16:00,0.5,82,-3.0,0.00,0.00,0.00,0.02,3,6.7,14.4,100
2025-11-25T17:00,0.5,84,-3.0,0.00,0.00,0.00,0.02,3,7.3,15.8,100
2025-11-25T18:00,0.6,84,-3.1,0.00,0.00,0.00,0.02,3,8.8,18.7,100
2025-11-25T19:00,0.7,85,-3.1,0.00,0.00,0.00,0.02,3,9.8,21.6,100
2025-11-25T20:00,0.5,87,-3.2,0.00,0.00,0.00,0.02,3,9.6,21.6,100
2025-11-25T21:00,1.0,88,-2.6,0.00,0.00,0.00,0.02,3,9.6,20.9,100
2025-11-25T22:00,0.7,90,-2.9,0.00,0.00,0.00,0.02,3,8.9,20.2,100
2025-11-25T23:00,0.5,91,-3.0,0.00,0.00,0.00,0.02,3,8.5,18.7,100
2025-11-26T00:00,0.6,93,-2.8,0.20,0.00,0.14,0.02,71,7.9,18.4,100
2025-11-26T01:00,0.6,95,-2.8,0.20,0.00,0.14,0.02,71,8.1,16.6,100
2025-11-26T02:00,0.7,96,-2.7,0.20,0.10,0.07,0.02,71,8.5,17.6,100
2025-11-26T03:00,0.7,96,-2.6,0.50,0.10,0.28,0.00,73,7.6,17.6,100
2025-11-26T04:00,0.7,97,-2.5,0.50,0.10,0.28,0.01,73,7.4,15.8,100
2025-11-26T05:00,0.7,98,-2.5,0.60,0.10,0.35,0.01,73,7.6,15.5,100
2025-11-26T06:00,0.6,98,-2.2,0.60,0.10,0.35,0.01,73,5.2,15.5,100
2025-11-26T07:00,0.5,99,-2.4,0.30,0.10,0.14,0.01,71,5.4,11.9,100
2025-11-26T08:00,0.4,99,-2.0,0.30,0.10,0.14,0.02,71,2.4,11.2,100
2025-11-26T09:00,0.4,100,-2.1,0.40,0.10,0.21,0.02,73,3.1,4.3,100
2025-11-26T10:00,0.4,100,-2.0,0.50,0.10,0.28,0.03,73,1.8,5.4,100
2025-11-26T11:00,0.4,100,-1.9,0.40,0.10,0.21,0.03,73,1.3,5.4,100
2025-11-26T12:00,0.4,100,-1.9,0.20,0.10,0.07,0.03,71,1.4,4.7,100
2025-11-26T13:00,0.4,100,-1.9,0.10,0.10,0.00,0.03,51,1.7,4.7,100
2025-11-26T14:00,0.4,100,-2.2,0.10,0.10,0.00,0.03,51,3.7,8.3,100
2025-11-26T15:00,0.5,100,-2.1,0.10,0.00,0.07,0.03,71,3.6,9.7,100
2025-11-26T16:00,0.3,100,-2.3,0.40,0.00,0.28,0.03,73,3.5,6.8,100
2025-11-26T17:00,0.3,100,-2.7,0.30,0.00,0.21,0.03,73,5.6,10.1,100
2025-11-26T18:00,0.3,100,-2.8,0.10,0.10,0.00,0.03,51,6.2,12.6,100
2025-11-26T19:00,0.3,99,-2.6,0.20,0.20,0.00,0.03,51,5.8,12.6,100
2025-11-26T20:00,0.4,99,-2.7,0.20,0.20,0.00,0.03,51,6.7,13.3,100
2025-11-26T21:00,0.7,98,-2.5,0.30,0.30,0.00,0.03,51,8.0,14.8,100
2025-11-26T22:00,0.9,98,-2.3,0.30,0.30,0.00,0.03,51,7.9,16.6,100
2025-11-26T23:00,0.9,99,-2.2,0.20,0.20,0.00,0.03,51,7.1,16.2,100
2025-11-27T00:00,1.0,99,-2.0,0.20,0.20,0.00,0.03,51,6.7,14.4,100
2025-11-27T01:00,1.2,99,-1.7,0.00,0.00,0.00,0.03,3,6.3,13.3,100
2025-11-27T02:00,1.5,99,-1.3,0.10,0.10,0.00,0.02,51,6.3,13.0,100
2025-11-27T03:00,1.4,99,-1.3,0.00,0.00,0.00,0.00,3,5.2,14.0,100
2025-11-27T04:00,2.6,98,-0.4,0.00,0.00,0.00,0.00,3,8.3,16.2,100
2025-11-27T05:00,3.2,98,0.3,0.00,0.00,0.00,0.00,3,8.9,17.3,100
2025-11-27T06:00,3.4,98,0.5,0.00,0.00,0.00,0.00,3,9.2,18.4,100
2025-11-27T07:00,3.5,98,0.5,0.00,0.00,0.00,0.00,3,9.4,19.1,100
2025-11-27T08:00,3.6,98,0.5,0.00,0.00,0.00,0.00,3,10.7,21.2,100
2025-11-27T09:00,4.3,98,1.2,0.00,0.00,0.00,0.01,3,11.0,22.0,100
2025-11-27T10:00,4.2,98,1.1,0.00,0.00,0.00,0.01,3,11.0,22.3,100
2025-11-27T11:00,4.2,98,1.0,0.30,0.30,0.00,0.00,51,12.1,24.8,100
2025-11-27T12:00,4.3,97,1.1,0.50,0.50,0.00,0.00,53,11.3,24.8,100
2025-11-27T13:00,4.5,96,1.3,0.20,0.20,0.00,0.00,51,11.9,24.5,100
2025-11-27T14:00,4.5,97,1.4,0.40,0.40,0.00,0.00,51,11.6,25.2,100
2025-11-27T15:00,4.4,97,1.3,0.00,0.00,0.00,0.00,3,11.6,24.5,100
2025-11-27T16:00,4.5,97,1.3,0.00,0.00,0.00,0.00,3,12.1,25.2,100
2025-11-27T17:00,4.6,96,1.5,0.30,0.30,0.00,0.00,51,10.9,25.2,100
2025-11-27T18:00,4.5,97,1.4,0.60,0.60,0.00,0.00,53,11.5,24.8,100
2025-11-27T19:00,4.5,97,1.4,0.40,0.40,0.00,0.00,51,11.1,23.8,100
2025-11-27T20:00,4.6,97,1.5,0.50,0.50,0.00,0.00,53,11.6,24.1,100
2025-11-27T21:00,4.8,97,1.8,0.40,0.40,0.00,0.00,51,11.2,24.1,100
2025-11-27T22:00,5.0,97,2.2,0.90,0.90,0.00,0.00,53,10.4,23.4,100
2025-11-27T23:00,5.1,97,2.4,1.50,1.50,0.00,0.00,61,9.6,21.2,100
2025-11-28T00:00,5.2,98,2.6,0.70,0.70,0.00,0.00,53,9.4,19.4,100
2025-11-28T01:00,5.4,98,2.8,0.40,0.40,0.00,0.00,51,9.4,19.1,100
2025-11-28T02:00,5.6,97,3.1,0.70,0.70,0.00,0.00,53,8.5,18.7,100
2025-11-28T03:00,5.3,98,3.1,1.00,1.00,0.00,0.00,55,6.1,16.9,100
2025-11-28T04:00,5.5,98,3.4,0.50,0.50,0.00,0.00,53,6.2,13.7,100
2025-11-28T05:00,5.4,99,3.0,0.40,0.40,0.00,0.00,51,7.6,15.1,100
2025-11-28T06:00,4.7,96,2.0,0.00,0.00,0.00,0.00,3,9.2,19.8,100
2025-11-28T07:00,4.0,95,0.9,0.00,0.00,0.00,0.00,3,10.6,22.7,100
2025-11-28T08:00,3.3,93,-0.1,0.00,0.00,0.00,0.00,3,11.4,24.5,100
2025-11-28T09:00,3.2,93,-0.4,0.00,0.00,0.00,0.00,3,12.1,30.2,100
2025-11-28T10:00,3.1,89,-0.0,0.00,0.00,0.00,0.00,3,8.1,27.0,100
2025-11-28T11:00,3.0,87,-0.1,0.00,0.00,0.00,0.00,3,7.7,22.3,100
2025-11-28T12:00,3.1,86,-0.4,0.00,0.00,0.00,0.00,3,10.5,25.6,100
2025-11-28T13:00,3.3,82,-0.2,0.00,0.00,0.00,0.00,3,9.8,27.4,100
2025-11-28T14:00,3.3,80,-0.2,0.00,0.00,0.00,0.00,3,9.2,27.0,100
2025-11-28T15:00,3.3,82,0.2,0.00,0.00,0.00,0.00,3,7.5,23.0,100
2025-11-28T16:00,2.9,85,-0.2,0.00,0.00,0.00,0.00,3,7.7,17.6,100
2025-11-28T17:00,2.7,86,-0.5,0.00,0.00,0.00,0.00,3,8.1,18.7,100
2025-11-28T18:00,2.5,87,-0.9,0.00,0.00,0.00,0.00,3,9.2,20.5,100
2025-11-28T19:00,2.2,87,-1.5,0.00,0.00,0.00,0.00,3,10.7,24.8,100
2025-11-28T20:00,1.7,88,-2.0,0.00,0.00,0.00,0.00,3,10.4,25.9,100
2025-11-28T21:00,1.6,90,-2.0,0.00,0.00,0.00,0.00,3,9.7,27.4,100
2025-11-28T22:00,1.5,89,-2.1,0.00,0.00,0.00,0.00,3,9.3,24.5,100
2025-11-28T23:00,1.5,90,-2.0,0.00,0.00,0.00,0.00,3,9.0,22.3,100
2025-11-29T00:00,1.2,89,-2.4,0.00,0.00,0.00,0.00,3,9.5,23.4,100
2025-11-29T01:00,0.9,88,-2.8,0.00,0.00,0.00,0.00,3,9.7,22.7,100
2025-11-29T02:00,0.6,89,-3.3,0.00,0.00,0.00,0.00,3,10.9,25.9,100
2025-11-29T03:00,0.2,92,-3.4,0.00,0.00,0.00,0.00,3,9.4,26.3,100
2025-11-29T04:00,0.2,92,-3.6,0.00,0.00,0.00,0.00,3,10.4,25.6,100
2025-11-29T05:00,0.3,91,-3.3,0.00,0.00,0.00,0.00,3,9.3,26.3,100
2025-11-29T06:00,0.2,91,-3.3,0.00,0.00,0.00,0.00,3,8.3,24.5,100
2025-11-29T07:00,0.2,91,-3.4,0.00,0.00,0.00,0.00,3,8.4,23.0,100
2025-11-29T08:00,-0.1,91,-3.7,0.00,0.00,0.00,0.00,3,8.8,21.6,100
2025-11-29T09:00,-0.3,92,-4.1,0.00,0.00,0.00,0.00,3,10.1,23.4,100
2025-11-29T10:00,-0.4,92,-4.3,0.00,0.00,0.00,0.00,3,10.8,25.9,100
2025-11-29T11:00,-0.3,92,-4.1,0.00,0.00,0.00,0.00,3,10.2,26.6,100
2025-11-29T12:00,-0.3,91,-4.1,0.00,0.00,0.00,0.00,3,9.6,24.8,100
2025-11-29T13:00,0.1,88,-3.9,0.00,0.00,0.00,0.00,3,11.0,27.0,100
2025-11-29T14:00,0.5,86,-3.4,0.00,0.00,0.00,0.00,3,10.5,26.6,100
2025-11-29T15:00,0.2,87,-3.7,0.00,0.00,0.00,0.00,3,10.4,25.6,100
2025-11-29T16:00,0.2,88,-3.1,0.00,0.00,0.00,0.00,3,6.8,24.1,100
2025-11-29T17:00,0.3,89,-3.2,0.00,0.00,0.00,0.00,3,8.0,17.6,100
2025-11-29T18:00,0.1,90,-3.5,0.00,0.00,0.00,0.00,3,8.3,19.1,100
2025-11-29T19:00,0.0,90,-3.5,0.00,0.00,0.00,0.00,3,7.8,18.7,100
2025-11-29T20:00,0.0,91,-3.5,0.00,0.00,0.00,0.00,3,7.8,18.0,100
2025-11-29T21:00,0.4,92,-3.0,0.00,0.00,0.00,0.00,3,7.8,18.7,100
2025-11-29T22:00,0.5,92,-2.9,0.00,0.00,0.00,0.00,3,8.0,17.6,100
2025-11-29T23:00,0.7,91,-2.8,0.00,0.00,0.00,0.00,3,8.1,17.6,100
2025-11-30T00:00,0.8,92,-2.6,0.20,0.20,0.00,0.00,51,8.0,18.4,100
2025-11-30T01:00,0.9,93,-2.3,0.00,0.00,0.00,0.00,3,7.0,16.9,100
2025-11-30T02:00,1.0,93,-2.2,0.00,0.00,0.00,0.00,3,7.1,15.1,100
2025-11-30T03:00,0.9,90,-2.1,0.00,0.00,0.00,0.00,3,5.6,15.1,97
2025-11-30T04:00,0.6,91,-2.5,0.00,0.00,0.00,0.00,3,6.2,13.0,93
2025-11-30T05:00,0.6,91,-2.6,0.00,0.00,0.00,0.00,3,6.8,13.7,100
2025-11-30T06:00,0.9,90,-2.3,0.00,0.00,0.00,0.00,3,6.5,14.4,100
2025-11-30T07:00,1.1,90,-2.3,0.00,0.00,0.00,0.00,3,8.2,16.9,100
2025-11-30T08:00,1.3,90,-2.1,0.00,0.00,0.00,0.00,3,8.6,19.8,100
2025-11-30T09:00,1.5,92,-1.3,0.00,0.00,0.00,0.00,3,5.0,18.4,100
2025-11-30T10:00,1.7,93,-0.9,0.00,0.00,0.00,0.00,3,3.8,9.4,100
2025-11-30T11:00,1.9,93,-0.7,0.00,0.00,0.00,0.00,3,4.4,9.0,100
2025-11-30T12:00,2.2,93,-0.4,0.00,0.00,0.00,0.00,3,4.3,10.4,100
2025-11-30T13:00,2.3,94,-0.0,0.00,0.00,0.00,0.00,3,2.8,9.0,100
2025-11-30T14:00,2.5,94,-0.0,0.00,0.00,0.00,0.00,3,4.2,8.3,100
2025-11-30T15:00,2.9,94,0.1,0.00,0.00,0.00,0.00,3,6.8,10.4,100
2025-11-30T16:00,2.9,94,0.2,0.00,0.00,0.00,0.00,3,6.1,14.8,100
2025-11-30T17:00,3.0,94,0.5,0.00,0.00,0.00,0.00,3,4.7,12.2,100
2025-11-30T18:00,3.0,94,0.7,0.00,0.00,0.00,0.00,3,3.6,9.0,100
2025-11-30T19:00,3.0,94,0.4,0.00,0.00,0.00,0.00,3,5.3,10.1,100
2025-11-30T20:00,3.0,94,0.3,0.00,0.00,0.00,0.00,3,6.5,13.7,100
2025-11-30T21:00,3.1,95,0.3,0.00,0.00,0.00,0.00,3,6.9,13.3,100
2025-11-30T22:00,3.0,94,0.3,0.00,0.00,0.00,0.00,3,6.0,14.4,100
2025-11-30T23:00,2.9,94,0.2,0.00,0.00,0.00,0.00,3,5.8,13.0,100
2025-12-01T00:00,2.8,94,0.2,0.00,0.00,0.00,0.00,3,5.2,11.9,100
2025-12-01T01:00,2.6,94,0.0,0.00,0.00,0.00,0.00,3,5.1,10.8,100
2025-12-01T02:00,2.6,92,-0.2,0.00,0.00,0.00,0.00,3,6.0,12.6,100
2025-12-01T03:00,2.1,94,-0.9,0.00,0.00,0.00,0.00,2,7.1,15.8,66
2025-12-01T04:00,1.6,94,-1.6,0.00,0.00,0.00,0.00,2,7.9,16.2,61
2025-12-01T05:00,1.0,95,-2.4,0.00,0.00,0.00,0.00,2,8.4,17.3,75
2025-12-01T06:00,0.3,97,-3.1,0.00,0.00,0.00,0.00,3,8.4,17.6,100
2025-12-01T07:00,-0.2,100,-3.7,0.00,0.00,0.00,0.00,3,8.9,20.5,100
2025-12-01T08:00,-0.3,100,-3.9,0.00,0.00,0.00,0.00,3,9.5,23.0,100
2025-12-01T09:00,-0.6,100,-4.0,0.00,0.00,0.00,0.00,3,8.8,21.6,100
2025-12-01T10:00,-0.3,100,-3.8,0.00,0.00,0.00,0.00,3,9.2,19.8,100
2025-12-01T11:00,0.3,95,-3.2,0.00,0.00,0.00,0.00,3,9.2,20.9,100
2025-12-01T12:00,0.8,92,-2.8,0.00,0.00,0.00,0.00,3,9.6,22.0,100
2025-12-01T13:00,1.3,89,-2.2,0.00,0.00,0.00,0.00,3,9.3,22.7,100
2025-12-01T14:00,1.6,87,-2.0,0.00,0.00,0.00,0.00,3,9.5,22.0,88
2025-12-01T15:00,0.3,90,-3.2,0.00,0.00,0.00,0.00,3,8.6,22.3,100
2025-12-01T16:00,0.1,91,-3.4,0.00,0.00,0.00,0.00,3,8.2,20.9,100
2025-12-01T17:00,0.1,91,-3.6,0.00,0.00,0.00,0.00,3,9.2,20.9,100
2025-12-01T18:00,0.0,90,-3.8,0.00,0.00,0.00,0.00,3,9.8,22.3,100
2025-12-01T19:00,0.1,89,-3.7,0.00,0.00,0.00,0.00,3,9.8,22.7,100
2025-12-01T20:00,0.1,89,-3.7,0.00,0.00,0.00,0.00,3,10.3,23.4,100
2025-12-01T21:00,0.1,92,-3.6,0.00,0.00,0.00,0.00,3,9.9,23.4,100
2025-12-01T22:00,0.2,92,-3.6,0.00,0.00,0.00,0.00,3,9.9,22.7,100
2025-12-01T23:00,0.2,93,-3.5,0.00,0.00,0.00,0.00,3,9.4,22.3,100
2025-12-02T00:00,0.2,94,-3.3,0.00,0.00,0.00,0.00,3,8.8,20.9,100
2025-12-02T01:00,0.3,94,-3.1,0.00,0.00,0.00,0.00,3,8.2,19.4,100
2025-12-02T02:00,0.4,94,-3.0,0.00,0.00,0.00,0.00,3,7.6,18.0,100
2025-12-02T03:00,-0.1,92,-3.2,0.00,0.00,0.00,0.00,3,5.9,16.6,100
2025-12-02T04:00,-0.1,93,-3.2,0.00,0.00,0.00,0.00,3,5.8,13.0,100
2025-12-02T05:00,0.0,92,-3.2,0.00,0.00,0.00,0.00,3,6.1,13.3,100
2025-12-02T06:00,0.1,92,-3.1,0.00,0.00,0.00,0.00,3,6.0,13.3,100
2025-12-02T07:00,0.1,93,-3.1,0.00,0.00,0.00,0.00,3,6.2,13.3,100
2025-12-02T08:00,0.2,93,-2.9,0.00,0.00,0.00,0.00,3,5.7,13.3,100
2025-12-02T09:00,0.3,95,-2.8,0.00,0.00,0.00,0.00,3,6.2,11.9,100
2025-12-02T10:00,0.5,94,-2.6,0.00,0.00,0.00,0.00,3,6.7,14.0,100
2025-12-02T11:00,0.6,94,-2.4,0.00,0.00,0.00,0.00,3,5.7,16.2,100
2025-12-02T12:00,0.8,93,-2.1,0.00,0.00,0.00,0.00,3,5.5,13.0,100
2025-12-02T13:00,0.9,93,-2.0,0.00,0.00,0.00,0.00,3,5.1,14.4,100
2025-12-02T14:00,1.0,93,-1.9,0.00,0.00,0.00,0.00,3,4.7,13.7,100
2025-12-02T15:00,0.8,94,-2.1,0.00,0.00,0.00,0.00,3,4.9,10.4,100
2025-12-02T16:00,0.6,95,-2.2,0.00,0.00,0.00,0.00,3,4.5,10.4,100
2025-12-02T17:00,0.6,95,-2.3,0.00,0.00,0.00,0.00,3,4.6,9.7,100
2025-12-02T18:00,0.5,95,-2.2,0.00,0.00,0.00,0.00,3,4.0,9.4,100
2025-12-02T19:00,0.5,96,-2.3,0.00,0.00,0.00,0.00,3,3.8,8.3,100
2025-12-02T20:00,0.5,96,-2.2,0.00,0.00,0.00,0.00,3,3.7,7.9,100
2025-12-02T21:00,0.7,98,-1.9,0.00,0.00,0.00,0.00,3,3.6,7.9,100
2025-12-02T22:00,0.7,98,-1.9,0.00,0.00,0.00,0.00,3,3.9,9.0,100
2025-12-02T23:00,0.7,98,-2.0,0.00,0.00,0.00,0.00,3,3.9,8.6,100
2025-12-03T00:00,0.7,98,-1.9,0.00,0.00,0.00,0.00,3,3.5,8.3,100
2025-12-03T01:00,0.6,98,-2.0,0.00,0.00,0.00,0.00,3,3.6,7.9,100
2025-12-03T02:00,0.6,99,-2.0,0.00,0.00,0.00,0.00,3,3.1,7.9,100
2025-12-03T03:00,0.5,96,-2.0,0.00,0.00,0.00,0.00,3,2.5,6.8,100
2025-12-03T04:00,0.5,97,-2.2,0.00,0.00,0.00,0.00,3,3.9,8.3,100
2025-12-03T05:00,0.4,97,-2.3,0.00,0.00,0.00,0.00,3,4.1,8.6,100
2025-12-03T06:00,0.4,96,-2.4,0.00,0.00,0.00,0.00,3,4.4,9.0,100
2025-12-03T07:00,0.4,95,-2.5,0.00,0.00,0.00,0.00,3,5.0,10.1,100
2025-12-03T08:00,0.5,94,-2.4,0.00,0.00,0.00,0.00,3,4.3,10.1,100
2025-12-03T09:00,0.5,95,-2.1,0.00,0.00,0.00,0.00,3,3.4,8.6,100
2025-12-03T10:00,0.9,93,-1.8,0.00,0.00,0.00,0.00,3,3.6,9.0,100
2025-12-03T11:00,1.1,92,-1.4,0.00,0.00,0.00,0.00,3,2.4,8.6,100
2025-12-03T12:00,1.4,90,-1.2,0.00,0.00,0.00,0.00,3,3.3,9.0,100
2025-12-03T13:00,1.5,89,-1.1,0.00,0.00,0.00,0.00,3,3.1,9.7,100
2025-12-03T14:00,1.6,88,-1.1,0.00,0.00,0.00,0.00,3,3.6,9.7,100
2025-12-03T15:00,1.0,86,-1.8,0.00,0.00,0.00,0.00,3,3.5,9.7,100
2025-12-03T16:00,1.0,88,-1.7,0.00,0.00,0.00,0.00,3,3.1,8.6,100
2025-12-03T17:00,0.9,89,-1.8,0.00,0.00,0.00,0.00,3,3.2,6.5,100
2025-12-03T18:00,0.9,90,-1.8,0.00,0.00,0.00,0.00,3,3.2,6.5,100
2025-12-03T19:00,0.8,92,-2.0,0.00,0.00,0.00,0.00,3,4.3,8.6,100
2025-12-03T20:00,0.8,93,-2.2,0.00,0.00,0.00,0.00,3,5.1,10.8,100
2025-12-03T21:00,0.8,93,-2.2,0.00,0.00,0.00,0.00,3,5.9,11.2,100
2025-12-03T22:00,0.8,92,-2.3,0.00,0.00,0.00,0.00,3,6.0,13.3,100
2025-12-03T23:00,0.8,91,-2.2,0.00,0.00,0.00,0.00,3,5.5,12.6,100
2025-12-04T00:00,0.8,92,-2.4,0.00,0.00,0.00,0.00,3,6.4,13.7,100
2025-12-04T01:00,0.8,92,-2.5,0.00,0.00,0.00,0.00,3,7.4,15.5,100
2025-12-04T02:00,1.1,91,-2.2,0.00,0.00,0.00,0.00,3,7.7,16.2,100
2025-12-04T03:00,0.8,91,-2.4,0.00,0.00,0.00,0.00,3,7.0,16.2,100
2025-12-04T04:00,1.0,91,-2.2,0.00,0.00,0.00,0.00,3,6.9,15.1,100
2025-12-04T05:00,1.0,91,-2.1,0.00,0.00,0.00,0.00,3,5.9,14.4,100
2025-12-04T06:00,1.0,91,-2.0,0.00,0.00,0.00,0.00,3,5.4,12.2,100
2025-12-04T07:00,0.9,93,-2.2,0.00,0.00,0.00,0.00,3,5.9,12.2,100
2025-12-04T08:00,0.9,94,-2.1,0.00,0.00,0.00,0.00,3,6.0,12.6,100
2025-12-04T09:00,1.2,96,-1.9,0.00,0.00,0.00,0.00,3,6.8,12.6,100
2025-12-04T10:00,1.5,96,-1.5,0.00,0.00,0.00,0.00,3,7.0,15.1,100
2025-12-04T11:00,1.9,96,-1.0,0.00,0.00,0.00,0.00,3,6.1,15.5,100
2025-12-04T12:00,2.2,95,-0.8,0.00,0.00,0.00,0.00,3,7.3,16.2,100
2025-12-04T13:00,2.6,94,-0.3,0.00,0.00,0.00,0.00,3,7.5,17.3,100
2025-12-04T14:00,2.8,93,-0.0,0.00,0.00,0.00,0.00,3,6.9,16.6,100
2025-12-04T15:00,2.9,93,0.1,0.00,0.00,0.00,0.00,3,6.9,15.1,100
2025-12-04T16:00,2.8,92,-0.2,0.00,0.00,0.00,0.00,3,8.1,16.9,100
2025-12-04T17:00,2.7,90,-0.4,0.00,0.00,0.00,0.00,3,8.1,17.6,100
2025-12-04T18:00,2.5,89,-0.7,0.00,0.00,0.00,0.00,3,8.4,17.6,100
2025-12-04T19:00,2.4,86,-1.0,0.00,0.00,0.00,0.00,3,8.5,18.7,99
2025-12-04T20:00,2.3,83,-1.1,0.00,0.00,0.00,0.00,3,7.8,18.4,98
2025-12-04T21:00,2.5,83,-0.8,0.00,0.00,0.00,0.00,3,7.5,16.6,100
2025-12-04T22:00,2.5,81,-0.8,0.00,0.00,0.00,0.00,3,7.4,15.8,100
2025-12-04T23:00,2.5,83,-0.7,0.00,0.00,0.00,0.00,3,6.7,15.1,100
2025-12-05T00:00,2.4,86,-0.7,0.00,0.00,0.00,0.00,3,6.5,13.7,100
2025-12-05T01:00,2.1,90,-1.0,0.00,0.00,0.00,0.00,3,7.4,15.1,100
2025-12-05T02:00,2.1,91,-1.1,0.00,0.00,0.00,0.00,3,7.8,16.6,100
2025-12-05T03:00,1.7,88,-1.4,0.00,0.00,0.00,0.00,3,6.7,16.6,100
2025-12-05T04:00,1.6,90,-1.6,0.00,0.00,0.00,0.00,3,7.3,15.1,100
2025-12-05T05:00,1.4,92,-1.7,0.00,0.00,0.00,0.00,3,7.1,15.5,100
2025-12-05T06:00,1.2,94,-1.9,0.00,0.00,0.00,0.00,3,6.7,15.1,100
2025-12-05T07:00,1.1,94,-2.0,0.00,0.00,0.00,0.00,3,6.5,14.0,100
2025-12-05T08:00,1.2,94,-1.8,0.00,0.00,0.00,0.00,3,5.9,13.7,100
2025-12-05T09:00,1.6,96,-1.5,0.00,0.00,0.00,0.00,3,8.0,13.3,100
2025-12-05T10:00,2.0,95,-1.2,0.00,0.00,0.00,0.00,3,8.5,18.7,100
2025-12-05T11:00,2.2,95,-0.8,0.00,0.00,0.00,0.00,3,7.5,19.8,100
2025-12-05T12:00,2.3,95,-0.6,0.00,0.00,0.00,0.00,3,7.2,17.6,100
2025-12-05T13:00,2.6,94,-0.3,0.00,0.00,0.00,0.00,3,6.8,15.5,100
2025-12-05T14:00,2.7,93,-0.1,0.00,0.00,0.00,0.00,3,6.4,14.8,100
2025-12-05T15:00,2.6,92,-0.2,0.00,0.00,0.00,0.00,3,5.7,14.0,100
2025-12-05T16:00,2.5,92,-0.3,0.00,0.00,0.00,0.00,3,6.2,13.0,100
2025-12-05T17:00,2.5,90,-0.5,0.00,0.00,0.00,0.00,3,7.2,15.1,100
2025-12-05T18:00,2.5,89,-0.6,0.00,0.00,0.00,0.00,3,7.4,16.2,97
2025-12-05T19:00,2.2,89,-0.9,0.00,0.00,0.00,0.00,3,7.1,15.8,91
2025-12-05T20:00,1.8,90,-1.3,0.00,0.00,0.00,0.00,0,7.1,14.8,15
2025-12-05T21:00,1.9,92,-1.2,0.00,0.00,0.00,0.00,3,7.0,14.4,96
2025-12-05T22:00,1.9,92,-1.2,0.00,0.00,0.00,0.00,3,7.4,14.8,100
2025-12-05T23:00,2.2,92,-0.9,0.00,0.00,0.00,0.00,3,7.6,15.8,100
2025-12-06T00:00,2.4,92,-0.6,0.00,0.00,0.00,0.00,3,7.2,15.8,100
2025-12-06T01:00,2.5,92,-0.5,0.00,0.00,0.00,0.00,3,7.3,15.1,100
2025-12-06T02:00,2.6,93,-0.4,0.00,0.00,0.00,0.00,3,7.3,15.5,100
2025-12-06T03:00,2.3,92,-0.7,0.00,0.00,0.00,0.00,3,7.2,15.5,100
2025-12-06T04:00,2.4,92,-0.6,0.00,0.00,0.00,0.00,3,7.2,15.8,100
2025-12-06T05:00,2.4,93,-0.5,0.00,0.00,0.00,0.00,3,6.7,15.5,100
2025-12-06T06:00,2.1,94,-0.8,0.00,0.00,0.00,0.00,3,6.4,14.4,100
2025-12-06T07:00,2.0,94,-0.9,0.00,0.00,0.00,0.00,3,6.3,13.0,100
2025-12-06T08:00,1.8,95,-1.2,0.00,0.00,0.00,0.00,3,6.9,14.4,100
2025-12-06T09:00,2.2,96,-0.7,0.00,0.00,0.00,0.00,3,6.9,14.4,100
2025-12-06T10:00,2.5,95,-0.3,0.00,0.00,0.00,0.00,3,6.7,15.8,100
2025-12-06T11:00,3.0,94,-0.0,0.00,0.00,0.00,0.00,3,8.2,18.4,100
2025-12-06T12:00,3.3,93,0.3,0.00,0.00,0.00,0.00,3,8.6,19.8,100
2025-12-06T13:00,3.5,92,0.4,0.00,0.00,0.00,0.00,3,8.8,21.6,100
2025-12-06T14:00,3.5,91,0.6,0.00,0.00,0.00,0.00,3,7.6,22.3,100
2025-12-06T15:00,3.3,93,0.7,0.00,0.00,0.00,0.00,3,5.6,18.4,100
2025-12-06T16:00,3.1,93,0.3,0.00,0.00,0.00,0.00,3,6.7,14.0,100
2025-12-06T17:00,2.9,92,-0.1,0.00,0.00,0.00,0.00,3,7.8,16.6,100
2025-12-06T18:00,2.9,90,-0.2,0.00,0.00,0.00,0.00,3,8.2,17.6,100
2025-12-06T19:00,2.8,90,-0.2,0.00,0.00,0.00,0.00,3,7.8,17.6,100
2025-12-06T20:00,2.7,90,-0.4,0.00,0.00,0.00,0.00,3,7.8,16.9,100
2025-12-06T21:00,3.0,90,-0.2,0.00,0.00,0.00,0.00,3,8.8,18.0,100
2025-12-06T22:00,2.8,89,-0.5,0.00,0.00,0.00,0.00,3,9.1,20.2,100
2025-12-06T23:00,2.4,89,-0.9,0.00,0.00,0.00,0.00,3,9.2,20.2,100
2025-12-07T00:00,2.2,87,-1.3,0.00,0.00,0.00,0.00,3,9.8,22.0,100
2025-12-07T01:00,1.8,86,-1.7,0.00,0.00,0.00,0.00,3,9.2,22.0,100
2025-12-07T02:00,1.6,86,-1.9,0.00,0.00,0.00,0.00,3,8.7,20.9,100
2025-12-07T03:00,1.5,85,-1.7,0.00,0.00,0.00,0.00,3,6.9,20.5,100
2025-12-07T04:00,1.6,85,-1.7,0.00,0.00,0.00,0.00,3,7.0,15.5,100
2025-12-07T05:00,1.4,87,-1.9,0.00,0.00,0.00,0.00,3,7.3,16.6,100
2025-12-07T06:00,1.1,89,-2.1,0.00,0.00,0.00,0.00,3,6.9,16.9,100
2025-12-07T07:00,0.8,91,-2.6,0.00,0.00,0.00,0.00,3,7.9,17.6,100
2025-12-07T08:00,0.7,90,-2.7,0.00,0.00,0.00,0.00,3,8.1,18.4,100
2025-12-07T09:00,0.5,91,-2.9,0.00,0.00,0.00,0.00,3,7.7,18.7,100
2025-12-07T10:00,0.5,89,-3.1,0.00,0.00,0.00,0.00,3,9.2,21.6,100
2025-12-07T11:00,0.5,87,-3.1,0.00,0.00,0.00,0.00,3,8.8,22.0,100
2025-12-07T12:00,0.6,86,-3.1,0.00,0.00,0.00,0.00,3,9.2,22.7,100
2025-12-07T13:00,0.8,85,-2.7,0.00,0.00,0.00,0.00,3,7.6,22.3,100
2025-12-07T14:00,0.9,84,-2.3,0.00,0.00,0.00,0.00,3,6.1,18.7,100
2025-12-07T15:00,0.7,86,-2.5,0.00,0.00,0.00,0.00,3,5.6,15.1,100
2025-12-07T16:00,0.2,87,-3.2,0.00,0.00,0.00,0.00,3,7.2,14.4,100
2025-12-07T17:00,0.4,85,-3.0,0.00,0.00,0.00,0.00,3,7.3,15.8,100
2025-12-07T18:00,0.4,85,-3.1,0.00,0.00,0.00,0.00,3,7.4,15.8,100
2025-12-07T19:00,0.4,85,-3.2,0.00,0.00,0.00,0.00,3,7.7,16.6,100
2025-12-07T20:00,0.3,86,-3.1,0.00,0.00,0.00,0.00,3,7.0,16.6,100
2025-12-07T21:00,0.5,89,-3.0,0.00,0.00,0.00,0.00,3,7.6,15.5,100
2025-12-07T22:00,0.5,90,-2.9,0.00,0.00,0.00,0.00,3,7.1,16.6,100
2025-12-07T23:00,0.5,90,-3.0,0.00,0.00,0.00,0.00,3,7.8,16.9,100
2025-12-08T00:00,0.4,90,-2.9,0.00,0.00,0.00,0.00,3,7.2,17.3,100
2025-12-08T01:00,0.5,90,-2.9,0.00,0.00,0.00,0.00,3,7.3,16.6,100
2025-12-08T02:00,0.5,90,-3.0,0.00,0.00,0.00,0.00,3,7.9,17.6,100
2025-12-08T03:00,0.3,89,-3.0,0.00,0.00,0.00,0.00,3,6.2,18.7,100
2025-12-08T04:00,0.1,89,-3.2,0.00,0.00,0.00,0.00,3,6.0,15.1,100
2025-12-08T05:00,-0.3,89,-3.5,0.00,0.00,0.00,0.00,3,5.8,14.4,100
2025-12-08T06:00,-0.2,89,-3.6,0.00,0.00,0.00,0.00,3,6.8,15.8,100
2025-12-08T07:00,-0.2,89,-3.5,0.00,0.00,0.00,0.00,3,6.8,16.2,100
2025-12-08T08:00,-0.1,88,-3.4,0.00,0.00,0.00,0.00,3,6.5,15.5,100
2025-12-08T09:00,0.3,87,-3.2,0.00,0.00,0.00,0.00,3,7.3,15.1,100
2025-12-08T10:00,0.5,85,-3.2,0.00,0.00,0.00,0.00,3,9.0,21.2,100
2025-12-08T11:00,0.6,86,-3.2,0.00,0.00,0.00,0.00,3,10.1,23.0,100
2025-12-08T12:00,0.8,83,-3.1,0.00,0.00,0.00,0.00,3,10.6,27.4,100
2025-12-08T13:00,0.8,84,-3.2,0.00,0.00,0.00,0.00,3,10.7,25.9,100
2025-12-08T14:00,0.8,84,-3.1,0.00,0.00,0.00,0.00,3,10.5,25.9,100
2025-12-08T15:00,0.3,85,-3.5,0.00,0.00,0.00,0.00,3,9.3,27.0,100
2025-12-08T16:00,0.4,84,-3.4,0.00,0.00,0.00,0.00,3,9.8,22.3,100
2025-12-08T17:00,0.4,84,-3.5,0.00,0.00,0.00,0.00,3,10.4,24.1,100
2025-12-08T18:00,0.2,85,-3.8,0.00,0.00,0.00,0.00,3,11.0,25.2,100
2025-12-08T19:00,-0.1,86,-4.2,0.00,0.00,0.00,0.00,3,11.9,27.4,100
2025-12-08T20:00,-0.3,88,-4.3,0.00,0.00,0.00,0.00,3,11.1,27.7,100
2025-12-08T21:00,-0.2,92,-4.0,0.00,0.00,0.00,0.00,3,10.7,29.9,100
2025-12-08T22:00,-0.2,90,-4.4,0.00,0.00,0.00,0.00,3,12.8,32.4,100
2025-12-08T23:00,-0.3,88,-4.5,0.00,0.00,0.00,0.00,3,12.1,33.1,100
2025-12-09T00:00,-0.3,87,-4.5,0.00,0.00,0.00,0.00,3,12.2,31.3,100
2025-12-09T01:00,-0.1,86,-4.0,0.00,0.00,0.00,0.00,3,10.4,29.9,100
2025-12-09T02:00,0.2,86,-3.8,0.00,0.00,0.00,0.00,3,10.9,25.2,100
2025-12-09T03:00,-0.4,85,-4.4,0.00,0.00,0.00,0.00,3,10.8,27.7,100
2025-12-09T04:00,-0.3,85,-4.5,0.00,0.00,0.00,0.00,3,12.2,27.7,100
2025-12-09T05:00,-0.9,86,-5.4,0.00,0.00,0.00,0.00,3,13.5,34.2,100
2025-12-09T06:00,-1.2,86,-5.7,0.00,0.00,0.00,0.00,3,13.7,33.8,100
2025-12-09T07:00,-1.2,86,-5.9,0.00,0.00,0.00,0.00,3,14.8,33.5,100
2025-12-09T08:00,-1.1,85,-5.8,0.00,0.00,0.00,0.00,3,14.2,33.5,100
2025-12-09T09:00,-0.9,87,-5.6,0.00,0.00,0.00,0.00,3,14.6,36.7,100
2025-12-09T10:00,-0.7,86,-5.2,0.00,0.00,0.00,0.00,3,13.9,33.1,100
2025-12-09T11:00,-0.4,83,-5.3,0.00,0.00,0.00,0.00,3,16.0,38.5,100
2025-12-09T12:00,-0.3,80,-5.5,0.00,0.00,0.00,0.00,3,18.2,42.1,100
2025-12-09T13:00,-0.4,80,-5.4,0.00,0.00,0.00,0.00,3,17.0,43.9,100
2025-12-09T14:00,-0.4,80,-5.3,0.00,0.00,0.00,0.00,3,16.2,38.9,100
2025-12-09T15:00,-0.7,80,-5.3,0.00,0.00,0.00,0.00,3,13.9,39.6,100
2025-12-09T16:00,-0.7,80,-5.1,0.00,0.00,0.00,0.00,3,12.5,33.1,100
2025-12-09T17:00,-0.3,80,-5.1,0.00,0.00,0.00,0.00,3,15.0,34.2,100
2025-12-09T18:00,0.0,81,-4.7,0.00,0.00,0.00,0.00,3,14.9,35.3,100
2025-12-09T19:00,0.1,82,-4.5,0.00,0.00,0.00,0.00,3,14.2,34.6,100
2025-12-09T20:00,0.1,83,-4.5,0.00,0.00,0.00,0.00,3,14.8,34.2,100
2025-12-09T21:00,0.1,84,-4.6,0.00,0.00,0.00,0.00,3,15.1,34.6,100
2025-12-09T22:00,-0.1,84,-4.5,0.20,0.00,0.14,0.00,71,13.9,34.9,100
2025-12-09T23:00,-0.2,84,-4.6,0.20,0.00,0.14,0.00,71,13.7,32.0,100
2025-12-10T00:00,-0.3,84,-4.7,0.20,0.00,0.14,0.00,71,13.3,31.7,100
2025-12-10T01:00,-0.4,84,-4.7,0.20,0.00,0.14,0.00,71,12.4,30.6,100
2025-12-10T02:00,-0.6,86,-4.7,0.30,0.00,0.21,0.01,73,11.5,28.1,100
2025-12-10T03:00,-1.4,87,-5.5,0.30,0.00,0.21,0.00,73,10.1,25.9,100
2025-12-10T04:00,-1.5,86,-5.7,0.20,0.00,0.14,0.00,71,11.2,27.0,100
2025-12-10T05:00,-1.6,87,-5.7,0.20,0.00,0.14,0.00,71,10.2,25.6,100
2025-12-10T06:00,-1.6,86,-5.6,0.20,0.00,0.14,0.01,71,9.6,23.0,100
2025-12-10T07:00,-1.5,86,-5.5,0.20,0.00,0.14,0.01,71,9.4,22.7,100
2025-12-10T08:00,-1.4,86,-5.3,0.10,0.00,0.07,0.01,71,9.0,21.2,100
2025-12-10T09:00,-0.9,89,-4.7,0.10,0.00,0.07,0.02,71,9.3,19.8,100
2025-12-10T10:00,-0.9,90,-4.6,0.10,0.00,0.07,0.02,71,8.9,20.5,100
2025-12-10T11:00,-0.7,90,-4.3,0.10,0.00,0.07,0.02,71,7.8,19.8,100
2025-12-10T12:00,-0.5,89,-4.1,0.00,0.00,0.00,0.02,3,8.5,19.1,100
2025-12-10T13:00,-0.2,88,-3.9,0.00,0.00,0.00,0.02,3,9.2,21.6,100
2025-12-10T14:00,0.1,87,-3.5,0.00,0.00,0.00,0.02,3,7.7,21.6,100
2025-12-10T15:00,0.1,87,-3.4,0.00,0.00,0.00,0.02,3,7.9,18.0,100
2025-12-10T16:00,-0.1,88,-3.5,0.00,0.00,0.00,0.02,3,7.6,17.6,100
2025-12-10T17:00,0.0,89,-3.5,0.00,0.00,0.00,0.02,3,7.8,17.3,100
2025-12-10T18:00,0.0,90,-3.5,0.00,0.00,0.00,0.02,3,7.6,17.3,100
2025-12-10T19:00,0.0,90,-3.5,0.00,0.00,0.00,0.02,3,7.9,17.3,100
2025-12-10T20:00,0.1,90,-3.4,0.00,0.00,0.00,0.02,3,8.2,18.4,100
2025-12-10T21:00,0.2,92,-3.3,0.00,0.00,0.00,0.02,3,8.7,18.0,100
2025-12-10T22:00,0.2,93,-3.3,0.00,0.00,0.00,0.01,3,8.8,19.1,100
2025-12-10T23:00,0.3,94,-3.3,0.00,0.00,0.00,0.01,3,9.2,19.8,100
2025-12-11T00:00,0.5,94,-3.2,0.00,0.00,0.00,0.01,3,9.9,21.2,100
2025-12-11T01:00,0.6,95,-3.1,0.00,0.00,0.00,0.01,3,10.5,23.4,100
2025-12-11T02:00,0.7,95,-3.0,0.00,0.00,0.00,0.01,3,10.8,23.4,100
2025-12-11T03:00,0.8,95,-3.0,0.00,0.00,0.00,0.02,3,11.4,24.5,100
2025-12-11T04:00,0.8,96,-3.2,0.00,0.00,0.00,0.02,3,12.8,28.1,100
2025-12-11T05:00,1.1,96,-2.9,0.00,0.00,0.00,0.02,3,13.4,29.5,100
2025-12-11T06:00,1.3,97,-2.8,0.00,0.00,0.00,0.02,3,14.7,32.0,100
2025-12-11T07:00,1.6,95,-2.6,0.00,0.00,0.00,0.02,3,15.1,33.8,100
2025-12-11T08:00,1.4,98,-2.9,0.60,0.60,0.00,0.02,53,15.8,34.9,100
2025-12-11T09:00,1.6,96,-2.9,0.50,0.50,0.00,0.01,53,17.2,36.4,100
2025-12-11T10:00,1.7,95,-2.8,0.30,0.30,0.00,0.01,51,17.3,37.4,100
2025-12-11T11:00,2.0,94,-2.6,0.20,0.20,0.00,0.01,51,17.6,37.4,100
2025-12-11T12:00,2.1,94,-2.3,0.20,0.20,0.00,0.01,51,17.0,37.4,100
2025-12-11T13:00,2.3,94,-2.0,0.10,0.10,0.00,0.01,51,16.2,36.0,100
2025-12-11T14:00,2.4,95,-1.8,0.00,0.00,0.00,0.01,3,15.5,34.6,100
2025-12-11T15:00,2.6,97,-1.2,0.10,0.10,0.00,0.01,51,13.8,32.8,100
2025-12-11T16:00,2.6,97,-1.1,0.20,0.20,0.00,0.01,51,13.4,28.8,100
2025-12-11T17:00,2.7,98,-1.0,0.30,0.30,0.00,0.01,51,13.1,27.7,100
2025-12-11T18:00,2.8,98,-0.9,0.40,0.40,0.00,0.01,51,13.0,27.0,100
2025-12-11T19:00,2.9,97,-0.6,0.40,0.40,0.00,0.01,51,12.3,26.6,100
2025-12-11T20:00,3.0,97,-0.5,0.40,0.40,0.00,0.00,51,12.2,25.2,100
2025-12-11T21:00,3.4,97,-0.0,0.40,0.40,0.00,0.00,51,12.3,25.2,93
2025-12-11T22:00,3.4,97,-0.1,0.10,0.10,0.00,0.00,51,13.0,26.3,96
2025-12-11T23:00,3.2,97,-0.4,0.00,0.00,0.00,0.00,3,13.3,27.4,100
2025-12-12T00:00,3.1,97,-0.6,0.00,0.00,0.00,0.00,3,13.3,28.1,100
2025-12-12T01:00,3.3,97,-0.3,0.00,0.00,0.00,0.00,3,13.4,28.1,100
2025-12-12T02:00,3.4,98,-0.2,0.00,0.00,0.00,0.00,3,13.4,28.1,100
2025-12-12T03:00,4.4,96,1.1,0.00,0.00,0.00,0.02,3,12.2,28.1,100
2025-12-12T04:00,3.7,97,0.2,0.00,0.00,0.00,0.01,3,12.7,25.6,100
2025-12-12T05:00,3.6,96,-0.1,0.00,0.00,0.00,0.01,3,13.9,28.8,100
2025-12-12T06:00,3.5,96,-0.0,0.20,0.20,0.00,0.01,51,13.0,28.8,100
2025-12-12T07:00,3.7,96,0.1,0.00,0.00,0.00,0.01,3,14.0,29.2,100
2025-12-12T08:00,3.7,96,0.1,0.10,0.10,0.00,0.01,51,13.9,30.2,100
2025-12-12T09:00,3.9,96,0.5,0.00,0.00,0.00,0.01,3,12.4,29.2,100
2025-12-12T10:00,3.8,96,0.6,0.10,0.10,0.00,0.01,51,11.0,25.2,98
2025-12-12T11:00,3.8,96,0.6,0.00,0.00,0.00,0.01,3,10.5,22.3,93
2025-12-12T12:00,3.8,94,0.4,0.40,0.40,0.00,0.00,51,12.4,25.9,100
2025-12-12T13:00,3.4,96,-0.1,0.60,0.60,0.00,0.00,53,12.5,27.0,100
2025-12-12T14:00,3.2,94,-0.5,0.60,0.60,0.00,0.00,53,12.7,26.6,100
2025-12-12T15:00,1.1,98,-2.9,0.70,0.40,0.21,0.01,73,13.8,38.9,100
2025-12-12T16:00,0.5,93,-4.0,0.50,0.00,0.35,0.01,73,15.5,33.8,100
2025-12-12T17:00,-0.2,89,-5.2,0.20,0.00,0.14,0.01,71,18.6,41.0,98
2025-12-12T18:00,-1.5,80,-7.0,0.00,0.00,0.00,0.01,2,18.9,47.5,78
2025-12-12T19:00,-3.0,76,-8.7,0.00,0.00,0.00,0.01,3,18.9,43.9,91
2025-12-12T20:00,-3.4,78,-8.7,0.00,0.00,0.00,0.01,3,16.6,42.8,100
2025-12-12T21:00,-3.8,76,-9.4,0.00,0.00,0.00,0.01,3,18.2,49.3,100
2025-12-12T22:00,-3.6,73,-9.5,0.10,0.00,0.07,0.01,71,19.5,51.1,55
2025-12-12T23:00,-3.8,72,-10.0,0.10,0.00,0.07,0.01,71,21.1,50.4,77
2025-12-13T00:00,-3.9,70,-9.8,0.00,0.00,0.00,0.01,3,19.5,49.3,95
2025-12-13T01:00,-3.9,68,-10.1,0.10,0.00,0.07,0.01,71,21.4,55.4,86
2025-12-13T02:00,-4.1,70,-9.9,0.00,0.00,0.00,0.01,3,18.9,55.4,98
2025-12-13T03:00,-4.2,62,-10.6,0.00,0.00,0.00,0.01,3,21.6,54.4,100
2025-12-13T04:00,-4.2,63,-11.1,0.10,0.00,0.07,0.01,71,25.0,56.9,73
2025-12-13T05:00,-4.7,67,-11.1,0.10,0.00,0.07,0.01,71,22.2,58.3,77
2025-12-13T06:00,-4.8,66,-11.1,0.00,0.00,0.00,0.01,3,21.2,53.3,100
2025-12-13T07:00,-4.8,65,-11.4,0.10,0.00,0.07,0.01,71,22.7,52.9,100
2025-12-13T08:00,-5.0,64,-11.5,0.00,0.00,0.07,0.01,71,22.2,52.6,100
2025-12-13T09:00,-5.1,65,-11.3,0.00,0.00,0.00,0.02,3,20.3,53.3,100
2025-12-13T10:00,-5.0,65,-11.3,0.00,0.00,0.00,0.02,3,20.4,52.2,100
2025-12-13T11:00,-5.0,65,-11.4,0.00,0.00,0.00,0.02,3,21.2,50.4,100
2025-12-13T12:00,-5.1,67,-11.6,0.00,0.00,0.00,0.02,3,22.2,54.7,100
2025-12-13T13:00,-5.3,67,-11.6,0.00,0.00,0.00,0.02,3,21.1,52.6,100
2025-12-13T14:00,-5.4,68,-11.9,0.00,0.00,0.00,0.02,3,22.2,49.3,100
2025-12-13T15:00,-5.6,68,-12.1,0.00,0.00,0.00,0.02,3,22.0,51.1,100
2025-12-13T16:00,-5.2,68,-11.4,0.00,0.00,0.00,0.02,3,20.2,54.4,100
2025-12-13T17:00,-5.0,70,-10.8,0.00,0.00,0.00,0.02,3,18.1,52.6,100
2025-12-13T18:00,-4.9,69,-10.6,0.00,0.00,0.00,0.02,3,17.3,43.6,100
2025-12-13T19:00,-4.9,70,-10.6,0.00,0.00,0.00,0.02,2,17.2,41.8,70
2025-12-13T20:00,-5.0,71,-10.6,0.10,0.00,0.07,0.02,71,16.3,40.3,77
2025-12-13T21:00,-5.0,73,-10.5,0.20,0.00,0.14,0.02,71,16.1,40.3,100
2025-12-13T22:00,-5.1,74,-10.6,0.00,0.00,0.00,0.02,3,16.1,41.4,100
2025-12-13T23:00,-5.1,74,-10.6,0.10,0.00,0.07,0.02,71,16.1,37.8,100
2025-12-14T00:00,-5.1,74,-10.8,0.20,0.00,0.14,0.02,71,17.1,40.0,100
2025-12-14T01:00,-5.2,76,-10.5,0.20,0.00,0.14,0.02,71,14.8,38.5,100
2025-12-14T02:00,-5.2,75,-10.2,0.10,0.00,0.07,0.02,71,13.1,34.6,100
2025-12-14T03:00,-5.4,80,-10.5,0.00,0.00,0.00,0.02,3,13.7,32.4,100
2025-12-14T04:00,-5.4,73,-10.6,0.00,0.00,0.00,0.02,3,13.8,33.1,100
2025-12-14T05:00,-5.4,71,-10.7,0.00,0.00,0.00,0.02,3,14.2,33.5,99
2025-12-14T06:00,-5.5,74,-10.4,0.00,0.00,0.00,0.02,3,11.8,32.8,97
2025-12-14T07:00,-5.6,78,-10.4,0.00,0.00,0.00,0.02,3,11.0,28.4,100
2025-12-14T08:00,-5.7,78,-10.6,0.10,0.00,0.07,0.02,71,12.5,31.3,100
2025-12-14T09:00,-6.0,80,-11.2,0.00,0.00,0.00,0.03,3,14.1,31.7,100
2025-12-14T10:00,-6.1,79,-11.3,0.00,0.00,0.00,0.03,3,13.9,33.1,100
2025-12-14T11:00,-6.0,79,-11.1,0.00,0.00,0.00,0.03,3,13.2,34.9,100
2025-12-14T12:00,-6.0,75,-11.4,0.00,0.00,0.00,0.03,3,15.4,36.4,100
2025-12-14T13:00,-6.0,72,-11.5,0.00,0.00,0.00,0.03,3,15.7,36.7,100
2025-12-14T14:00,-6.0,69,-11.5,0.00,0.00,0.00,0.03,3,15.3,40.0,98
2025-12-14T15:00,-5.8,70,-11.2,0.00,0.00,0.00,0.02,3,15.2,39.2,100
2025-12-14T16:00,-6.0,70,-11.1,0.00,0.00,0.00,0.02,3,12.6,35.3,100
2025-12-14T17:00,-6.2,70,-11.3,0.00,0.00,0.00,0.02,3,12.8,29.5,100
2025-12-14T18:00,-6.3,71,-11.4,0.00,0.00,0.00,0.02,3,12.2,29.9,100
2025-12-14T19:00,-6.5,71,-11.5,0.00,0.00,0.00,0.02,3,11.6,28.4,99
2025-12-14T20:00,-6.7,72,-11.7,0.00,0.00,0.00,0.02,3,11.8,28.1,100
2025-12-14T21:00,-7.4,75,-12.5,0.00,0.00,0.00,0.02,3,11.9,27.7,100
2025-12-14T22:00,-7.9,74,-12.8,0.00,0.00,0.00,0.02,3,10.7,27.0,95
2025-12-14T23:00,-8.1,75,-13.0,0.00,0.00,0.00,0.02,3,10.3,25.2,100
2025-12-15T00:00,-8.3,75,-13.1,0.00,0.00,0.00,0.02,3,9.7,24.8,100
2025-12-15T01:00,-8.8,76,-13.4,0.00,0.00,0.00,0.02,2,7.7,23.4,67
2025-12-15T02:00,-9.4,78,-13.9,0.00,0.00,0.00,0.02,3,7.5,18.4,84
2025-12-15T03:00,-9.7,88,-13.8,0.00,0.00,0.00,0.03,0,4.9,17.6,14
2025-12-15T04:00,-11.1,90,-15.1,0.00,0.00,0.00,0.03,1,4.3,10.4,34
2025-12-15T05:00,-10.4,90,-14.4,0.00,0.00,0.00,0.03,3,4.8,11.9,90
2025-12-15T06:00,-10.4,91,-14.4,0.00,0.00,0.00,0.03,3,4.4,11.5,100
2025-12-15T07:00,-8.8,90,-12.9,0.00,0.00,0.00,0.03,3,5.9,14.8,100
2025-12-15T08:00,-8.9,90,-12.9,0.00,0.00,0.00,0.03,3,5.4,14.8,100
2025-12-15T09:00,-9.0,89,-13.1,0.00,0.00,0.00,0.03,3,5.7,13.7,100
2025-12-15T10:00,-8.7,87,-12.7,0.00,0.00,0.00,0.03,3,5.3,13.7,100
2025-12-15T11:00,-8.1,86,-12.2,0.10,0.00,0.07,0.03,71,6.0,14.8,100
2025-12-15T12:00,-7.5,84,-11.5,0.00,0.00,0.00,0.03,3,5.4,14.8,100
2025-12-15T13:00,-6.9,84,-10.9,0.00,0.00,0.00,0.03,3,6.0,15.1,100
2025-12-15T14:00,-6.3,83,-10.2,0.00,0.00,0.00,0.03,3,5.3,15.1,100
2025-12-15T15:00,-6.0,83,-9.8,0.00,0.00,0.00,0.03,3,4.8,13.0,100
2025-12-15T16:00,-6.3,84,-9.9,0.00,0.00,0.00,0.03,3,3.1,11.5,100
2025-12-15T17:00,-6.4,84,-10.0,0.00,0.00,0.00,0.03,3,3.4,8.3,100
2025-12-15T18:00,-6.1,84,-9.7,0.00,0.00,0.00,0.03,3,3.6,9.4,100
2025-12-15T19:00,-6.1,85,-9.6,0.00,0.00,0.00,0.03,3,2.4,8.3,100
2025-12-15T20:00,-5.7,84,-9.1,0.00,0.00,0.00,0.03,3,2.3,6.8,100
2025-12-15T21:00,-6.0,85,-9.7,0.00,0.00,0.00,0.03,3,4.1,5.8,100
2025-12-15T22:00,-6.1,86,-9.7,0.00,0.00,0.00,0.03,3,3.8,9.7,100
2025-12-15T23:00,-6.1,87,-9.7,0.00,0.00,0.00,0.03,3,3.9,9.4,100
2025-12-16T00:00,-6.3,88,-9.7,0.00,0.00,0.00,0.03,3,2.6,9.0,100
2025-12-16T01:00,-6.0,88,-9.5,0.00,0.00,0.00,0.03,3,2.8,6.8,100
2025-12-16T02:00,-5.8,88,-9.4,0.00,0.00,0.00,0.03,3,4.5,10.1,100
2025-12-16T03:00,-6.4,88,-10.2,0.00,0.00,0.00,0.03,3,5.5,10.8,100
2025-12-16T04:00,-6.4,89,-10.3,0.00,0.00,0.00,0.03,3,5.7,12.2,100
2025-12-16T05:00,-6.1,89,-10.2,0.00,0.00,0.00,0.03,3,7.3,15.5,100
2025-12-16T06:00,-5.8,90,-9.8,0.00,0.00,0.00,0.03,3,7.0,16.2,100
2025-12-16T07:00,-5.4,90,-9.4,0.00,0.00,0.00,0.03,3,7.7,16.6,100
2025-12-16T08:00,-4.8,90,-8.9,0.00,0.00,0.00,0.03,3,8.2,17.6,100
2025-12-16T09:00,-4.1,91,-8.2,0.00,0.00,0.00,0.03,3,9.1,19.1,100
2025-12-16T10:00,-3.4,92,-7.6,0.10,0.00,0.07,0.03,71,10.7,22.3,100
2025-12-16T11:00,-2.4,92,-6.6,0.20,0.00,0.14,0.03,71,11.0,23.8,100
2025-12-16T12:00,-1.3,93,-5.3,0.30,0.00,0.21,0.03,73,10.6,23.4,100
2025-12-16T13:00,-0.2,93,-4.2,0.70,0.10,0.42,0.04,73,11.6,24.5,100
2025-12-16T14:00,0.6,93,-3.4,0.10,0.00,0.07,0.04,71,12.3,25.9,100
2025-12-16T15:00,1.0,95,-3.0,0.00,0.00,0.00,0.05,3,12.6,27.0,100
2025-12-16T16:00,1.1,96,-2.9,0.00,0.00,0.00,0.05,3,13.2,28.4,100
2025-12-16T17:00,1.3,95,-2.7,0.00,0.00,0.00,0.04,3,13.3,28.4,100
2025-12-16T18:00,1.4,95,-2.7,0.00,0.00,0.00,0.04,3,14.3,31.3,100
2025-12-16T19:00,1.4,94,-2.7,0.00,0.00,0.00,0.04,3,14.0,31.3,100
2025-12-16T20:00,1.3,94,-2.7,0.00,0.00,0.00,0.04,3,13.6,30.2,100
2025-12-16T21:00,1.5,94,-2.4,0.00,0.00,0.00,0.04,3,13.2,29.5,100
2025-12-16T22:00,1.5,94,-2.5,0.00,0.00,0.00,0.04,3,13.0,28.4,100
2025-12-16T23:00,1.5,93,-2.5,0.00,0.00,0.00,0.04,3,12.8,28.1,100
2025-12-17T00:00,1.5,93,-2.4,0.10,0.10,0.00,0.04,51,12.1,27.4,100
2025-12-17T01:00,1.5,94,-2.3,0.00,0.00,0.00,0.04,3,11.9,25.9,100
2025-12-17T02:00,1.7,95,-2.1,0.00,0.00,0.00,0.03,3,12.1,26.3,100
2025-12-17T03:00,1.6,95,-2.2,0.00,0.00,0.00,0.03,3,11.9,25.6,100
2025-12-17T04:00,1.5,96,-2.3,0.00,0.00,0.00,0.03,3,12.2,26.3,100
2025-12-17T05:00,1.5,96,-2.3,0.00,0.00,0.00,0.03,3,12.4,27.0,100
2025-12-17T06:00,1.5,97,-2.2,0.00,0.00,0.00,0.03,3,11.7,26.6,100
2025-12-17T07:00,1.4,97,-2.2,0.00,0.00,0.00,0.03,3,11.2,24.8,100
2025-12-17T08:00,1.3,98,-2.4,0.00,0.00,0.00,0.02,3,11.2,24.1,100
2025-12-17T09:00,1.5,99,-2.1,0.00,0.00,0.00,0.02,3,11.1,25.2,100
2025-12-17T10:00,1.4,98,-2.1,0.00,0.00,0.00,0.02,3,10.5,23.4,100
2025-12-17T11:00,1.4,98,-1.9,0.00,0.00,0.00,0.02,3,9.3,22.3,100
2025-12-17T12:00,1.5,98,-1.6,0.00,0.00,0.00,0.02,3,7.7,20.2,100
2025-12-17T13:00,1.5,98,-1.5,0.00,0.00,0.00,0.02,3,6.9,16.6,100
2025-12-17T14:00,1.8,96,-1.4,0.00,0.00,0.00,0.02,3,8.2,16.2,100
2025-12-17T15:00,1.2,97,-1.8,0.00,0.00,0.00,0.02,3,6.6,16.9,100
2025-12-17T16:00,0.9,97,-2.2,0.00,0.00,0.00,0.02,3,7.2,15.5,100
2025-12-17T17:00,0.8,97,-2.3,0.00,0.00,0.00,0.02,3,6.5,15.1,100
2025-12-17T18:00,0.7,97,-2.5,0.00,0.00,0.00,0.02,3,7.3,15.5,100
2025-12-17T19:00,0.6,97,-2.7,0.00,0.00,0.00,0.02,3,7.7,16.2,100
2025-12-17T20:00,0.5,97,-2.8,0.00,0.00,0.00,0.02,3,7.8,16.9,100
2025-12-17T21:00,0.4,98,-2.8,0.00,0.00,0.00,0.02,3,7.6,16.2,100
2025-12-17T22:00,0.4,97,-3.0,0.00,0.00,0.00,0.02,3,8.6,18.4,100
2025-12-17T23:00,0.3,97,-3.1,0.00,0.00,0.00,0.02,3,8.9,19.1,100
2025-12-18T00:00,0.2,98,-3.4,0.00,0.00,0.00,0.02,3,10.1,22.0,100
2025-12-18T01:00,0.2,97,-3.6,0.00,0.00,0.00,0.02,3,10.7,24.8,100
2025-12-18T02:00,0.0,97,-3.8,0.00,0.00,0.00,0.02,3,11.1,24.1,100
2025-12-18T03:00,-0.2,98,-4.1,0.00,0.00,0.00,0.01,3,12.1,27.4,100
2025-12-18T04:00,-0.1,97,-4.1,0.00,0.00,0.00,0.01,3,12.1,27.0,100
2025-12-18T05:00,-0.1,98,-4.0,0.00,0.00,0.00,0.01,3,12.3,27.7,100
2025-12-18T06:00,-0.1,98,-3.9,0.00,0.00,0.00,0.01,3,11.2,27.0,100
2025-12-18T07:00,-0.1,97,-4.2,0.00,0.00,0.00,0.01,3,12.8,28.4,100
2025-12-18T08:00,-0.2,96,-4.3,0.00,0.00,0.00,0.01,3,12.7,29.5,100
2025-12-18T09:00,-0.1,96,-4.2,0.00,0.00,0.00,0.01,3,12.6,29.2,100
2025-12-18T10:00,-0.1,96,-4.4,0.00,0.00,0.00,0.01,3,14.4,31.7,100
2025-12-18T11:00,0.0,94,-4.6,0.00,0.00,0.00,0.01,3,15.7,36.7,100
2025-12-18T12:00,0.1,92,-4.2,0.00,0.00,0.00,0.01,3,14.2,37.1,100
2025-12-18T13:00,0.2,92,-3.7,0.00,0.00,0.00,0.01,3,11.4,32.0,100
2025-12-18T14:00,0.3,92,-3.6,0.00,0.00,0.00,0.01,3,11.3,26.6,100
2025-12-18T15:00,0.4,93,-3.5,0.00,0.00,0.00,0.01,3,11.2,28.8,100
2025-12-18T16:00,0.4,94,-3.5,0.00,0.00,0.00,0.01,3,11.0,25.2,100
2025-12-18T17:00,0.6,93,-3.4,0.00,0.00,0.00,0.01,3,12.3,27.4,100
2025-12-18T18:00,0.8,93,-3.2,0.00,0.00,0.00,0.01,3,12.3,28.1,100
2025-12-18T19:00,0.9,93,-3.0,0.00,0.00,0.00,0.01,3,12.3,27.7,100
2025-12-18T20:00,1.1,91,-2.9,0.00,0.00,0.00,0.01,3,12.6,28.4,100
2025-12-18T21:00,1.2,91,-2.7,0.00,0.00,0.00,0.01,3,11.8,28.4,100
2025-12-18T22:00,1.3,91,-2.6,0.00,0.00,0.00,0.01,3,11.9,26.6,100
2025-12-18T23:00,1.4,91,-2.5,0.00,0.00,0.00,0.01,3,12.0,27.0,100
2025-12-19T00:00,1.4,92,-2.5,0.00,0.00,0.00,0.01,3,11.7,27.0,100
2025-12-19T01:00,1.4,92,-2.2,0.00,0.00,0.00,0.01,3,10.1,26.3,100
2025-12-19T02:00,1.2,92,-2.4,0.00,0.00,0.00,0.01,3,10.0,22.7,100
2025-12-19T03:00,1.0,93,-2.6,0.00,0.00,0.00,0.01,3,10.3,23.4,100
2025-12-19T04:00,0.8,94,-2.8,0.00,0.00,0.00,0.01,3,10.1,23.0,100
2025-12-19T05:00,0.7,94,-2.9,0.00,0.00,0.00,0.01,3,9.9,22.7,100
2025-12-19T06:00,0.5,95,-3.1,0.00,0.00,0.00,0.01,3,9.6,22.3,100
2025-12-19T07:00,0.4,95,-3.2,0.00,0.00,0.00,0.01,3,10.0,22.3,100
2025-12-19T08:00,0.3,95,-3.4,0.00,0.00,0.00,0.01,3,9.6,23.0,100
2025-12-19T09:00,0.0,95,-3.5,0.00,0.00,0.00,0.01,3,9.1,22.0,100
2025-12-19T10:00,-0.2,95,-4.0,0.00,0.00,0.00,0.01,3,10.3,24.1,100
2025-12-19T11:00,-0.4,93,-4.2,0.00,0.00,0.00,0.01,3,10.5,25.2,100
2025-12-19T12:00,-0.5,92,-4.3,0.00,0.00,0.00,0.01,3,10.6,25.6,100
2025-12-19T13:00,-0.5,91,-4.5,0.00,0.00,0.00,0.01,3,11.2,26.6,100
2025-12-19T14:00,-0.6,91,-4.6,0.00,0.00,0.00,0.01,3,11.2,27.0,100
2025-12-19T15:00,-1.3,94,-5.0,0.00,0.00,0.00,0.01,3,9.0,26.3,100
2025-12-19T16:00,-1.3,92,-5.2,0.00,0.00,0.00,0.01,3,10.2,23.0,100
2025-12-19T17:00,-1.2,92,-4.9,0.10,0.10,0.00,0.01,51,8.9,23.8,100
2025-12-19T18:00,-1.0,91,-4.8,0.10,0.10,0.00,0.01,51,9.0,20.9,100
2025-12-19T19:00,-0.7,91,-4.4,0.00,0.00,0.00,0.01,3,8.6,21.6,100
2025-12-19T20:00,-0.6,91,-4.2,0.00,0.00,0.00,0.01,3,8.5,19.1,100
2025-12-19T21:00,-0.8,92,-4.4,0.00,0.00,0.00,0.01,3,7.8,18.7,100
2025-12-19T22:00,-0.9,93,-4.6,0.00,0.00,0.00,0.01,3,8.6,18.4,100
2025-12-19T23:00,-0.7,93,-4.4,0.00,0.00,0.00,0.01,3,8.8,19.1,100
2025-12-20T00:00,-0.6,93,-4.2,0.00,0.00,0.00,0.01,3,8.7,19.1,100
2025-12-20T01:00,-0.5,93,-4.1,0.00,0.00,0.00,0.01,3,8.8,18.7,100
2025-12-20T02:00,-0.5,94,-4.0,0.00,0.00,0.00,0.01,3,8.2,19.1,100
2025-12-20T03:00,-0.8,94,-4.3,0.00,0.00,0.00,0.00,3,8.4,17.6,100
2025-12-20T04:00,-0.9,94,-4.5,0.00,0.00,0.00,0.00,3,8.8,18.7,100
2025-12-20T05:00,-0.7,94,-4.4,0.00,0.00,0.00,0.00,3,9.2,20.2,100
2025-12-20T06:00,-0.5,93,-4.4,0.00,0.00,0.00,0.00,3,10.4,22.3,100
2025-12-20T07:00,-0.3,94,-4.1,0.00,0.00,0.00,0.00,3,10.3,23.4,100
2025-12-20T08:00,-0.2,95,-3.9,0.00,0.00,0.00,0.00,3,10.4,22.3,100
2025-12-20T09:00,-0.9,94,-5.0,0.00,0.00,0.00,0.00,3,12.2,24.5,100
2025-12-20T10:00,-0.9,96,-4.8,0.00,0.00,0.00,0.00,3,11.1,26.6,100
2025-12-20T11:00,-0.6,94,-4.6,0.00,0.00,0.00,0.00,3,11.7,26.3,100
2025-12-20T12:00,-0.4,92,-4.4,0.00,0.00,0.00,0.00,3,11.5,27.7,100
2025-12-20T13:00,-0.2,91,-4.3,0.00,0.00,0.00,0.00,3,11.7,27.0,100
2025-12-20T14:00,-0.2,91,-4.2,0.00,0.00,0.00,0.00,3,11.7,28.1,100
2025-12-20T15:00,-0.4,93,-4.0,0.00,0.00,0.00,0.00,3,9.0,26.6,100
2025-12-20T16:00,-0.5,95,-4.4,0.00,0.00,0.00,0.00,3,11.5,25.9,100
2025-12-20T17:00,-0.4,96,-4.5,0.00,0.00,0.00,0.00,3,12.2,27.4,100
2025-12-20T18:00,-0.5,97,-4.6,0.00,0.00,0.00,0.00,3,12.6,29.2,100
2025-12-20T19:00,-0.6,97,-4.7,0.00,0.00,0.00,0.00,3,12.6,29.2,100
2025-12-20T20:00,-0.7,98,-4.9,0.00,0.00,0.00,0.00,3,13.5,30.6,100
2025-12-20T21:00,-0.9,97,-5.1,0.00,0.00,0.00,0.00,3,13.5,31.0,100
2025-12-20T22:00,-0.9,97,-5.1,0.00,0.00,0.00,0.00,3,12.9,30.2,100
2025-12-20T23:00,-0.9,97,-5.1,0.00,0.00,0.00,0.00,3,12.9,29.5,100
2025-12-21T00:00,-0.7,96,-4.9,0.00,0.00,0.00,0.00,3,13.4,30.2,100
2025-12-21T01:00,-0.5,95,-4.7,0.00,0.00,0.00,0.00,3,13.5,31.0,100
2025-12-21T02:00,-0.1,94,-4.4,0.00,0.00,0.00,0.00,3,13.8,31.7,100
2025-12-21T03:00,-0.5,94,-4.7,0.00,0.00,0.00,0.00,3,12.6,31.3,100
2025-12-21T04:00,-0.3,93,-4.3,0.00,0.00,0.00,0.00,3,11.9,28.1,100
2025-12-21T05:00,-0.2,94,-4.1,0.00,0.00,0.00,0.00,3,11.7,27.0,100
2025-12-21T06:00,0.0,94,-3.9,0.30,0.00,0.21,0.00,73,11.4,26.3,100
2025-12-21T07:00,0.1,93,-3.8,0.10,0.00,0.07,0.00,71,11.3,25.2,100
2025-12-21T08:00,0.2,92,-3.7,0.00,0.00,0.07,0.00,71,11.0,24.8,100
2025-12-21T09:00,0.1,93,-3.6,0.00,0.00,0.00,0.01,3,10.1,24.1,100
2025-12-21T10:00,0.2,93,-3.5,0.00,0.00,0.00,0.01,3,10.1,22.7,100
2025-12-21T11:00,0.4,92,-3.4,0.00,0.00,0.00,0.01,3,10.6,24.1,100
2025-12-21T12:00,0.5,91,-3.5,0.00,0.00,0.00,0.01,3,12.0,27.4,100
2025-12-21T13:00,0.4,91,-3.4,0.00,0.00,0.00,0.01,3,10.0,28.1,100
2025-12-21T14:00,0.3,90,-3.5,0.00,0.00,0.00,0.01,3,10.2,26.6,100
2025-12-21T15:00,0.2,92,-3.1,0.00,0.00,0.00,0.00,3,7.2,25.2,100
2025-12-21T16:00,0.2,93,-3.3,0.00,0.00,0.00,0.00,3,8.5,18.4,100
2025-12-21T17:00,0.1,94,-3.5,0.00,0.00,0.00,0.00,3,9.4,20.5,100
2025-12-21T18:00,0.2,94,-3.5,0.00,0.00,0.00,0.00,3,9.4,21.2,100
2025-12-21T19:00,0.2,94,-3.2,0.00,0.00,0.00,0.00,3,8.3,20.9,100
2025-12-21T20:00,0.3,94,-3.3,0.00,0.00,0.00,0.00,3,9.3,20.2,100
2025-12-21T21:00,0.6,95,-2.9,0.00,0.00,0.00,0.01,3,9.5,20.9,100
2025-12-21T22:00,0.7,95,-2.9,0.10,0.10,0.00,0.01,51,10.3,22.7,100
2025-12-21T23:00,0.7,94,-2.8,0.00,0.00,0.00,0.01,3,9.6,22.7,100
2025-12-22T00:00,0.6,95,-2.9,0.10,0.00,0.07,0.01,71,9.5,21.2,100
2025-12-22T01:00,0.6,96,-3.1,0.30,0.10,0.14,0.01,71,10.3,22.7,100
2025-12-22T02:00,0.6,95,-3.0,0.20,0.10,0.07,0.01,71,10.1,22.7,100
2025-12-22T03:00,0.3,92,-3.3,0.10,0.00,0.07,0.00,71,8.9,21.6,100
2025-12-22T04:00,0.5,94,-3.0,0.00,0.00,0.00,0.00,3,9.4,20.5,100
2025-12-22T05:00,0.6,95,-3.0,0.00,0.00,0.00,0.00,3,10.0,22.0,100
2025-12-22T06:00,0.8,96,-2.8,0.00,0.00,0.00,0.00,3,10.1,22.0,100
2025-12-22T07:00,0.9,97,-2.6,0.00,0.00,0.00,0.00,3,9.8,22.0,100
2025-12-22T08:00,1.1,96,-2.4,0.00,0.00,0.00,0.00,3,9.6,21.6,100
2025-12-22T09:00,0.9,97,-2.7,0.10,0.10,0.00,0.00,51,10.5,21.6,100
2025-12-22T10:00,0.8,97,-2.8,0.30,0.10,0.14,0.00,71,10.6,23.0,100
2025-12-22T11:00,1.1,95,-2.6,0.10,0.10,0.00,0.00,51,11.2,25.2,100
2025-12-22T12:00,1.2,93,-2.9,0.10,0.10,0.00,0.00,51,13.6,30.2,100
2025-12-22T13:00,1.0,91,-3.7,0.00,0.00,0.00,0.00,3,16.8,38.2,100
2025-12-22T14:00,0.5,86,-4.6,0.00,0.00,0.00,0.00,3,18.4,42.5,100
2025-12-22T15:00,-0.5,82,-5.5,0.10,0.00,0.07,0.01,71,16.9,43.9,100
2025-12-22T16:00,-1.2,80,-6.5,0.00,0.00,0.00,0.01,3,17.8,41.8,100
2025-12-22T17:00,-2.1,76,-7.5,0.00,0.00,0.00,0.01,3,17.6,43.2,100
2025-12-22T18:00,-2.3,73,-7.8,0.10,0.00,0.07,0.01,71,17.6,44.3,100
2025-12-22T19:00,-2.5,71,-8.0,0.00,0.00,0.00,0.01,3,17.0,46.1,100
2025-12-22T20:00,-3.0,64,-8.8,0.00,0.00,0.00,0.01,3,18.6,49.0,100
2025-12-22T21:00,-3.5,65,-8.8,0.00,0.00,0.00,0.01,3,15.1,49.0,99
2025-12-22T22:00,-3.7,72,-8.8,0.10,0.00,0.07,0.01,71,14.2,35.3,100
2025-12-22T23:00,-4.6,69,-10.6,0.10,0.00,0.07,0.01,71,18.9,43.6,100
2025-12-23T00:00,-5.9,68,-11.7,0.00,0.00,0.00,0.01,3,17.3,43.6,100
2025-12-23T01:00,-6.5,66,-12.3,0.00,0.00,0.00,0.01,3,16.9,40.7,100
2025-12-23T02:00,-7.0,64,-13.0,0.00,0.00,0.00,0.01,3,17.5,41.0,100
2025-12-23T03:00,-8.6,62,-14.6,0.00,0.00,0.00,0.00,3,16.7,41.4,100
2025-12-23T04:00,-8.9,59,-14.9,0.00,0.00,0.00,0.00,3,16.6,40.0,100
2025-12-23T05:00,-9.5,58,-15.5,0.00,0.00,0.00,0.00,3,16.8,40.7,100
2025-12-23T06:00,-10.1,58,-16.2,0.00,0.00,0.00,0.00,3,17.2,41.4,100
2025-12-23T07:00,-10.7,58,-16.9,0.00,0.00,0.00,0.00,3,17.3,41.4,100
2025-12-23T08:00,-11.1,58,-17.2,0.00,0.00,0.00,0.00,3,16.8,41.4,100
2025-12-23T09:00,-11.5,66,-17.6,0.00,0.00,0.00,0.02,3,16.9,40.3,100
2025-12-23T10:00,-12.2,70,-18.1,0.00,0.00,0.00,0.02,3,15.8,37.8,100
2025-12-23T11:00,-12.2,69,-18.1,0.00,0.00,0.00,0.02,3,15.7,38.2,100
2025-12-23T12:00,-12.2,67,-18.2,0.00,0.00,0.00,0.02,3,15.7,37.1,100
2025-12-23T13:00,-12.4,68,-18.4,0.00,0.00,0.00,0.02,3,15.5,37.1,100
2025-12-23T14:00,-12.5,68,-18.4,0.00,0.00,0.00,0.02,3,14.8,36.4,100
2025-12-23T15:00,-13.1,65,-18.9,0.00,0.00,0.00,0.01,3,14.3,34.9,100
2025-12-23T16:00,-13.3,64,-19.1,0.00,0.00,0.00,0.01,3,14.2,34.2,100
2025-12-23T17:00,-13.6,65,-19.4,0.00,0.00,0.00,0.01,3,13.8,33.8,100
2025-12-23T18:00,-13.9,64,-19.6,0.00,0.00,0.00,0.01,3,13.7,33.5,100
2025-12-23T19:00,-14.1,64,-19.7,0.00,0.00,0.00,0.01,3,12.5,32.8,100
2025-12-23T20:00,-14.1,64,-19.6,0.00,0.00,0.00,0.01,3,11.4,30.6,100
2025-12-23T21:00,-15.1,66,-20.6,0.00,0.00,0.00,0.01,3,11.6,28.1,100
2025-12-23T22:00,-15.3,66,-20.6,0.00,0.00,0.00,0.01,3,10.5,27.4,100
2025-12-23T23:00,-15.4,66,-20.6,0.00,0.00,0.00,0.01,3,9.6,25.6,100
2025-12-24T00:00,-15.6,67,-20.8,0.00,0.00,0.00,0.01,3,9.3,23.8,100
2025-12-24T01:00,-15.8,67,-20.9,0.00,0.00,0.00,0.01,3,8.8,22.7,100
2025-12-24T02:00,-15.9,66,-20.8,0.00,0.00,0.00,0.01,2,7.4,21.2,59
2025-12-24T03:00,-16.3,72,-21.2,0.00,0.00,0.00,0.02,3,7.3,17.6,100
2025-12-24T04:00,-16.9,75,-21.7,0.00,0.00,0.00,0.02,3,6.4,16.9,100
2025-12-24T05:00,-17.0,76,-21.8,0.00,0.00,0.00,0.02,3,6.8,14.8,80
2025-12-24T06:00,-17.1,76,-22.0,0.00,0.00,0.00,0.02,2,7.9,17.3,73
2025-12-24T07:00,-17.0,78,-22.0,0.00,0.00,0.00,0.02,3,7.9,17.3,100
2025-12-24T08:00,-16.7,79,-21.9,0.00,0.00,0.00,0.02,3,9.3,19.8,100
2025-12-24T09:00,-15.4,80,-20.7,0.00,0.00,0.00,0.02,3,10.6,21.2,100
2025-12-24T10:00,-15.0,81,-20.4,0.00,0.00,0.00,0.02,3,12.2,25.6,100
2025-12-24T11:00,-13.6,79,-19.2,0.00,0.00,0.00,0.02,3,13.8,31.7,100
2025-12-24T12:00,-12.4,78,-17.9,0.10,0.00,0.07,0.02,71,13.0,31.0,100
2025-12-24T13:00,-11.4,76,-17.2,0.10,0.00,0.07,0.03,71,15.8,37.8,100
2025-12-24T14:00,-10.7,76,-16.6,0.00,0.00,0.00,0.03,3,16.2,38.5,100
2025-12-24T15:00,-9.5,77,-15.1,0.10,0.00,0.07,0.02,71,14.8,39.2,100
2025-12-24T16:00,-9.1,79,-14.6,0.00,0.00,0.00,0.02,3,14.6,33.8,100
2025-12-24T17:00,-8.4,81,-13.6,0.00,0.00,0.00,0.02,3,12.8,32.0,100
2025-12-24T18:00,-7.5,81,-12.7,0.10,0.00,0.07,0.02,71,13.2,29.2,100
2025-12-24T19:00,-7.0,82,-12.3,0.00,0.00,0.00,0.02,3,14.4,32.4,100
2025-12-24T20:00,-6.7,83,-11.8,0.00,0.00,0.07,0.02,71,13.6,32.4,100
2025-12-24T21:00,-6.7,85,-11.7,0.10,0.00,0.07,0.02,71,12.5,29.5,100
2025-12-24T22:00,-6.3,86,-11.2,0.10,0.00,0.07,0.03,71,12.9,28.4,100
2025-12-24T23:00,-5.5,86,-10.4,0.10,0.00,0.07,0.03,71,12.9,28.1,100
2025-12-25T00:00,-4.8,88,-9.6,0.10,0.00,0.07,0.03,71,12.6,28.1,100
2025-12-25T01:00,-4.3,88,-9.0,0.10,0.00,0.07,0.03,71,12.4,27.4,100
2025-12-25T02:00,-3.8,89,-8.5,0.10,0.00,0.07,0.03,71,12.7,27.4,100
2025-12-25T03:00,-4.1,90,-8.7,0.00,0.00,0.00,0.03,3,12.5,27.4,100
2025-12-25T04:00,-3.7,90,-8.2,0.00,0.00,0.00,0.03,3,12.4,27.4,100
2025-12-25T05:00,-3.3,91,-7.9,0.00,0.00,0.00,0.03,3,12.8,27.7,100
2025-12-25T06:00,-3.0,91,-7.5,0.10,0.00,0.07,0.03,71,12.3,27.7,100
2025-12-25T07:00,-2.7,91,-7.2,0.00,0.00,0.00,0.03,3,13.1,28.4,100
2025-12-25T08:00,-2.4,91,-6.9,0.00,0.00,0.00,0.03,3,12.5,28.4,100
2025-12-25T09:00,-2.5,92,-6.9,0.00,0.00,0.00,0.02,3,12.5,27.4,100
2025-12-25T10:00,-2.2,92,-6.6,0.00,0.00,0.00,0.02,3,12.2,27.4,100
2025-12-25T11:00,-2.0,92,-6.4,0.00,0.00,0.00,0.02,3,12.8,28.1,100
2025-12-25T12:00,-1.8,92,-6.1,0.00,0.00,0.00,0.02,3,12.8,28.8,100
2025-12-25T13:00,-1.7,91,-6.1,0.00,0.00,0.00,0.02,3,12.5,29.9,100
2025-12-25T14:00,-1.8,90,-6.3,0.00,0.00,0.00,0.02,3,13.9,31.0,100
2025-12-25T15:00,-2.9,90,-7.7,0.00,0.00,0.00,0.02,3,14.6,33.8,100
2025-12-25T16:00,-3.2,90,-8.0,0.00,0.00,0.00,0.02,3,14.3,33.1,100
2025-12-25T17:00,-2.9,90,-7.9,0.20,0.00,0.14,0.02,71,15.8,35.3,100
2025-12-25T18:00,-2.5,89,-7.6,0.50,0.00,0.42,0.03,73,16.9,38.2,100
2025-12-25T19:00,-2.1,89,-7.2,0.10,0.00,0.07,0.03,71,17.0,37.8,100
2025-12-25T20:00,-1.7,91,-6.8,0.50,0.00,0.35,0.03,73,17.5,38.9,100
2025-12-25T21:00,-1.4,90,-6.6,0.20,0.00,0.14,0.03,71,18.8,39.2,100
2025-12-25T22:00,-1.0,91,-6.2,0.60,0.00,0.42,0.04,73,19.0,42.1,100
2025-12-25T23:00,-0.6,91,-5.8,1.10,0.00,0.77,0.04,73,19.3,43.2,100
2025-12-26T00:00,-0.3,92,-5.3,1.10,0.00,0.77,0.05,73,18.9,42.8,100
2025-12-26T01:00,0.1,93,-4.9,1.00,0.00,0.70,0.06,73,18.5,41.8,100
2025-12-26T02:00,0.5,92,-4.3,0.90,0.00,0.63,0.06,73,17.3,40.7,100
2025-12-26T03:00,-0.1,92,-5.0,0.80,0.00,0.56,0.07,73,17.6,38.2,100
2025-12-26T04:00,0.8,91,-4.4,0.30,0.00,0.21,0.07,73,20.2,43.6,100
2025-12-26T05:00,1.0,88,-4.2,0.10,0.10,0.00,0.07,51,20.1,44.6,49
2025-12-26T06:00,0.2,84,-5.1,0.60,0.00,0.42,0.08,73,19.9,43.2,98
2025-12-26T07:00,0.2,88,-4.9,0.50,0.00,0.35,0.08,73,18.7,43.2,100
2025-12-26T08:00,0.1,88,-5.2,0.20,0.00,0.14,0.08,71,19.8,43.2,100
2025-12-26T09:00,0.2,87,-5.2,0.40,0.00,0.28,0.11,73,20.5,45.0,97
2025-12-26T10:00,0.5,88,-4.6,0.50,0.00,0.35,0.11,73,19.2,45.7,100
2025-12-26T11:00,0.7,89,-4.5,0.90,0.00,0.63,0.12,73,19.6,42.5,100
2025-12-26T12:00,0.9,89,-4.5,0.40,0.00,0.28,0.12,73,21.4,47.2,100
2025-12-26T13:00,1.0,88,-4.3,0.10,0.00,0.07,0.12,71,20.7,47.2,100
2025-12-26T14:00,1.0,87,-4.2,0.10,0.00,0.07,0.12,71,20.0,45.0,100
2025-12-26T15:00,0.7,85,-4.5,0.10,0.00,0.07,0.12,71,19.8,44.3,100
2025-12-26T16:00,0.7,86,-4.3,0.10,0.00,0.07,0.12,71,18.3,42.1,100
2025-12-26T17:00,0.7,88,-4.3,0.20,0.00,0.14,0.12,71,18.1,40.7,100
2025-12-26T18:00,0.7,89,-4.1,0.20,0.00,0.14,0.12,71,17.5,40.3,99
2025-12-26T19:00,0.5,90,-4.3,0.50,0.00,0.35,0.12,73,17.3,38.2,100
2025-12-26T20:00,0.7,89,-4.3,0.20,0.00,0.14,0.13,71,19.0,41.4,100
2025-12-26T21:00,0.8,86,-4.3,0.10,0.00,0.07,0.13,71,19.0,44.3,98
2025-12-26T22:00,0.6,89,-4.5,0.10,0.00,0.07,0.13,71,19.5,42.5,100
2025-12-26T23:00,0.8,87,-4.4,0.00,0.00,0.00,0.13,3,19.7,43.2,100
2025-12-27T00:00,0.5,87,-4.6,0.00,0.00,0.00,0.13,3,18.4,43.2,100
2025-12-27T01:00,0.3,88,-4.7,0.10,0.00,0.07,0.12,71,18.3,40.3,100
2025-12-27T02:00,0.4,88,-4.6,0.00,0.00,0.00,0.12,3,17.9,40.0,100
2025-12-27T03:00,-0.3,88,-5.3,0.00,0.00,0.00,0.13,3,17.8,40.3,100
2025-12-27T04:00,-0.3,88,-5.3,0.00,0.00,0.00,0.13,3,17.8,38.9,100
2025-12-27T05:00,-0.4,88,-5.4,0.00,0.00,0.00,0.13,3,18.0,39.6,100
2025-12-27T06:00,-0.4,88,-5.4,0.00,0.00,0.00,0.13,3,17.4,39.2,100
2025-12-27T07:00,-0.4,89,-5.0,0.00,0.00,0.00,0.13,3,15.2,37.8,100
2025-12-27T08:00,-0.5,90,-4.8,0.00,0.00,0.00,0.13,3,13.6,33.1,100
2025-12-27T09:00,-0.5,92,-4.5,0.10,0.00,0.07,0.13,71,11.9,29.5,100
2025-12-27T10:00,-0.5,92,-4.7,0.00,0.00,0.00,0.13,3,12.9,28.1,100
2025-12-27T11:00,-0.5,92,-4.6,0.00,0.00,0.00,0.13,3,12.6,27.7,100
2025-12-27T12:00,-0.7,92,-4.8,0.00,0.00,0.00,0.13,3,11.9,27.4,100
2025-12-27T13:00,-0.9,92,-4.8,0.00,0.00,0.00,0.13,3,10.7,25.9,100
2025-12-27T14:00,-1.0,93,-4.7,0.00,0.00,0.00,0.13,3,9.3,23.4,100
2025-12-27T15:00,-1.7,89,-5.3,0.00,0.00,0.00,0.13,3,7.0,20.2,100
2025-12-27T16:00,-2.0,88,-5.8,0.00,0.00,0.00,0.13,3,8.2,17.3,100
2025-12-27T17:00,-2.4,89,-6.2,0.00,0.00,0.00,0.13,3,7.7,18.4,100
2025-12-27T18:00,-2.7,91,-6.5,0.00,0.00,0.00,0.13,3,8.1,16.6,100
2025-12-27T19:00,-3.1,92,-7.3,0.00,0.00,0.00,0.13,3,10.1,22.0,100
2025-12-27T20:00,-3.3,91,-7.2,0.00,0.00,0.00,0.13,3,7.9,21.6,100
2025-12-27T21:00,-2.5,94,-6.7,0.10,0.00,0.07,0.13,71,11.1,21.2,100
2025-12-27T22:00,-2.5,92,-6.8,0.30,0.00,0.21,0.13,73,11.7,24.8,100
2025-12-27T23:00,-2.7,91,-6.9,0.20,0.00,0.14,0.13,71,10.8,24.8,100
2025-12-28T00:00,-2.8,91,-6.9,0.10,0.00,0.07,0.13,71,10.3,23.4,100
2025-12-28T01:00,-2.8,92,-6.9,0.10,0.00,0.07,0.13,71,10.0,22.0,100
2025-12-28T02:00,-2.8,92,-7.0,0.10,0.00,0.07,0.13,71,10.3,22.0,100
2025-12-28T03:00,-2.9,92,-7.1,0.20,0.00,0.14,0.13,71,10.5,24.8,100
2025-12-28T04:00,-3.1,92,-7.4,0.10,0.00,0.07,0.13,71,11.1,23.4,100
2025-12-28T05:00,-2.9,93,-7.1,0.10,0.00,0.07,0.14,71,10.8,24.1,100
2025-12-28T06:00,-2.9,92,-7.1,0.20,0.00,0.14,0.14,71,11.0,23.0,100
2025-12-28T07:00,-2.9,92,-7.1,0.30,0.00,0.21,0.14,73,11.2,24.1,100
2025-12-28T08:00,-2.9,92,-7.1,0.30,0.00,0.21,0.14,73,11.2,24.1,100
2025-12-28T09:00,-2.7,92,-7.0,0.20,0.00,0.14,0.13,71,11.4,23.8,100
2025-12-28T10:00,-2.7,92,-6.8,0.10,0.00,0.07,0.14,71,10.2,24.5,100
2025-12-28T11:00,-2.5,92,-6.5,0.20,0.00,0.14,0.14,71,9.7,22.0,100
2025-12-28T12:00,-2.3,92,-6.3,0.10,0.00,0.07,0.14,71,10.3,22.0,100
2025-12-28T13:00,-2.1,90,-6.2,0.10,0.00,0.07,0.14,71,10.5,23.8,100
2025-12-28T14:00,-2.2,90,-6.3,0.10,0.00,0.07,0.14,71,10.5,23.0,100
2025-12-28T15:00,-2.9,88,-6.9,0.10,0.00,0.07,0.14,71,8.7,22.7,100
2025-12-28T16:00,-3.0,88,-7.1,0.00,0.00,0.00,0.14,3,9.4,20.2,100
2025-12-28T17:00,-3.1,89,-7.1,0.00,0.00,0.00,0.14,3,9.1,20.2,100
2025-12-28T18:00,-3.1,90,-7.1,0.00,0.00,0.00,0.14,3,8.8,19.1,100
2025-12-28T19:00,-3.1,90,-7.1,0.00,0.00,0.00,0.13,3,8.7,18.7,100
2025-12-28T20:00,-3.1,91,-7.0,0.10,0.00,0.07,0.13,71,8.5,18.0,100
2025-12-28T21:00,-3.0,93,-6.9,0.10,0.00,0.07,0.14,71,8.5,18.4,100
2025-12-28T22:00,-3.2,93,-7.0,0.10,0.00,0.07,0.14,71,8.0,18.0,100
2025-12-28T23:00,-3.2,93,-7.1,0.00,0.00,0.00,0.14,3,8.0,16.9,100
2025-12-29T00:00,-3.5,93,-7.2,0.00,0.00,0.00,0.14,3,6.7,16.6,100
2025-12-29T01:00,-3.5,92,-7.1,0.00,0.00,0.00,0.14,3,6.7,14.4,100
2025-12-29T02:00,-3.6,92,-7.2,0.00,0.00,0.00,0.14,3,6.1,13.7,100
2025-12-29T03:00,-4.2,93,-7.9,0.10,0.00,0.07,0.14,71,6.4,13.7,100
2025-12-29T04:00,-4.4,93,-8.2,0.10,0.00,0.07,0.14,71,6.8,13.7,100
2025-12-29T05:00,-4.1,94,-8.0,0.10,0.00,0.07,0.14,71,7.4,15.1,100
2025-12-29T06:00,-4.1,94,-7.8,0.00,0.00,0.00,0.14,3,6.5,15.1,100
2025-12-29T07:00,-4.1,93,-7.8,0.00,0.00,0.00,0.14,3,6.5,13.7,100
2025-12-29T08:00,-4.2,94,-7.9,0.10,0.00,0.07,0.14,71,5.9,13.3,100
2025-12-29T09:00,-4.2,95,-7.6,0.10,0.00,0.07,0.14,71,4.4,11.9,100
2025-12-29T10:00,-4.2,95,-7.7,0.10,0.00,0.07,0.14,71,5.2,10.1,100
2025-12-29T11:00,-4.1,94,-7.5,0.10,0.00,0.07,0.15,71,5.0,11.2,100
2025-12-29T12:00,-4.0,94,-7.5,0.10,0.00,0.07,0.15,71,5.2,12.6,100
2025-12-29T13:00,-3.7,91,-7.3,0.10,0.00,0.07,0.15,71,5.8,13.3,100
2025-12-29T14:00,-3.6,89,-7.3,0.10,0.00,0.07,0.15,71,6.4,15.5,100
2025-12-29T15:00,-4.1,91,-7.6,0.10,0.00,0.07,0.15,71,4.8,14.8,100
2025-12-29T16:00,-4.4,92,-7.9,0.10,0.00,0.07,0.15,71,5.0,10.8,100
2025-12-29T17:00,-4.6,92,-8.2,0.10,0.00,0.07,0.15,71,5.5,11.2,100
2025-12-29T18:00,-4.7,92,-8.4,0.20,0.00,0.14,0.15,71,5.9,12.2,100
2025-12-29T19:00,-4.8,92,-8.5,0.20,0.00,0.14,0.15,71,6.0,12.2,100
2025-12-29T20:00,-4.9,93,-8.7,0.10,0.00,0.07,0.15,71,6.9,14.4,100
2025-12-29T21:00,-4.9,93,-8.7,0.10,0.00,0.07,0.15,71,7.0,14.4,100
2025-12-29T22:00,-4.9,93,-8.6,0.10,0.00,0.07,0.15,71,6.0,14.4,100
2025-12-29T23:00,-5.2,94,-8.9,0.10,0.00,0.07,0.15,71,5.6,12.2,100
2025-12-30T00:00,-5.6,94,-9.3,0.10,0.00,0.07,0.15,71,5.6,11.9,100
2025-12-30T01:00,-5.5,94,-9.3,0.10,0.00,0.07,0.15,71,5.7,11.9,100
2025-12-30T02:00,-5.4,94,-9.0,0.20,0.00,0.14,0.16,71,5.3,12.2,100
2025-12-30T03:00,-5.7,95,-9.3,0.20,0.00,0.14,0.16,71,5.2,11.2,100
2025-12-30T04:00,-5.8,95,-9.6,0.20,0.00,0.14,0.16,71,6.0,11.9,100
2025-12-30T05:00,-5.7,94,-9.5,0.20,0.00,0.14,0.16,71,6.1,13.0,100
2025-12-30T06:00,-5.7,94,-9.3,0.10,0.00,0.07,0.16,71,5.2,12.2,100
2025-12-30T07:00,-5.5,94,-9.2,0.10,0.00,0.07,0.16,71,5.2,10.4,100
2025-12-30T08:00,-5.3,94,-9.0,0.30,0.00,0.21,0.16,73,5.4,10.8,100
2025-12-30T09:00,-4.8,94,-8.6,0.40,0.00,0.28,0.17,73,6.4,11.5,100
2025-12-30T10:00,-4.4,93,-8.6,0.40,0.00,0.28,0.18,73,9.7,19.4,100
2025-12-30T11:00,-4.2,91,-8.9,0.30,0.00,0.21,0.18,73,13.0,27.7,100
2025-12-30T12:00,-4.5,92,-9.0,0.20,0.00,0.14,0.18,71,11.4,29.2,100
2025-12-30T13:00,-4.5,91,-9.2,0.20,0.00,0.14,0.18,71,12.7,27.7,100
2025-12-30T14:00,-4.5,91,-8.9,0.10,0.00,0.07,0.18,71,10.8,28.1,100
2025-12-30T15:00,-5.0,90,-9.3,0.10,0.00,0.07,0.18,71,10.0,25.2,100
2025-12-30T16:00,-4.8,90,-9.0,0.10,0.00,0.07,0.18,71,9.4,21.6,100
2025-12-30T17:00,-4.6,89,-9.1,0.20,0.00,0.14,0.18,71,11.1,23.8,100
2025-12-30T18:00,-4.7,89,-9.3,0.10,0.00,0.07,0.18,71,11.2,24.8,100
2025-12-30T19:00,-4.9,90,-9.5,0.30,0.00,0.21,0.18,73,11.4,24.5,100
2025-12-30T20:00,-4.9,90,-9.6,0.30,0.00,0.21,0.18,73,12.1,25.9,100
2025-12-30T21:00,-4.9,90,-9.4,0.20,0.00,0.14,0.19,71,11.2,27.4,100
2025-12-30T22:00,-4.9,90,-9.4,0.10,0.00,0.07,0.19,71,11.0,23.8,100
2025-12-30T23:00,-5.0,90,-9.5,0.10,0.00,0.07,0.19,71,10.8,23.4,100
2025-12-31T00:00,-5.1,90,-9.6,0.20,0.00,0.14,0.19,71,10.8,23.4,100
2025-12-31T01:00,-5.1,91,-9.5,0.20,0.00,0.14,0.19,71,10.1,22.7,100
2025-12-31T02:00,-5.0,91,-9.4,0.20,0.00,0.14,0.19,71,9.8,21.6,100
2025-12-31T03:00,-5.5,90,-9.9,0.30,0.00,0.21,0.19,73,9.7,22.0,100
2025-12-31T04:00,-5.5,90,-10.0,0.20,0.00,0.14,0.19,71,10.2,21.6,100
2025-12-31T05:00,-5.7,90,-10.1,0.20,0.00,0.14,0.19,71,9.9,21.6,100
2025-12-31T06:00,-5.7,89,-10.1,0.20,0.00,0.14,0.19,71,9.6,21.2,100
2025-12-31T07:00,-5.9,88,-10.4,0.20,0.00,0.14,0.20,71,10.3,22.0,100
2025-12-31T08:00,-6.2,87,-10.8,0.10,0.00,0.07,0.20,71,10.9,23.4,100
2025-12-31T09:00,-6.8,87,-11.3,0.10,0.00,0.07,0.19,71,9.8,23.8,100
2025-12-31T10:00,-7.0,87,-11.5,0.10,0.00,0.07,0.19,71,9.5,21.2,100
2025-12-31T11:00,-7.2,87,-11.7,0.10,0.00,0.07,0.19,71,9.1,20.2,100
2025-12-31T12:00,-7.1,86,-11.6,0.00,0.00,0.00,0.19,3,9.3,19.8,100
2025-12-31T13:00,-6.9,86,-11.5,0.10,0.00,0.07,0.19,71,10.0,23.4,100
2025-12-31T14:00,-6.9,85,-11.3,0.10,0.00,0.07,0.19,71,8.7,21.6,100
2025-12-31T15:00,-7.9,84,-12.3,0.10,0.00,0.07,0.19,71,7.9,19.8,100
2025-12-31T16:00,-8.1,84,-12.6,0.00,0.00,0.00,0.19,3,8.6,18.4,100
2025-12-31T17:00,-8.1,84,-12.5,0.00,0.00,0.00,0.19,3,8.0,18.4,100
2025-12-31T18:00,-8.1,86,-12.5,0.10,0.00,0.07,0.19,71,7.9,16.9,100
2025-12-31T19:00,-8.1,86,-12.6,0.10,0.00,0.07,0.19,71,8.9,18.4,100
2025-12-31T20:00,-8.0,86,-12.5,0.00,0.00,0.00,0.19,3,9.0,19.4,100
2025-12-31T21:00,-8.4,87,-12.8,0.00,0.00,0.00,0.19,3,7.9,18.7,100
2025-12-31T22:00,-8.5,88,-13.0,0.10,0.00,0.07,0.19,71,8.7,17.6,100
2025-12-31T23:00,-8.3,89,-12.9,0.10,0.00,0.07,0.19,71,9.4,19.4,100
