route;date;hour;prediction
1;2025-11-01;0;6
1;2025-11-01;1;0
1;2025-11-01;2;0
1;2025-11-01;3;0
1;2025-11-01;4;7
1;2025-11-01;5;140
1;2025-11-01;6;522
1;2025-11-01;7;1472
1;2025-11-01;8;1851
1;2025-11-01;9;1423
1;2025-11-01;10;1322
1;2025-11-01;11;1385
1;2025-11-01;12;1356
1;2025-11-01;13;1386
1;2025-11-01;14;1319
1;2025-11-01;15;1486
1;2025-11-01;16;1536
1;2025-11-01;17;1731
1;2025-11-01;18;1567
1;2025-11-01;19;1237
1;2025-11-01;20;843
1;2025-11-01;21;522
1;2025-11-01;22;272
1;2025-11-01;23;55
1;2025-11-02;0;0
1;2025-11-02;1;0
1;2025-11-02;2;0
1;2025-11-02;3;0
1;2025-11-02;4;0
1;2025-11-02;5;30
1;2025-11-02;6;146
1;2025-11-02;7;265
1;2025-11-02;8;367
1;2025-11-02;9;599
1;2025-11-02;10;678
1;2025-11-02;11;634
1;2025-11-02;12;792
1;2025-11-02;13;792
1;2025-11-02;14;738
1;2025-11-02;15;664
1;2025-11-02;16;613
1;2025-11-02;17;587
1;2025-11-02;18;550
1;2025-11-02;19;496
1;2025-11-02;20;361
1;2025-11-02;21;276
1;2025-11-02;22;126
1;2025-11-02;23;37
1;2025-11-03;0;0
1;2025-11-03;1;0
1;2025-11-03;2;0
1;2025-11-03;3;0
1;2025-11-03;4;0
1;2025-11-03;5;30
1;2025-11-03;6;143
1;2025-11-03;7;258
1;2025-11-03;8;358
1;2025-11-03;9;585
1;2025-11-03;10;661
1;2025-11-03;11;618
1;2025-11-03;12;773
1;2025-11-03;13;773
1;2025-11-03;14;720
1;2025-11-03;15;648
1;2025-11-03;16;598
1;2025-11-03;17;573
1;2025-11-03;18;537
1;2025-11-03;19;485
1;2025-11-03;20;353
1;2025-11-03;21;269
1;2025-11-03;22;123
1;2025-11-03;23;36
1;2025-11-04;0;0
1;2025-11-04;1;0
1;2025-11-04;2;0
1;2025-11-04;3;0
1;2025-11-04;4;0
1;2025-11-04;5;29
1;2025-11-04;6;142
1;2025-11-04;7;258
1;2025-11-04;8;358
1;2025-11-04;9;584
1;2025-11-04;10;660
1;2025-11-04;11;617
1;2025-11-04;12;771
1;2025-11-04;13;771
1;2025-11-04;14;719
1;2025-11-04;15;646
1;2025-11-04;16;596
1;2025-11-04;17;571
1;2025-11-04;18;536
1;2025-11-04;19;483
1;2025-11-04;20;352
1;2025-11-04;21;268
1;2025-11-04;22;123
1;2025-11-04;23;36
1;2025-11-05;0;4
1;2025-11-05;1;0
1;2025-11-05;2;0
1;2025-11-05;3;0
1;2025-11-05;4;9
1;2025-11-05;5;140
1;2025-11-05;6;548
1;2025-11-05;7;1431
1;2025-11-05;8;1892
1;2025-11-05;9;1504
1;2025-11-05;10;1324
1;2025-11-05;11;1353
1;2025-11-05;12;1376
1;2025-11-05;13;1418
1;2025-11-05;14;1289
1;2025-11-05;15;1443
1;2025-11-05;16;1447
1;2025-11-05;17;1745
1;2025-11-05;18;1796
1;2025-11-05;19;1397
1;2025-11-05;20;926
1;2025-11-05;21;501
1;2025-11-05;22;275
1;2025-11-05;23;45
1;2025-11-06;0;5
1;2025-11-06;1;0
1;2025-11-06;2;0
1;2025-11-06;3;0
1;2025-11-06;4;8
1;2025-11-06;5;134
1;2025-11-06;6;531
1;2025-11-06;7;1446
1;2025-11-06;8;1879
1;2025-11-06;9;1460
1;2025-11-06;10;1355
1;2025-11-06;11;1352
1;2025-11-06;12;1380
1;2025-11-06;13;1364
1;2025-11-06;14;1320
1;2025-11-06;15;1418
1;2025-11-06;16;1471
1;2025-11-06;17;1709
1;2025-11-06;18;1811
1;2025-11-06;19;1373
1;2025-11-06;20;912
1;2025-11-06;21;501
1;2025-11-06;22;257
1;2025-11-06;23;53
1;2025-11-07;0;6
1;2025-11-07;1;0
1;2025-11-07;2;0
1;2025-11-07;3;0
1;2025-11-07;4;7
1;2025-11-07;5;140
1;2025-11-07;6;523
1;2025-11-07;7;1473
1;2025-11-07;8;1852
1;2025-11-07;9;1424
1;2025-11-07;10;1323
1;2025-11-07;11;1386
1;2025-11-07;12;1357
1;2025-11-07;13;1387
1;2025-11-07;14;1320
1;2025-11-07;15;1487
1;2025-11-07;16;1537
1;2025-11-07;17;1733
1;2025-11-07;18;1568
1;2025-11-07;19;1238
1;2025-11-07;20;844
1;2025-11-07;21;523
1;2025-11-07;22;272
1;2025-11-07;23;55
1;2025-11-08;0;6
1;2025-11-08;1;0
1;2025-11-08;2;0
1;2025-11-08;3;0
1;2025-11-08;4;0
1;2025-11-08;5;36
1;2025-11-08;6;184
1;2025-11-08;7;360
1;2025-11-08;8;492
1;2025-11-08;9;747
1;2025-11-08;10;868
1;2025-11-08;11;801
1;2025-11-08;12;979
1;2025-11-08;13;990
1;2025-11-08;14;921
1;2025-11-08;15;794
1;2025-11-08;16;762
1;2025-11-08;17;714
1;2025-11-08;18;645
1;2025-11-08;19;610
1;2025-11-08;20;456
1;2025-11-08;21;333
1;2025-11-08;22;149
1;2025-11-08;23;38
1;2025-11-09;0;0
1;2025-11-09;1;0
1;2025-11-09;2;0
1;2025-11-09;3;0
1;2025-11-09;4;0
1;2025-11-09;5;28
1;2025-11-09;6;131
1;2025-11-09;7;269
1;2025-11-09;8;371
1;2025-11-09;9;614
1;2025-11-09;10;709
1;2025-11-09;11;704
1;2025-11-09;12;858
1;2025-11-09;13;864
1;2025-11-09;14;763
1;2025-11-09;15;693
1;2025-11-09;16;653
1;2025-11-09;17;619
1;2025-11-09;18;561
1;2025-11-09;19;487
1;2025-11-09;20;392
1;2025-11-09;21;280
1;2025-11-09;22;118
1;2025-11-09;23;33
1;2025-11-10;0;0
1;2025-11-10;1;0
1;2025-11-10;2;0
1;2025-11-10;3;0
1;2025-11-10;4;9
1;2025-11-10;5;141
1;2025-11-10;6;554
1;2025-11-10;7;1471
1;2025-11-10;8;1889
1;2025-11-10;9;1460
1;2025-11-10;10;1289
1;2025-11-10;11;1317
1;2025-11-10;12;1341
1;2025-11-10;13;1342
1;2025-11-10;14;1294
1;2025-11-10;15;1434
1;2025-11-10;16;1474
1;2025-11-10;17;1779
1;2025-11-10;18;1887
1;2025-11-10;19;1446
1;2025-11-10;20;933
1;2025-11-10;21;502
1;2025-11-10;22;257
1;2025-11-10;23;42
1;2025-11-11;0;3
1;2025-11-11;1;0
1;2025-11-11;2;0
1;2025-11-11;3;0
1;2025-11-11;4;7
1;2025-11-11;5;147
1;2025-11-11;6;571
1;2025-11-11;7;1546
1;2025-11-11;8;1921
1;2025-11-11;9;1531
1;2025-11-11;10;1410
1;2025-11-11;11;1406
1;2025-11-11;12;1410
1;2025-11-11;13;1413
1;2025-11-11;14;1298
1;2025-11-11;15;1425
1;2025-11-11;16;1456
1;2025-11-11;17;1745
1;2025-11-11;18;1817
1;2025-11-11;19;1453
1;2025-11-11;20;958
1;2025-11-11;21;513
1;2025-11-11;22;258
1;2025-11-11;23;46
1;2025-11-12;0;4
1;2025-11-12;1;0
1;2025-11-12;2;0
1;2025-11-12;3;0
1;2025-11-12;4;9
1;2025-11-12;5;140
1;2025-11-12;6;546
1;2025-11-12;7;1425
1;2025-11-12;8;1883
1;2025-11-12;9;1497
1;2025-11-12;10;1318
1;2025-11-12;11;1347
1;2025-11-12;12;1370
1;2025-11-12;13;1412
1;2025-11-12;14;1283
1;2025-11-12;15;1436
1;2025-11-12;16;1440
1;2025-11-12;17;1737
1;2025-11-12;18;1788
1;2025-11-12;19;1391
1;2025-11-12;20;922
1;2025-11-12;21;499
1;2025-11-12;22;273
1;2025-11-12;23;45
1;2025-11-13;0;5
1;2025-11-13;1;0
1;2025-11-13;2;0
1;2025-11-13;3;0
1;2025-11-13;4;8
1;2025-11-13;5;136
1;2025-11-13;6;541
1;2025-11-13;7;1473
1;2025-11-13;8;1914
1;2025-11-13;9;1487
1;2025-11-13;10;1380
1;2025-11-13;11;1377
1;2025-11-13;12;1406
1;2025-11-13;13;1389
1;2025-11-13;14;1344
1;2025-11-13;15;1445
1;2025-11-13;16;1499
1;2025-11-13;17;1741
1;2025-11-13;18;1845
1;2025-11-13;19;1398
1;2025-11-13;20;930
1;2025-11-13;21;510
1;2025-11-13;22;262
1;2025-11-13;23;53
1;2025-11-14;0;6
1;2025-11-14;1;0
1;2025-11-14;2;0
1;2025-11-14;3;0
1;2025-11-14;4;8
1;2025-11-14;5;141
1;2025-11-14;6;529
1;2025-11-14;7;1491
1;2025-11-14;8;1875
1;2025-11-14;9;1441
1;2025-11-14;10;1339
1;2025-11-14;11;1402
1;2025-11-14;12;1374
1;2025-11-14;13;1404
1;2025-11-14;14;1336
1;2025-11-14;15;1505
1;2025-11-14;16;1556
1;2025-11-14;17;1753
1;2025-11-14;18;1587
1;2025-11-14;19;1253
1;2025-11-14;20;854
1;2025-11-14;21;529
1;2025-11-14;22;275
1;2025-11-14;23;56
1;2025-11-15;0;6
1;2025-11-15;1;0
1;2025-11-15;2;0
1;2025-11-15;3;0
1;2025-11-15;4;0
1;2025-11-15;5;32
1;2025-11-15;6;167
1;2025-11-15;7;327
1;2025-11-15;8;447
1;2025-11-15;9;678
1;2025-11-15;10;788
1;2025-11-15;11;728
1;2025-11-15;12;889
1;2025-11-15;13;899
1;2025-11-15;14;836
1;2025-11-15;15;721
1;2025-11-15;16;692
1;2025-11-15;17;648
1;2025-11-15;18;585
1;2025-11-15;19;554
1;2025-11-15;20;414
1;2025-11-15;21;302
1;2025-11-15;22;135
1;2025-11-15;23;34
1;2025-11-16;0;0
1;2025-11-16;1;0
1;2025-11-16;2;0
1;2025-11-16;3;0
1;2025-11-16;4;0
1;2025-11-16;5;28
1;2025-11-16;6;131
1;2025-11-16;7;268
1;2025-11-16;8;371
1;2025-11-16;9;613
1;2025-11-16;10;708
1;2025-11-16;11;703
1;2025-11-16;12;857
1;2025-11-16;13;863
1;2025-11-16;14;763
1;2025-11-16;15;692
1;2025-11-16;16;653
1;2025-11-16;17;618
1;2025-11-16;18;560
1;2025-11-16;19;486
1;2025-11-16;20;391
1;2025-11-16;21;280
1;2025-11-16;22;117
1;2025-11-16;23;33
1;2025-11-17;0;0
1;2025-11-17;1;0
1;2025-11-17;2;0
1;2025-11-17;3;0
1;2025-11-17;4;9
1;2025-11-17;5;137
1;2025-11-17;6;540
1;2025-11-17;7;1431
1;2025-11-17;8;1838
1;2025-11-17;9;1420
1;2025-11-17;10;1254
1;2025-11-17;11;1281
1;2025-11-17;12;1305
1;2025-11-17;13;1306
1;2025-11-17;14;1259
1;2025-11-17;15;1395
1;2025-11-17;16;1434
1;2025-11-17;17;1731
1;2025-11-17;18;1836
1;2025-11-17;19;1407
1;2025-11-17;20;908
1;2025-11-17;21;489
1;2025-11-17;22;250
1;2025-11-17;23;41
1;2025-11-18;0;3
1;2025-11-18;1;0
1;2025-11-18;2;0
1;2025-11-18;3;0
1;2025-11-18;4;7
1;2025-11-18;5;138
1;2025-11-18;6;537
1;2025-11-18;7;1453
1;2025-11-18;8;1806
1;2025-11-18;9;1439
1;2025-11-18;10;1326
1;2025-11-18;11;1322
1;2025-11-18;12;1326
1;2025-11-18;13;1328
1;2025-11-18;14;1220
1;2025-11-18;15;1340
1;2025-11-18;16;1369
1;2025-11-18;17;1640
1;2025-11-18;18;1708
1;2025-11-18;19;1366
1;2025-11-18;20;901
1;2025-11-18;21;483
1;2025-11-18;22;242
1;2025-11-18;23;43
1;2025-11-19;0;4
1;2025-11-19;1;0
1;2025-11-19;2;0
1;2025-11-19;3;0
1;2025-11-19;4;9
1;2025-11-19;5;143
1;2025-11-19;6;558
1;2025-11-19;7;1456
1;2025-11-19;8;1924
1;2025-11-19;9;1530
1;2025-11-19;10;1347
1;2025-11-19;11;1376
1;2025-11-19;12;1399
1;2025-11-19;13;1443
1;2025-11-19;14;1311
1;2025-11-19;15;1467
1;2025-11-19;16;1471
1;2025-11-19;17;1775
1;2025-11-19;18;1827
1;2025-11-19;19;1421
1;2025-11-19;20;942
1;2025-11-19;21;509
1;2025-11-19;22;279
1;2025-11-19;23;46
1;2025-11-20;0;5
1;2025-11-20;1;0
1;2025-11-20;2;0
1;2025-11-20;3;0
1;2025-11-20;4;8
1;2025-11-20;5;137
1;2025-11-20;6;543
1;2025-11-20;7;1478
1;2025-11-20;8;1921
1;2025-11-20;9;1493
1;2025-11-20;10;1385
1;2025-11-20;11;1382
1;2025-11-20;12;1411
1;2025-11-20;13;1394
1;2025-11-20;14;1349
1;2025-11-20;15;1450
1;2025-11-20;16;1504
1;2025-11-20;17;1747
1;2025-11-20;18;1852
1;2025-11-20;19;1403
1;2025-11-20;20;933
1;2025-11-20;21;512
1;2025-11-20;22;263
1;2025-11-20;23;54
1;2025-11-21;0;6
1;2025-11-21;1;0
1;2025-11-21;2;0
1;2025-11-21;3;0
1;2025-11-21;4;8
1;2025-11-21;5;142
1;2025-11-21;6;531
1;2025-11-21;7;1497
1;2025-11-21;8;1882
1;2025-11-21;9;1447
1;2025-11-21;10;1345
1;2025-11-21;11;1408
1;2025-11-21;12;1379
1;2025-11-21;13;1410
1;2025-11-21;14;1342
1;2025-11-21;15;1511
1;2025-11-21;16;1562
1;2025-11-21;17;1761
1;2025-11-21;18;1593
1;2025-11-21;19;1258
1;2025-11-21;20;858
1;2025-11-21;21;531
1;2025-11-21;22;276
1;2025-11-21;23;56
1;2025-11-22;0;6
1;2025-11-22;1;0
1;2025-11-22;2;0
1;2025-11-22;3;0
1;2025-11-22;4;0
1;2025-11-22;5;34
1;2025-11-22;6;177
1;2025-11-22;7;345
1;2025-11-22;8;472
1;2025-11-22;9;717
1;2025-11-22;10;833
1;2025-11-22;11;769
1;2025-11-22;12;940
1;2025-11-22;13;950
1;2025-11-22;14;884
1;2025-11-22;15;762
1;2025-11-22;16;731
1;2025-11-22;17;685
1;2025-11-22;18;619
1;2025-11-22;19;585
1;2025-11-22;20;438
1;2025-11-22;21;319
1;2025-11-22;22;143
1;2025-11-22;23;36
1;2025-11-23;0;0
1;2025-11-23;1;0
1;2025-11-23;2;0
1;2025-11-23;3;0
1;2025-11-23;4;0
1;2025-11-23;5;29
1;2025-11-23;6;132
1;2025-11-23;7;271
1;2025-11-23;8;374
1;2025-11-23;9;619
1;2025-11-23;10;714
1;2025-11-23;11;709
1;2025-11-23;12;864
1;2025-11-23;13;871
1;2025-11-23;14;769
1;2025-11-23;15;698
1;2025-11-23;16;658
1;2025-11-23;17;623
1;2025-11-23;18;565
1;2025-11-23;19;490
1;2025-11-23;20;394
1;2025-11-23;21;282
1;2025-11-23;22;118
1;2025-11-23;23;33
1;2025-11-24;0;0
1;2025-11-24;1;0
1;2025-11-24;2;0
1;2025-11-24;3;0
1;2025-11-24;4;9
1;2025-11-24;5;132
1;2025-11-24;6;521
1;2025-11-24;7;1383
1;2025-11-24;8;1776
1;2025-11-24;9;1373
1;2025-11-24;10;1212
1;2025-11-24;11;1238
1;2025-11-24;12;1261
1;2025-11-24;13;1262
1;2025-11-24;14;1217
1;2025-11-24;15;1348
1;2025-11-24;16;1386
1;2025-11-24;17;1673
1;2025-11-24;18;1774
1;2025-11-24;19;1360
1;2025-11-24;20;877
1;2025-11-24;21;472
1;2025-11-24;22;241
1;2025-11-24;23;40
1;2025-11-25;0;3
1;2025-11-25;1;0
1;2025-11-25;2;0
1;2025-11-25;3;0
1;2025-11-25;4;7
1;2025-11-25;5;148
1;2025-11-25;6;575
1;2025-11-25;7;1556
1;2025-11-25;8;1933
1;2025-11-25;9;1541
1;2025-11-25;10;1420
1;2025-11-25;11;1415
1;2025-11-25;12;1420
1;2025-11-25;13;1422
1;2025-11-25;14;1306
1;2025-11-25;15;1434
1;2025-11-25;16;1466
1;2025-11-25;17;1756
1;2025-11-25;18;1828
1;2025-11-25;19;1462
1;2025-11-25;20;964
1;2025-11-25;21;517
1;2025-11-25;22;260
1;2025-11-25;23;46
1;2025-11-26;0;4
1;2025-11-26;1;0
1;2025-11-26;2;0
1;2025-11-26;3;0
1;2025-11-26;4;9
1;2025-11-26;5;135
1;2025-11-26;6;529
1;2025-11-26;7;1381
1;2025-11-26;8;1825
1;2025-11-26;9;1451
1;2025-11-26;10;1277
1;2025-11-26;11;1305
1;2025-11-26;12;1327
1;2025-11-26;13;1368
1;2025-11-26;14;1244
1;2025-11-26;15;1392
1;2025-11-26;16;1396
1;2025-11-26;17;1683
1;2025-11-26;18;1733
1;2025-11-26;19;1348
1;2025-11-26;20;894
1;2025-11-26;21;483
1;2025-11-26;22;265
1;2025-11-26;23;43
1;2025-11-27;0;5
1;2025-11-27;1;0
1;2025-11-27;2;0
1;2025-11-27;3;0
1;2025-11-27;4;8
1;2025-11-27;5;130
1;2025-11-27;6;515
1;2025-11-27;7;1402
1;2025-11-27;8;1823
1;2025-11-27;9;1416
1;2025-11-27;10;1314
1;2025-11-27;11;1311
1;2025-11-27;12;1338
1;2025-11-27;13;1322
1;2025-11-27;14;1280
1;2025-11-27;15;1375
1;2025-11-27;16;1427
1;2025-11-27;17;1658
1;2025-11-27;18;1757
1;2025-11-27;19;1331
1;2025-11-27;20;885
1;2025-11-27;21;486
1;2025-11-27;22;249
1;2025-11-27;23;51
1;2025-11-28;0;6
1;2025-11-28;1;0
1;2025-11-28;2;0
1;2025-11-28;3;0
1;2025-11-28;4;7
1;2025-11-28;5;136
1;2025-11-28;6;510
1;2025-11-28;7;1438
1;2025-11-28;8;1808
1;2025-11-28;9;1390
1;2025-11-28;10;1291
1;2025-11-28;11;1352
1;2025-11-28;12;1324
1;2025-11-28;13;1354
1;2025-11-28;14;1289
1;2025-11-28;15;1451
1;2025-11-28;16;1500
1;2025-11-28;17;1691
1;2025-11-28;18;1530
1;2025-11-28;19;1208
1;2025-11-28;20;824
1;2025-11-28;21;510
1;2025-11-28;22;265
1;2025-11-28;23;54
1;2025-11-29;0;6
1;2025-11-29;1;0
1;2025-11-29;2;0
1;2025-11-29;3;0
1;2025-11-29;4;0
1;2025-11-29;5;36
1;2025-11-29;6;185
1;2025-11-29;7;362
1;2025-11-29;8;495
1;2025-11-29;9;751
1;2025-11-29;10;873
1;2025-11-29;11;806
1;2025-11-29;12;985
1;2025-11-29;13;996
1;2025-11-29;14;927
1;2025-11-29;15;799
1;2025-11-29;16;766
1;2025-11-29;17;718
1;2025-11-29;18;649
1;2025-11-29;19;614
1;2025-11-29;20;459
1;2025-11-29;21;335
1;2025-11-29;22;150
1;2025-11-29;23;38
1;2025-11-30;0;0
1;2025-11-30;1;0
1;2025-11-30;2;0
1;2025-11-30;3;0
1;2025-11-30;4;0
1;2025-11-30;5;29
1;2025-11-30;6;132
1;2025-11-30;7;270
1;2025-11-30;8;373
1;2025-11-30;9;618
1;2025-11-30;10;713
1;2025-11-30;11;708
1;2025-11-30;12;863
1;2025-11-30;13;869
1;2025-11-30;14;768
1;2025-11-30;15;697
1;2025-11-30;16;657
1;2025-11-30;17;622
1;2025-11-30;18;564
1;2025-11-30;19;490
1;2025-11-30;20;394
1;2025-11-30;21;282
1;2025-11-30;22;118
1;2025-11-30;23;33
1;2025-12-01;0;0
1;2025-12-01;1;0
1;2025-12-01;2;0
1;2025-12-01;3;0
1;2025-12-01;4;9
1;2025-12-01;5;142
1;2025-12-01;6;558
1;2025-12-01;7;1479
1;2025-12-01;8;1900
1;2025-12-01;9;1468
1;2025-12-01;10;1297
1;2025-12-01;11;1324
1;2025-12-01;12;1349
1;2025-12-01;13;1350
1;2025-12-01;14;1302
1;2025-12-01;15;1442
1;2025-12-01;16;1482
1;2025-12-01;17;1789
1;2025-12-01;18;1898
1;2025-12-01;19;1455
1;2025-12-01;20;939
1;2025-12-01;21;505
1;2025-12-01;22;258
1;2025-12-01;23;42
1;2025-12-02;0;3
1;2025-12-02;1;0
1;2025-12-02;2;0
1;2025-12-02;3;0
1;2025-12-02;4;7
1;2025-12-02;5;148
1;2025-12-02;6;574
1;2025-12-02;7;1553
1;2025-12-02;8;1930
1;2025-12-02;9;1539
1;2025-12-02;10;1418
1;2025-12-02;11;1413
1;2025-12-02;12;1418
1;2025-12-02;13;1420
1;2025-12-02;14;1304
1;2025-12-02;15;1432
1;2025-12-02;16;1464
1;2025-12-02;17;1753
1;2025-12-02;18;1826
1;2025-12-02;19;1460
1;2025-12-02;20;963
1;2025-12-02;21;516
1;2025-12-02;22;259
1;2025-12-02;23;46
1;2025-12-03;0;4
1;2025-12-03;1;0
1;2025-12-03;2;0
1;2025-12-03;3;0
1;2025-12-03;4;9
1;2025-12-03;5;143
1;2025-12-03;6;558
1;2025-12-03;7;1457
1;2025-12-03;8;1925
1;2025-12-03;9;1531
1;2025-12-03;10;1348
1;2025-12-03;11;1377
1;2025-12-03;12;1400
1;2025-12-03;13;1444
1;2025-12-03;14;1312
1;2025-12-03;15;1468
1;2025-12-03;16;1472
1;2025-12-03;17;1776
1;2025-12-03;18;1828
1;2025-12-03;19;1422
1;2025-12-03;20;943
1;2025-12-03;21;510
1;2025-12-03;22;280
1;2025-12-03;23;46
1;2025-12-04;0;5
1;2025-12-04;1;0
1;2025-12-04;2;0
1;2025-12-04;3;0
1;2025-12-04;4;8
1;2025-12-04;5;137
1;2025-12-04;6;543
1;2025-12-04;7;1477
1;2025-12-04;8;1919
1;2025-12-04;9;1491
1;2025-12-04;10;1384
1;2025-12-04;11;1381
1;2025-12-04;12;1409
1;2025-12-04;13;1392
1;2025-12-04;14;1348
1;2025-12-04;15;1448
1;2025-12-04;16;1502
1;2025-12-04;17;1745
1;2025-12-04;18;1850
1;2025-12-04;19;1402
1;2025-12-04;20;932
1;2025-12-04;21;511
1;2025-12-04;22;263
1;2025-12-04;23;54
1;2025-12-05;0;6
1;2025-12-05;1;0
1;2025-12-05;2;0
1;2025-12-05;3;0
1;2025-12-05;4;8
1;2025-12-05;5;143
1;2025-12-05;6;536
1;2025-12-05;7;1511
1;2025-12-05;8;1900
1;2025-12-05;9;1461
1;2025-12-05;10;1357
1;2025-12-05;11;1421
1;2025-12-05;12;1392
1;2025-12-05;13;1423
1;2025-12-05;14;1354
1;2025-12-05;15;1525
1;2025-12-05;16;1576
1;2025-12-05;17;1777
1;2025-12-05;18;1608
1;2025-12-05;19;1270
1;2025-12-05;20;866
1;2025-12-05;21;536
1;2025-12-05;22;279
1;2025-12-05;23;56
1;2025-12-06;0;6
1;2025-12-06;1;0
1;2025-12-06;2;0
1;2025-12-06;3;0
1;2025-12-06;4;0
1;2025-12-06;5;36
1;2025-12-06;6;188
1;2025-12-06;7;367
1;2025-12-06;8;501
1;2025-12-06;9;761
1;2025-12-06;10;885
1;2025-12-06;11;816
1;2025-12-06;12;998
1;2025-12-06;13;1009
1;2025-12-06;14;938
1;2025-12-06;15;809
1;2025-12-06;16;776
1;2025-12-06;17;727
1;2025-12-06;18;657
1;2025-12-06;19;621
1;2025-12-06;20;465
1;2025-12-06;21;339
1;2025-12-06;22;152
1;2025-12-06;23;38
1;2025-12-07;0;0
1;2025-12-07;1;0
1;2025-12-07;2;0
1;2025-12-07;3;0
1;2025-12-07;4;0
1;2025-12-07;5;29
1;2025-12-07;6;134
1;2025-12-07;7;275
1;2025-12-07;8;379
1;2025-12-07;9;628
1;2025-12-07;10;725
1;2025-12-07;11;720
1;2025-12-07;12;877
1;2025-12-07;13;884
1;2025-12-07;14;781
1;2025-12-07;15;709
1;2025-12-07;16;668
1;2025-12-07;17;633
1;2025-12-07;18;574
1;2025-12-07;19;498
1;2025-12-07;20;400
1;2025-12-07;21;286
1;2025-12-07;22;120
1;2025-12-07;23;34
1;2025-12-08;0;0
1;2025-12-08;1;0
1;2025-12-08;2;0
1;2025-12-08;3;0
1;2025-12-08;4;9
1;2025-12-08;5;144
1;2025-12-08;6;567
1;2025-12-08;7;1504
1;2025-12-08;8;1932
1;2025-12-08;9;1493
1;2025-12-08;10;1318
1;2025-12-08;11;1346
1;2025-12-08;12;1371
1;2025-12-08;13;1373
1;2025-12-08;14;1323
1;2025-12-08;15;1466
1;2025-12-08;16;1507
1;2025-12-08;17;1819
1;2025-12-08;18;1929
1;2025-12-08;19;1479
1;2025-12-08;20;954
1;2025-12-08;21;514
1;2025-12-08;22;263
1;2025-12-08;23;43
1;2025-12-09;0;3
1;2025-12-09;1;0
1;2025-12-09;2;0
1;2025-12-09;3;0
1;2025-12-09;4;7
1;2025-12-09;5;151
1;2025-12-09;6;587
1;2025-12-09;7;1588
1;2025-12-09;8;1974
1;2025-12-09;9;1574
1;2025-12-09;10;1450
1;2025-12-09;11;1445
1;2025-12-09;12;1450
1;2025-12-09;13;1452
1;2025-12-09;14;1333
1;2025-12-09;15;1465
1;2025-12-09;16;1497
1;2025-12-09;17;1793
1;2025-12-09;18;1867
1;2025-12-09;19;1493
1;2025-12-09;20;985
1;2025-12-09;21;528
1;2025-12-09;22;265
1;2025-12-09;23;47
1;2025-12-10;0;4
1;2025-12-10;1;0
1;2025-12-10;2;0
1;2025-12-10;3;0
1;2025-12-10;4;9
1;2025-12-10;5;145
1;2025-12-10;6;566
1;2025-12-10;7;1477
1;2025-12-10;8;1952
1;2025-12-10;9;1552
1;2025-12-10;10;1366
1;2025-12-10;11;1396
1;2025-12-10;12;1419
1;2025-12-10;13;1463
1;2025-12-10;14;1330
1;2025-12-10;15;1488
1;2025-12-10;16;1492
1;2025-12-10;17;1800
1;2025-12-10;18;1853
1;2025-12-10;19;1441
1;2025-12-10;20;956
1;2025-12-10;21;517
1;2025-12-10;22;283
1;2025-12-10;23;47
1;2025-12-11;0;5
1;2025-12-11;1;0
1;2025-12-11;2;0
1;2025-12-11;3;0
1;2025-12-11;4;8
1;2025-12-11;5;134
1;2025-12-11;6;533
1;2025-12-11;7;1450
1;2025-12-11;8;1884
1;2025-12-11;9;1464
1;2025-12-11;10;1359
1;2025-12-11;11;1356
1;2025-12-11;12;1384
1;2025-12-11;13;1367
1;2025-12-11;14;1323
1;2025-12-11;15;1422
1;2025-12-11;16;1475
1;2025-12-11;17;1714
1;2025-12-11;18;1816
1;2025-12-11;19;1376
1;2025-12-11;20;915
1;2025-12-11;21;502
1;2025-12-11;22;258
1;2025-12-11;23;53
1;2025-12-12;0;6
1;2025-12-12;1;0
1;2025-12-12;2;0
1;2025-12-12;3;0
1;2025-12-12;4;7
1;2025-12-12;5;140
1;2025-12-12;6;525
1;2025-12-12;7;1481
1;2025-12-12;8;1862
1;2025-12-12;9;1431
1;2025-12-12;10;1330
1;2025-12-12;11;1393
1;2025-12-12;12;1364
1;2025-12-12;13;1394
1;2025-12-12;14;1327
1;2025-12-12;15;1495
1;2025-12-12;16;1545
1;2025-12-12;17;1741
1;2025-12-12;18;1576
1;2025-12-12;19;1244
1;2025-12-12;20;848
1;2025-12-12;21;525
1;2025-12-12;22;273
1;2025-12-12;23;55
1;2025-12-13;0;6
1;2025-12-13;1;0
1;2025-12-13;2;0
1;2025-12-13;3;0
1;2025-12-13;4;0
1;2025-12-13;5;36
1;2025-12-13;6;186
1;2025-12-13;7;364
1;2025-12-13;8;498
1;2025-12-13;9;757
1;2025-12-13;10;880
1;2025-12-13;11;812
1;2025-12-13;12;992
1;2025-12-13;13;1003
1;2025-12-13;14;933
1;2025-12-13;15;804
1;2025-12-13;16;772
1;2025-12-13;17;723
1;2025-12-13;18;653
1;2025-12-13;19;618
1;2025-12-13;20;462
1;2025-12-13;21;337
1;2025-12-13;22;151
1;2025-12-13;23;38
1;2025-12-14;0;0
1;2025-12-14;1;0
1;2025-12-14;2;0
1;2025-12-14;3;0
1;2025-12-14;4;0
1;2025-12-14;5;29
1;2025-12-14;6;133
1;2025-12-14;7;274
1;2025-12-14;8;378
1;2025-12-14;9;626
1;2025-12-14;10;723
1;2025-12-14;11;718
1;2025-12-14;12;874
1;2025-12-14;13;881
1;2025-12-14;14;778
1;2025-12-14;15;707
1;2025-12-14;16;666
1;2025-12-14;17;631
1;2025-12-14;18;572
1;2025-12-14;19;496
1;2025-12-14;20;399
1;2025-12-14;21;286
1;2025-12-14;22;120
1;2025-12-14;23;34
1;2025-12-15;0;0
1;2025-12-15;1;0
1;2025-12-15;2;0
1;2025-12-15;3;0
1;2025-12-15;4;9
1;2025-12-15;5;144
1;2025-12-15;6;568
1;2025-12-15;7;1507
1;2025-12-15;8;1935
1;2025-12-15;9;1495
1;2025-12-15;10;1321
1;2025-12-15;11;1349
1;2025-12-15;12;1374
1;2025-12-15;13;1375
1;2025-12-15;14;1326
1;2025-12-15;15;1469
1;2025-12-15;16;1510
1;2025-12-15;17;1823
1;2025-12-15;18;1933
1;2025-12-15;19;1482
1;2025-12-15;20;956
1;2025-12-15;21;515
1;2025-12-15;22;263
1;2025-12-15;23;43
1;2025-12-16;0;3
1;2025-12-16;1;0
1;2025-12-16;2;0
1;2025-12-16;3;0
1;2025-12-16;4;7
1;2025-12-16;5;150
1;2025-12-16;6;582
1;2025-12-16;7;1575
1;2025-12-16;8;1958
1;2025-12-16;9;1561
1;2025-12-16;10;1438
1;2025-12-16;11;1433
1;2025-12-16;12;1438
1;2025-12-16;13;1440
1;2025-12-16;14;1323
1;2025-12-16;15;1453
1;2025-12-16;16;1484
1;2025-12-16;17;1778
1;2025-12-16;18;1852
1;2025-12-16;19;1480
1;2025-12-16;20;977
1;2025-12-16;21;523
1;2025-12-16;22;263
1;2025-12-16;23;47
1;2025-12-17;0;4
1;2025-12-17;1;0
1;2025-12-17;2;0
1;2025-12-17;3;0
1;2025-12-17;4;9
1;2025-12-17;5;145
1;2025-12-17;6;568
1;2025-12-17;7;1482
1;2025-12-17;8;1959
1;2025-12-17;9;1557
1;2025-12-17;10;1371
1;2025-12-17;11;1401
1;2025-12-17;12;1425
1;2025-12-17;13;1469
1;2025-12-17;14;1335
1;2025-12-17;15;1494
1;2025-12-17;16;1498
1;2025-12-17;17;1807
1;2025-12-17;18;1860
1;2025-12-17;19;1447
1;2025-12-17;20;959
1;2025-12-17;21;519
1;2025-12-17;22;284
1;2025-12-17;23;47
1;2025-12-18;0;5
1;2025-12-18;1;0
1;2025-12-18;2;0
1;2025-12-18;3;0
1;2025-12-18;4;8
1;2025-12-18;5;139
1;2025-12-18;6;554
1;2025-12-18;7;1508
1;2025-12-18;8;1960
1;2025-12-18;9;1523
1;2025-12-18;10;1413
1;2025-12-18;11;1410
1;2025-12-18;12;1439
1;2025-12-18;13;1422
1;2025-12-18;14;1376
1;2025-12-18;15;1479
1;2025-12-18;16;1534
1;2025-12-18;17;1783
1;2025-12-18;18;1889
1;2025-12-18;19;1431
1;2025-12-18;20;952
1;2025-12-18;21;522
1;2025-12-18;22;268
1;2025-12-18;23;55
1;2025-12-19;0;6
1;2025-12-19;1;0
1;2025-12-19;2;0
1;2025-12-19;3;0
1;2025-12-19;4;8
1;2025-12-19;5;145
1;2025-12-19;6;542
1;2025-12-19;7;1528
1;2025-12-19;8;1921
1;2025-12-19;9;1477
1;2025-12-19;10;1372
1;2025-12-19;11;1437
1;2025-12-19;12;1408
1;2025-12-19;13;1439
1;2025-12-19;14;1370
1;2025-12-19;15;1542
1;2025-12-19;16;1595
1;2025-12-19;17;1797
1;2025-12-19;18;1626
1;2025-12-19;19;1284
1;2025-12-19;20;876
1;2025-12-19;21;542
1;2025-12-19;22;282
1;2025-12-19;23;57
1;2025-12-20;0;6
1;2025-12-20;1;0
1;2025-12-20;2;0
1;2025-12-20;3;0
1;2025-12-20;4;0
1;2025-12-20;5;37
1;2025-12-20;6;190
1;2025-12-20;7;371
1;2025-12-20;8;507
1;2025-12-20;9;769
1;2025-12-20;10;894
1;2025-12-20;11;825
1;2025-12-20;12;1009
1;2025-12-20;13;1020
1;2025-12-20;14;949
1;2025-12-20;15;818
1;2025-12-20;16;785
1;2025-12-20;17;735
1;2025-12-20;18;664
1;2025-12-20;19;628
1;2025-12-20;20;470
1;2025-12-20;21;343
1;2025-12-20;22;153
1;2025-12-20;23;39
1;2025-12-21;0;0
1;2025-12-21;1;0
1;2025-12-21;2;0
1;2025-12-21;3;0
1;2025-12-21;4;0
1;2025-12-21;5;29
1;2025-12-21;6;133
1;2025-12-21;7;273
1;2025-12-21;8;377
1;2025-12-21;9;624
1;2025-12-21;10;721
1;2025-12-21;11;715
1;2025-12-21;12;872
1;2025-12-21;13;878
1;2025-12-21;14;776
1;2025-12-21;15;704
1;2025-12-21;16;664
1;2025-12-21;17;629
1;2025-12-21;18;570
1;2025-12-21;19;495
1;2025-12-21;20;398
1;2025-12-21;21;285
1;2025-12-21;22;119
1;2025-12-21;23;34
1;2025-12-22;0;0
1;2025-12-22;1;0
1;2025-12-22;2;0
1;2025-12-22;3;0
1;2025-12-22;4;9
1;2025-12-22;5;142
1;2025-12-22;6;559
1;2025-12-22;7;1483
1;2025-12-22;8;1905
1;2025-12-22;9;1472
1;2025-12-22;10;1300
1;2025-12-22;11;1328
1;2025-12-22;12;1352
1;2025-12-22;13;1354
1;2025-12-22;14;1305
1;2025-12-22;15;1446
1;2025-12-22;16;1486
1;2025-12-22;17;1794
1;2025-12-22;18;1903
1;2025-12-22;19;1459
1;2025-12-22;20;941
1;2025-12-22;21;507
1;2025-12-22;22;259
1;2025-12-22;23;43
1;2025-12-23;0;3
1;2025-12-23;1;0
1;2025-12-23;2;0
1;2025-12-23;3;0
1;2025-12-23;4;8
1;2025-12-23;5;152
1;2025-12-23;6;590
1;2025-12-23;7;1596
1;2025-12-23;8;1984
1;2025-12-23;9;1581
1;2025-12-23;10;1457
1;2025-12-23;11;1452
1;2025-12-23;12;1457
1;2025-12-23;13;1459
1;2025-12-23;14;1340
1;2025-12-23;15;1472
1;2025-12-23;16;1504
1;2025-12-23;17;1802
1;2025-12-23;18;1876
1;2025-12-23;19;1500
1;2025-12-23;20;990
1;2025-12-23;21;530
1;2025-12-23;22;266
1;2025-12-23;23;47
1;2025-12-24;0;4
1;2025-12-24;1;0
1;2025-12-24;2;0
1;2025-12-24;3;0
1;2025-12-24;4;9
1;2025-12-24;5;146
1;2025-12-24;6;569
1;2025-12-24;7;1485
1;2025-12-24;8;1963
1;2025-12-24;9;1560
1;2025-12-24;10;1374
1;2025-12-24;11;1404
1;2025-12-24;12;1427
1;2025-12-24;13;1472
1;2025-12-24;14;1337
1;2025-12-24;15;1497
1;2025-12-24;16;1501
1;2025-12-24;17;1810
1;2025-12-24;18;1864
1;2025-12-24;19;1450
1;2025-12-24;20;961
1;2025-12-24;21;520
1;2025-12-24;22;285
1;2025-12-24;23;47
1;2025-12-25;0;5
1;2025-12-25;1;0
1;2025-12-25;2;0
1;2025-12-25;3;0
1;2025-12-25;4;8
1;2025-12-25;5;139
1;2025-12-25;6;551
1;2025-12-25;7;1499
1;2025-12-25;8;1948
1;2025-12-25;9;1513
1;2025-12-25;10;1404
1;2025-12-25;11;1401
1;2025-12-25;12;1430
1;2025-12-25;13;1413
1;2025-12-25;14;1368
1;2025-12-25;15;1470
1;2025-12-25;16;1525
1;2025-12-25;17;1772
1;2025-12-25;18;1877
1;2025-12-25;19;1423
1;2025-12-25;20;946
1;2025-12-25;21;519
1;2025-12-25;22;267
1;2025-12-25;23;54
1;2025-12-26;0;6
1;2025-12-26;1;0
1;2025-12-26;2;0
1;2025-12-26;3;0
1;2025-12-26;4;7
1;2025-12-26;5;139
1;2025-12-26;6;519
1;2025-12-26;7;1462
1;2025-12-26;8;1838
1;2025-12-26;9;1413
1;2025-12-26;10;1313
1;2025-12-26;11;1375
1;2025-12-26;12;1347
1;2025-12-26;13;1377
1;2025-12-26;14;1310
1;2025-12-26;15;1476
1;2025-12-26;16;1526
1;2025-12-26;17;1719
1;2025-12-26;18;1556
1;2025-12-26;19;1229
1;2025-12-26;20;838
1;2025-12-26;21;519
1;2025-12-26;22;270
1;2025-12-26;23;54
1;2025-12-27;0;6
1;2025-12-27;1;0
1;2025-12-27;2;0
1;2025-12-27;3;0
1;2025-12-27;4;0
1;2025-12-27;5;36
1;2025-12-27;6;188
1;2025-12-27;7;368
1;2025-12-27;8;503
1;2025-12-27;9;763
1;2025-12-27;10;887
1;2025-12-27;11;819
1;2025-12-27;12;1001
1;2025-12-27;13;1012
1;2025-12-27;14;941
1;2025-12-27;15;811
1;2025-12-27;16;779
1;2025-12-27;17;730
1;2025-12-27;18;659
1;2025-12-27;19;623
1;2025-12-27;20;466
1;2025-12-27;21;340
1;2025-12-27;22;152
1;2025-12-27;23;39
1;2025-12-28;0;0
1;2025-12-28;1;0
1;2025-12-28;2;0
1;2025-12-28;3;0
1;2025-12-28;4;0
1;2025-12-28;5;29
1;2025-12-28;6;132
1;2025-12-28;7;272
1;2025-12-28;8;375
1;2025-12-28;9;621
1;2025-12-28;10;717
1;2025-12-28;11;712
1;2025-12-28;12;868
1;2025-12-28;13;875
1;2025-12-28;14;773
1;2025-12-28;15;701
1;2025-12-28;16;661
1;2025-12-28;17;626
1;2025-12-28;18;568
1;2025-12-28;19;493
1;2025-12-28;20;396
1;2025-12-28;21;284
1;2025-12-28;22;119
1;2025-12-28;23;33
1;2025-12-29;0;0
1;2025-12-29;1;0
1;2025-12-29;2;0
1;2025-12-29;3;0
1;2025-12-29;4;9
1;2025-12-29;5;143
1;2025-12-29;6;561
1;2025-12-29;7;1489
1;2025-12-29;8;1913
1;2025-12-29;9;1478
1;2025-12-29;10;1305
1;2025-12-29;11;1333
1;2025-12-29;12;1358
1;2025-12-29;13;1359
1;2025-12-29;14;1310
1;2025-12-29;15;1452
1;2025-12-29;16;1492
1;2025-12-29;17;1801
1;2025-12-29;18;1910
1;2025-12-29;19;1464
1;2025-12-29;20;945
1;2025-12-29;21;509
1;2025-12-29;22;260
1;2025-12-29;23;43
1;2025-12-30;0;3
1;2025-12-30;1;0
1;2025-12-30;2;0
1;2025-12-30;3;0
1;2025-12-30;4;7
1;2025-12-30;5;149
1;2025-12-30;6;580
1;2025-12-30;7;1570
1;2025-12-30;8;1951
1;2025-12-30;9;1555
1;2025-12-30;10;1433
1;2025-12-30;11;1429
1;2025-12-30;12;1433
1;2025-12-30;13;1435
1;2025-12-30;14;1318
1;2025-12-30;15;1448
1;2025-12-30;16;1479
1;2025-12-30;17;1772
1;2025-12-30;18;1845
1;2025-12-30;19;1475
1;2025-12-30;20;973
1;2025-12-30;21;521
1;2025-12-30;22;262
1;2025-12-30;23;46
1;2025-12-31;0;0
1;2025-12-31;1;0
1;2025-12-31;2;0
1;2025-12-31;3;0
1;2025-12-31;4;0
1;2025-12-31;5;31
1;2025-12-31;6;149
1;2025-12-31;7;269
1;2025-12-31;8;374
1;2025-12-31;9;610
1;2025-12-31;10;690
1;2025-12-31;11;645
1;2025-12-31;12;806
1;2025-12-31;13;806
1;2025-12-31;14;752
1;2025-12-31;15;676
1;2025-12-31;16;624
1;2025-12-31;17;598
1;2025-12-31;18;560
1;2025-12-31;19;506
1;2025-12-31;20;368
1;2025-12-31;21;281
1;2025-12-31;22;129
1;2025-12-31;23;38
5;2025-11-01;0;0
5;2025-11-01;1;0
5;2025-11-01;2;0
5;2025-11-01;3;0
5;2025-11-01;4;0
5;2025-11-01;5;0
5;2025-11-01;6;0
5;2025-11-01;7;0
5;2025-11-01;8;0
5;2025-11-01;9;0
5;2025-11-01;10;0
5;2025-11-01;11;0
5;2025-11-01;12;0
5;2025-11-01;13;0
5;2025-11-01;14;0
5;2025-11-01;15;0
5;2025-11-01;16;0
5;2025-11-01;17;0
5;2025-11-01;18;0
5;2025-11-01;19;0
5;2025-11-01;20;0
5;2025-11-01;21;0
5;2025-11-01;22;0
5;2025-11-01;23;0
5;2025-11-02;0;0
5;2025-11-02;1;0
5;2025-11-02;2;0
5;2025-11-02;3;0
5;2025-11-02;4;0
5;2025-11-02;5;0
5;2025-11-02;6;0
5;2025-11-02;7;0
5;2025-11-02;8;0
5;2025-11-02;9;0
5;2025-11-02;10;0
5;2025-11-02;11;0
5;2025-11-02;12;0
5;2025-11-02;13;0
5;2025-11-02;14;0
5;2025-11-02;15;0
5;2025-11-02;16;0
5;2025-11-02;17;0
5;2025-11-02;18;0
5;2025-11-02;19;0
5;2025-11-02;20;0
5;2025-11-02;21;0
5;2025-11-02;22;0
5;2025-11-02;23;0
5;2025-11-03;0;0
5;2025-11-03;1;0
5;2025-11-03;2;0
5;2025-11-03;3;0
5;2025-11-03;4;0
5;2025-11-03;5;0
5;2025-11-03;6;0
5;2025-11-03;7;0
5;2025-11-03;8;0
5;2025-11-03;9;0
5;2025-11-03;10;0
5;2025-11-03;11;0
5;2025-11-03;12;0
5;2025-11-03;13;0
5;2025-11-03;14;0
5;2025-11-03;15;0
5;2025-11-03;16;0
5;2025-11-03;17;0
5;2025-11-03;18;0
5;2025-11-03;19;0
5;2025-11-03;20;0
5;2025-11-03;21;0
5;2025-11-03;22;0
5;2025-11-03;23;0
5;2025-11-04;0;0
5;2025-11-04;1;0
5;2025-11-04;2;0
5;2025-11-04;3;0
5;2025-11-04;4;0
5;2025-11-04;5;0
5;2025-11-04;6;0
5;2025-11-04;7;0
5;2025-11-04;8;0
5;2025-11-04;9;0
5;2025-11-04;10;0
5;2025-11-04;11;0
5;2025-11-04;12;0
5;2025-11-04;13;0
5;2025-11-04;14;0
5;2025-11-04;15;0
5;2025-11-04;16;0
5;2025-11-04;17;0
5;2025-11-04;18;0
5;2025-11-04;19;0
5;2025-11-04;20;0
5;2025-11-04;21;0
5;2025-11-04;22;0
5;2025-11-04;23;0
5;2025-11-05;0;0
5;2025-11-05;1;0
5;2025-11-05;2;0
5;2025-11-05;3;0
5;2025-11-05;4;0
5;2025-11-05;5;0
5;2025-11-05;6;0
5;2025-11-05;7;0
5;2025-11-05;8;0
5;2025-11-05;9;0
5;2025-11-05;10;0
5;2025-11-05;11;0
5;2025-11-05;12;0
5;2025-11-05;13;0
5;2025-11-05;14;0
5;2025-11-05;15;0
5;2025-11-05;16;0
5;2025-11-05;17;0
5;2025-11-05;18;0
5;2025-11-05;19;0
5;2025-11-05;20;0
5;2025-11-05;21;0
5;2025-11-05;22;0
5;2025-11-05;23;0
5;2025-11-06;0;0
5;2025-11-06;1;0
5;2025-11-06;2;0
5;2025-11-06;3;0
5;2025-11-06;4;0
5;2025-11-06;5;0
5;2025-11-06;6;0
5;2025-11-06;7;0
5;2025-11-06;8;0
5;2025-11-06;9;0
5;2025-11-06;10;0
5;2025-11-06;11;0
5;2025-11-06;12;0
5;2025-11-06;13;0
5;2025-11-06;14;0
5;2025-11-06;15;0
5;2025-11-06;16;0
5;2025-11-06;17;0
5;2025-11-06;18;0
5;2025-11-06;19;0
5;2025-11-06;20;0
5;2025-11-06;21;0
5;2025-11-06;22;0
5;2025-11-06;23;0
5;2025-11-07;0;0
5;2025-11-07;1;0
5;2025-11-07;2;0
5;2025-11-07;3;0
5;2025-11-07;4;0
5;2025-11-07;5;0
5;2025-11-07;6;0
5;2025-11-07;7;0
5;2025-11-07;8;0
5;2025-11-07;9;0
5;2025-11-07;10;0
5;2025-11-07;11;0
5;2025-11-07;12;0
5;2025-11-07;13;0
5;2025-11-07;14;0
5;2025-11-07;15;0
5;2025-11-07;16;0
5;2025-11-07;17;0
5;2025-11-07;18;0
5;2025-11-07;19;0
5;2025-11-07;20;0
5;2025-11-07;21;0
5;2025-11-07;22;0
5;2025-11-07;23;0
5;2025-11-08;0;0
5;2025-11-08;1;0
5;2025-11-08;2;0
5;2025-11-08;3;0
5;2025-11-08;4;0
5;2025-11-08;5;0
5;2025-11-08;6;0
5;2025-11-08;7;0
5;2025-11-08;8;0
5;2025-11-08;9;0
5;2025-11-08;10;0
5;2025-11-08;11;0
5;2025-11-08;12;0
5;2025-11-08;13;0
5;2025-11-08;14;0
5;2025-11-08;15;0
5;2025-11-08;16;0
5;2025-11-08;17;0
5;2025-11-08;18;0
5;2025-11-08;19;0
5;2025-11-08;20;0
5;2025-11-08;21;0
5;2025-11-08;22;0
5;2025-11-08;23;0
5;2025-11-09;0;0
5;2025-11-09;1;0
5;2025-11-09;2;0
5;2025-11-09;3;0
5;2025-11-09;4;0
5;2025-11-09;5;0
5;2025-11-09;6;0
5;2025-11-09;7;0
5;2025-11-09;8;0
5;2025-11-09;9;0
5;2025-11-09;10;0
5;2025-11-09;11;0
5;2025-11-09;12;0
5;2025-11-09;13;0
5;2025-11-09;14;0
5;2025-11-09;15;0
5;2025-11-09;16;0
5;2025-11-09;17;0
5;2025-11-09;18;0
5;2025-11-09;19;0
5;2025-11-09;20;0
5;2025-11-09;21;0
5;2025-11-09;22;0
5;2025-11-09;23;0
5;2025-11-10;0;0
5;2025-11-10;1;0
5;2025-11-10;2;0
5;2025-11-10;3;0
5;2025-11-10;4;0
5;2025-11-10;5;0
5;2025-11-10;6;0
5;2025-11-10;7;0
5;2025-11-10;8;0
5;2025-11-10;9;0
5;2025-11-10;10;0
5;2025-11-10;11;0
5;2025-11-10;12;0
5;2025-11-10;13;0
5;2025-11-10;14;0
5;2025-11-10;15;0
5;2025-11-10;16;0
5;2025-11-10;17;0
5;2025-11-10;18;0
5;2025-11-10;19;0
5;2025-11-10;20;0
5;2025-11-10;21;0
5;2025-11-10;22;0
5;2025-11-10;23;0
5;2025-11-11;0;0
5;2025-11-11;1;0
5;2025-11-11;2;0
5;2025-11-11;3;0
5;2025-11-11;4;0
5;2025-11-11;5;0
5;2025-11-11;6;0
5;2025-11-11;7;0
5;2025-11-11;8;0
5;2025-11-11;9;0
5;2025-11-11;10;0
5;2025-11-11;11;0
5;2025-11-11;12;0
5;2025-11-11;13;0
5;2025-11-11;14;0
5;2025-11-11;15;0
5;2025-11-11;16;0
5;2025-11-11;17;0
5;2025-11-11;18;0
5;2025-11-11;19;0
5;2025-11-11;20;0
5;2025-11-11;21;0
5;2025-11-11;22;0
5;2025-11-11;23;0
5;2025-11-12;0;0
5;2025-11-12;1;0
5;2025-11-12;2;0
5;2025-11-12;3;0
5;2025-11-12;4;0
5;2025-11-12;5;0
5;2025-11-12;6;0
5;2025-11-12;7;0
5;2025-11-12;8;0
5;2025-11-12;9;0
5;2025-11-12;10;0
5;2025-11-12;11;0
5;2025-11-12;12;0
5;2025-11-12;13;0
5;2025-11-12;14;0
5;2025-11-12;15;0
5;2025-11-12;16;0
5;2025-11-12;17;0
5;2025-11-12;18;0
5;2025-11-12;19;0
5;2025-11-12;20;0
5;2025-11-12;21;0
5;2025-11-12;22;0
5;2025-11-12;23;0
5;2025-11-13;0;0
5;2025-11-13;1;0
5;2025-11-13;2;0
5;2025-11-13;3;0
5;2025-11-13;4;0
5;2025-11-13;5;0
5;2025-11-13;6;0
5;2025-11-13;7;0
5;2025-11-13;8;0
5;2025-11-13;9;0
5;2025-11-13;10;0
5;2025-11-13;11;0
5;2025-11-13;12;0
5;2025-11-13;13;0
5;2025-11-13;14;0
5;2025-11-13;15;0
5;2025-11-13;16;0
5;2025-11-13;17;0
5;2025-11-13;18;0
5;2025-11-13;19;0
5;2025-11-13;20;0
5;2025-11-13;21;0
5;2025-11-13;22;0
5;2025-11-13;23;0
5;2025-11-14;0;0
5;2025-11-14;1;0
5;2025-11-14;2;0
5;2025-11-14;3;0
5;2025-11-14;4;0
5;2025-11-14;5;0
5;2025-11-14;6;0
5;2025-11-14;7;0
5;2025-11-14;8;0
5;2025-11-14;9;0
5;2025-11-14;10;0
5;2025-11-14;11;0
5;2025-11-14;12;0
5;2025-11-14;13;0
5;2025-11-14;14;0
5;2025-11-14;15;0
5;2025-11-14;16;0
5;2025-11-14;17;0
5;2025-11-14;18;0
5;2025-11-14;19;0
5;2025-11-14;20;0
5;2025-11-14;21;0
5;2025-11-14;22;0
5;2025-11-14;23;0
5;2025-11-15;0;0
5;2025-11-15;1;0
5;2025-11-15;2;0
5;2025-11-15;3;0
5;2025-11-15;4;0
5;2025-11-15;5;0
5;2025-11-15;6;0
5;2025-11-15;7;0
5;2025-11-15;8;0
5;2025-11-15;9;0
5;2025-11-15;10;0
5;2025-11-15;11;0
5;2025-11-15;12;0
5;2025-11-15;13;0
5;2025-11-15;14;0
5;2025-11-15;15;0
5;2025-11-15;16;0
5;2025-11-15;17;0
5;2025-11-15;18;0
5;2025-11-15;19;0
5;2025-11-15;20;0
5;2025-11-15;21;0
5;2025-11-15;22;0
5;2025-11-15;23;0
5;2025-11-16;0;0
5;2025-11-16;1;0
5;2025-11-16;2;0
5;2025-11-16;3;0
5;2025-11-16;4;0
5;2025-11-16;5;0
5;2025-11-16;6;0
5;2025-11-16;7;0
5;2025-11-16;8;0
5;2025-11-16;9;0
5;2025-11-16;10;0
5;2025-11-16;11;0
5;2025-11-16;12;0
5;2025-11-16;13;0
5;2025-11-16;14;0
5;2025-11-16;15;0
5;2025-11-16;16;0
5;2025-11-16;17;0
5;2025-11-16;18;0
5;2025-11-16;19;0
5;2025-11-16;20;0
5;2025-11-16;21;0
5;2025-11-16;22;0
5;2025-11-16;23;0
5;2025-11-17;0;0
5;2025-11-17;1;0
5;2025-11-17;2;0
5;2025-11-17;3;0
5;2025-11-17;4;0
5;2025-11-17;5;0
5;2025-11-17;6;0
5;2025-11-17;7;0
5;2025-11-17;8;0
5;2025-11-17;9;0
5;2025-11-17;10;0
5;2025-11-17;11;0
5;2025-11-17;12;0
5;2025-11-17;13;0
5;2025-11-17;14;0
5;2025-11-17;15;0
5;2025-11-17;16;0
5;2025-11-17;17;0
5;2025-11-17;18;0
5;2025-11-17;19;0
5;2025-11-17;20;0
5;2025-11-17;21;0
5;2025-11-17;22;0
5;2025-11-17;23;0
5;2025-11-18;0;0
5;2025-11-18;1;0
5;2025-11-18;2;0
5;2025-11-18;3;0
5;2025-11-18;4;0
5;2025-11-18;5;0
5;2025-11-18;6;0
5;2025-11-18;7;0
5;2025-11-18;8;0
5;2025-11-18;9;0
5;2025-11-18;10;0
5;2025-11-18;11;0
5;2025-11-18;12;0
5;2025-11-18;13;0
5;2025-11-18;14;0
5;2025-11-18;15;0
5;2025-11-18;16;0
5;2025-11-18;17;0
5;2025-11-18;18;0
5;2025-11-18;19;0
5;2025-11-18;20;0
5;2025-11-18;21;0
5;2025-11-18;22;0
5;2025-11-18;23;0
5;2025-11-19;0;0
5;2025-11-19;1;0
5;2025-11-19;2;0
5;2025-11-19;3;0
5;2025-11-19;4;0
5;2025-11-19;5;0
5;2025-11-19;6;0
5;2025-11-19;7;0
5;2025-11-19;8;0
5;2025-11-19;9;0
5;2025-11-19;10;0
5;2025-11-19;11;0
5;2025-11-19;12;0
5;2025-11-19;13;0
5;2025-11-19;14;0
5;2025-11-19;15;0
5;2025-11-19;16;0
5;2025-11-19;17;0
5;2025-11-19;18;0
5;2025-11-19;19;0
5;2025-11-19;20;0
5;2025-11-19;21;0
5;2025-11-19;22;0
5;2025-11-19;23;0
5;2025-11-20;0;0
5;2025-11-20;1;0
5;2025-11-20;2;0
5;2025-11-20;3;0
5;2025-11-20;4;0
5;2025-11-20;5;0
5;2025-11-20;6;0
5;2025-11-20;7;0
5;2025-11-20;8;0
5;2025-11-20;9;0
5;2025-11-20;10;0
5;2025-11-20;11;0
5;2025-11-20;12;0
5;2025-11-20;13;0
5;2025-11-20;14;0
5;2025-11-20;15;0
5;2025-11-20;16;0
5;2025-11-20;17;0
5;2025-11-20;18;0
5;2025-11-20;19;0
5;2025-11-20;20;0
5;2025-11-20;21;0
5;2025-11-20;22;0
5;2025-11-20;23;0
5;2025-11-21;0;0
5;2025-11-21;1;0
5;2025-11-21;2;0
5;2025-11-21;3;0
5;2025-11-21;4;0
5;2025-11-21;5;0
5;2025-11-21;6;0
5;2025-11-21;7;0
5;2025-11-21;8;0
5;2025-11-21;9;0
5;2025-11-21;10;0
5;2025-11-21;11;0
5;2025-11-21;12;0
5;2025-11-21;13;0
5;2025-11-21;14;0
5;2025-11-21;15;0
5;2025-11-21;16;0
5;2025-11-21;17;0
5;2025-11-21;18;0
5;2025-11-21;19;0
5;2025-11-21;20;0
5;2025-11-21;21;0
5;2025-11-21;22;0
5;2025-11-21;23;0
5;2025-11-22;0;0
5;2025-11-22;1;0
5;2025-11-22;2;0
5;2025-11-22;3;0
5;2025-11-22;4;0
5;2025-11-22;5;0
5;2025-11-22;6;0
5;2025-11-22;7;0
5;2025-11-22;8;0
5;2025-11-22;9;0
5;2025-11-22;10;0
5;2025-11-22;11;0
5;2025-11-22;12;0
5;2025-11-22;13;0
5;2025-11-22;14;0
5;2025-11-22;15;0
5;2025-11-22;16;0
5;2025-11-22;17;0
5;2025-11-22;18;0
5;2025-11-22;19;0
5;2025-11-22;20;0
5;2025-11-22;21;0
5;2025-11-22;22;0
5;2025-11-22;23;0
5;2025-11-23;0;0
5;2025-11-23;1;0
5;2025-11-23;2;0
5;2025-11-23;3;0
5;2025-11-23;4;0
5;2025-11-23;5;0
5;2025-11-23;6;0
5;2025-11-23;7;0
5;2025-11-23;8;0
5;2025-11-23;9;0
5;2025-11-23;10;0
5;2025-11-23;11;0
5;2025-11-23;12;0
5;2025-11-23;13;0
5;2025-11-23;14;0
5;2025-11-23;15;0
5;2025-11-23;16;0
5;2025-11-23;17;0
5;2025-11-23;18;0
5;2025-11-23;19;0
5;2025-11-23;20;0
5;2025-11-23;21;0
5;2025-11-23;22;0
5;2025-11-23;23;0
5;2025-11-24;0;0
5;2025-11-24;1;0
5;2025-11-24;2;0
5;2025-11-24;3;0
5;2025-11-24;4;0
5;2025-11-24;5;0
5;2025-11-24;6;0
5;2025-11-24;7;0
5;2025-11-24;8;0
5;2025-11-24;9;0
5;2025-11-24;10;0
5;2025-11-24;11;0
5;2025-11-24;12;0
5;2025-11-24;13;0
5;2025-11-24;14;0
5;2025-11-24;15;0
5;2025-11-24;16;0
5;2025-11-24;17;0
5;2025-11-24;18;0
5;2025-11-24;19;0
5;2025-11-24;20;0
5;2025-11-24;21;0
5;2025-11-24;22;0
5;2025-11-24;23;0
5;2025-11-25;0;0
5;2025-11-25;1;0
5;2025-11-25;2;0
5;2025-11-25;3;0
5;2025-11-25;4;0
5;2025-11-25;5;0
5;2025-11-25;6;0
5;2025-11-25;7;0
5;2025-11-25;8;0
5;2025-11-25;9;0
5;2025-11-25;10;0
5;2025-11-25;11;0
5;2025-11-25;12;0
5;2025-11-25;13;0
5;2025-11-25;14;0
5;2025-11-25;15;0
5;2025-11-25;16;0
5;2025-11-25;17;0
5;2025-11-25;18;0
5;2025-11-25;19;0
5;2025-11-25;20;0
5;2025-11-25;21;0
5;2025-11-25;22;0
5;2025-11-25;23;0
5;2025-11-26;0;0
5;2025-11-26;1;0
5;2025-11-26;2;0
5;2025-11-26;3;0
5;2025-11-26;4;0
5;2025-11-26;5;0
5;2025-11-26;6;0
5;2025-11-26;7;0
5;2025-11-26;8;0
5;2025-11-26;9;0
5;2025-11-26;10;0
5;2025-11-26;11;0
5;2025-11-26;12;0
5;2025-11-26;13;0
5;2025-11-26;14;0
5;2025-11-26;15;0
5;2025-11-26;16;0
5;2025-11-26;17;0
5;2025-11-26;18;0
5;2025-11-26;19;0
5;2025-11-26;20;0
5;2025-11-26;21;0
5;2025-11-26;22;0
5;2025-11-26;23;0
5;2025-11-27;0;0
5;2025-11-27;1;0
5;2025-11-27;2;0
5;2025-11-27;3;0
5;2025-11-27;4;0
5;2025-11-27;5;0
5;2025-11-27;6;0
5;2025-11-27;7;0
5;2025-11-27;8;0
5;2025-11-27;9;0
5;2025-11-27;10;0
5;2025-11-27;11;0
5;2025-11-27;12;0
5;2025-11-27;13;0
5;2025-11-27;14;0
5;2025-11-27;15;0
5;2025-11-27;16;0
5;2025-11-27;17;0
5;2025-11-27;18;0
5;2025-11-27;19;0
5;2025-11-27;20;0
5;2025-11-27;21;0
5;2025-11-27;22;0
5;2025-11-27;23;0
5;2025-11-28;0;0
5;2025-11-28;1;0
5;2025-11-28;2;0
5;2025-11-28;3;0
5;2025-11-28;4;0
5;2025-11-28;5;0
5;2025-11-28;6;0
5;2025-11-28;7;0
5;2025-11-28;8;0
5;2025-11-28;9;0
5;2025-11-28;10;0
5;2025-11-28;11;0
5;2025-11-28;12;0
5;2025-11-28;13;0
5;2025-11-28;14;0
5;2025-11-28;15;0
5;2025-11-28;16;0
5;2025-11-28;17;0
5;2025-11-28;18;0
5;2025-11-28;19;0
5;2025-11-28;20;0
5;2025-11-28;21;0
5;2025-11-28;22;0
5;2025-11-28;23;0
5;2025-11-29;0;0
5;2025-11-29;1;0
5;2025-11-29;2;0
5;2025-11-29;3;0
5;2025-11-29;4;0
5;2025-11-29;5;0
5;2025-11-29;6;0
5;2025-11-29;7;0
5;2025-11-29;8;0
5;2025-11-29;9;0
5;2025-11-29;10;0
5;2025-11-29;11;0
5;2025-11-29;12;0
5;2025-11-29;13;0
5;2025-11-29;14;0
5;2025-11-29;15;0
5;2025-11-29;16;0
5;2025-11-29;17;0
5;2025-11-29;18;0
5;2025-11-29;19;0
5;2025-11-29;20;0
5;2025-11-29;21;0
5;2025-11-29;22;0
5;2025-11-29;23;0
5;2025-11-30;0;0
5;2025-11-30;1;0
5;2025-11-30;2;0
5;2025-11-30;3;0
5;2025-11-30;4;0
5;2025-11-30;5;0
5;2025-11-30;6;0
5;2025-11-30;7;0
5;2025-11-30;8;0
5;2025-11-30;9;0
5;2025-11-30;10;0
5;2025-11-30;11;0
5;2025-11-30;12;0
5;2025-11-30;13;0
5;2025-11-30;14;0
5;2025-11-30;15;0
5;2025-11-30;16;0
5;2025-11-30;17;0
5;2025-11-30;18;0
5;2025-11-30;19;0
5;2025-11-30;20;0
5;2025-11-30;21;0
5;2025-11-30;22;0
5;2025-11-30;23;0
5;2025-12-01;0;0
5;2025-12-01;1;0
5;2025-12-01;2;0
5;2025-12-01;3;0
5;2025-12-01;4;0
5;2025-12-01;5;0
5;2025-12-01;6;0
5;2025-12-01;7;0
5;2025-12-01;8;0
5;2025-12-01;9;0
5;2025-12-01;10;0
5;2025-12-01;11;0
5;2025-12-01;12;0
5;2025-12-01;13;0
5;2025-12-01;14;0
5;2025-12-01;15;0
5;2025-12-01;16;0
5;2025-12-01;17;0
5;2025-12-01;18;0
5;2025-12-01;19;0
5;2025-12-01;20;0
5;2025-12-01;21;0
5;2025-12-01;22;0
5;2025-12-01;23;0
5;2025-12-02;0;0
5;2025-12-02;1;0
5;2025-12-02;2;0
5;2025-12-02;3;0
5;2025-12-02;4;0
5;2025-12-02;5;0
5;2025-12-02;6;0
5;2025-12-02;7;0
5;2025-12-02;8;0
5;2025-12-02;9;0
5;2025-12-02;10;0
5;2025-12-02;11;0
5;2025-12-02;12;0
5;2025-12-02;13;0
5;2025-12-02;14;0
5;2025-12-02;15;0
5;2025-12-02;16;0
5;2025-12-02;17;0
5;2025-12-02;18;0
5;2025-12-02;19;0
5;2025-12-02;20;0
5;2025-12-02;21;0
5;2025-12-02;22;0
5;2025-12-02;23;0
5;2025-12-03;0;0
5;2025-12-03;1;0
5;2025-12-03;2;0
5;2025-12-03;3;0
5;2025-12-03;4;0
5;2025-12-03;5;0
5;2025-12-03;6;0
5;2025-12-03;7;0
5;2025-12-03;8;0
5;2025-12-03;9;0
5;2025-12-03;10;0
5;2025-12-03;11;0
5;2025-12-03;12;0
5;2025-12-03;13;0
5;2025-12-03;14;0
5;2025-12-03;15;0
5;2025-12-03;16;0
5;2025-12-03;17;0
5;2025-12-03;18;0
5;2025-12-03;19;0
5;2025-12-03;20;0
5;2025-12-03;21;0
5;2025-12-03;22;0
5;2025-12-03;23;0
5;2025-12-04;0;0
5;2025-12-04;1;0
5;2025-12-04;2;0
5;2025-12-04;3;0
5;2025-12-04;4;0
5;2025-12-04;5;0
5;2025-12-04;6;0
5;2025-12-04;7;0
5;2025-12-04;8;0
5;2025-12-04;9;0
5;2025-12-04;10;0
5;2025-12-04;11;0
5;2025-12-04;12;0
5;2025-12-04;13;0
5;2025-12-04;14;0
5;2025-12-04;15;0
5;2025-12-04;16;0
5;2025-12-04;17;0
5;2025-12-04;18;0
5;2025-12-04;19;0
5;2025-12-04;20;0
5;2025-12-04;21;0
5;2025-12-04;22;0
5;2025-12-04;23;0
5;2025-12-05;0;0
5;2025-12-05;1;0
5;2025-12-05;2;0
5;2025-12-05;3;0
5;2025-12-05;4;0
5;2025-12-05;5;0
5;2025-12-05;6;0
5;2025-12-05;7;0
5;2025-12-05;8;0
5;2025-12-05;9;0
5;2025-12-05;10;0
5;2025-12-05;11;0
5;2025-12-05;12;0
5;2025-12-05;13;0
5;2025-12-05;14;0
5;2025-12-05;15;0
5;2025-12-05;16;0
5;2025-12-05;17;0
5;2025-12-05;18;0
5;2025-12-05;19;0
5;2025-12-05;20;0
5;2025-12-05;21;0
5;2025-12-05;22;0
5;2025-12-05;23;0
5;2025-12-06;0;0
5;2025-12-06;1;0
5;2025-12-06;2;0
5;2025-12-06;3;0
5;2025-12-06;4;0
5;2025-12-06;5;0
5;2025-12-06;6;0
5;2025-12-06;7;0
5;2025-12-06;8;0
5;2025-12-06;9;0
5;2025-12-06;10;0
5;2025-12-06;11;0
5;2025-12-06;12;0
5;2025-12-06;13;0
5;2025-12-06;14;0
5;2025-12-06;15;0
5;2025-12-06;16;0
5;2025-12-06;17;0
5;2025-12-06;18;0
5;2025-12-06;19;0
5;2025-12-06;20;0
5;2025-12-06;21;0
5;2025-12-06;22;0
5;2025-12-06;23;0
5;2025-12-07;0;0
5;2025-12-07;1;0
5;2025-12-07;2;0
5;2025-12-07;3;0
5;2025-12-07;4;0
5;2025-12-07;5;0
5;2025-12-07;6;0
5;2025-12-07;7;0
5;2025-12-07;8;0
5;2025-12-07;9;0
5;2025-12-07;10;0
5;2025-12-07;11;0
5;2025-12-07;12;0
5;2025-12-07;13;0
5;2025-12-07;14;0
5;2025-12-07;15;0
5;2025-12-07;16;0
5;2025-12-07;17;0
5;2025-12-07;18;0
5;2025-12-07;19;0
5;2025-12-07;20;0
5;2025-12-07;21;0
5;2025-12-07;22;0
5;2025-12-07;23;0
5;2025-12-08;0;0
5;2025-12-08;1;0
5;2025-12-08;2;0
5;2025-12-08;3;0
5;2025-12-08;4;0
5;2025-12-08;5;0
5;2025-12-08;6;0
5;2025-12-08;7;0
5;2025-12-08;8;0
5;2025-12-08;9;0
5;2025-12-08;10;0
5;2025-12-08;11;0
5;2025-12-08;12;0
5;2025-12-08;13;0
5;2025-12-08;14;0
5;2025-12-08;15;0
5;2025-12-08;16;0
5;2025-12-08;17;0
5;2025-12-08;18;0
5;2025-12-08;19;0
5;2025-12-08;20;0
5;2025-12-08;21;0
5;2025-12-08;22;0
5;2025-12-08;23;0
5;2025-12-09;0;0
5;2025-12-09;1;0
5;2025-12-09;2;0
5;2025-12-09;3;0
5;2025-12-09;4;0
5;2025-12-09;5;0
5;2025-12-09;6;0
5;2025-12-09;7;0
5;2025-12-09;8;0
5;2025-12-09;9;0
5;2025-12-09;10;0
5;2025-12-09;11;0
5;2025-12-09;12;0
5;2025-12-09;13;0
5;2025-12-09;14;0
5;2025-12-09;15;0
5;2025-12-09;16;0
5;2025-12-09;17;0
5;2025-12-09;18;0
5;2025-12-09;19;0
5;2025-12-09;20;0
5;2025-12-09;21;0
5;2025-12-09;22;0
5;2025-12-09;23;0
5;2025-12-10;0;0
5;2025-12-10;1;0
5;2025-12-10;2;0
5;2025-12-10;3;0
5;2025-12-10;4;0
5;2025-12-10;5;0
5;2025-12-10;6;0
5;2025-12-10;7;0
5;2025-12-10;8;0
5;2025-12-10;9;0
5;2025-12-10;10;0
5;2025-12-10;11;0
5;2025-12-10;12;0
5;2025-12-10;13;0
5;2025-12-10;14;0
5;2025-12-10;15;0
5;2025-12-10;16;0
5;2025-12-10;17;0
5;2025-12-10;18;0
5;2025-12-10;19;0
5;2025-12-10;20;0
5;2025-12-10;21;0
5;2025-12-10;22;0
5;2025-12-10;23;0
5;2025-12-11;0;0
5;2025-12-11;1;0
5;2025-12-11;2;0
5;2025-12-11;3;0
5;2025-12-11;4;0
5;2025-12-11;5;0
5;2025-12-11;6;0
5;2025-12-11;7;0
5;2025-12-11;8;0
5;2025-12-11;9;0
5;2025-12-11;10;0
5;2025-12-11;11;0
5;2025-12-11;12;0
5;2025-12-11;13;0
5;2025-12-11;14;0
5;2025-12-11;15;0
5;2025-12-11;16;0
5;2025-12-11;17;0
5;2025-12-11;18;0
5;2025-12-11;19;0
5;2025-12-11;20;0
5;2025-12-11;21;0
5;2025-12-11;22;0
5;2025-12-11;23;0
5;2025-12-12;0;0
5;2025-12-12;1;0
5;2025-12-12;2;0
5;2025-12-12;3;0
5;2025-12-12;4;0
5;2025-12-12;5;0
5;2025-12-12;6;0
5;2025-12-12;7;0
5;2025-12-12;8;0
5;2025-12-12;9;0
5;2025-12-12;10;0
5;2025-12-12;11;0
5;2025-12-12;12;0
5;2025-12-12;13;0
5;2025-12-12;14;0
5;2025-12-12;15;0
5;2025-12-12;16;0
5;2025-12-12;17;0
5;2025-12-12;18;0
5;2025-12-12;19;0
5;2025-12-12;20;0
5;2025-12-12;21;0
5;2025-12-12;22;0
5;2025-12-12;23;0
5;2025-12-13;0;0
5;2025-12-13;1;0
5;2025-12-13;2;0
5;2025-12-13;3;0
5;2025-12-13;4;0
5;2025-12-13;5;0
5;2025-12-13;6;0
5;2025-12-13;7;0
5;2025-12-13;8;0
5;2025-12-13;9;0
5;2025-12-13;10;0
5;2025-12-13;11;0
5;2025-12-13;12;0
5;2025-12-13;13;0
5;2025-12-13;14;0
5;2025-12-13;15;0
5;2025-12-13;16;0
5;2025-12-13;17;0
5;2025-12-13;18;0
5;2025-12-13;19;0
5;2025-12-13;20;0
5;2025-12-13;21;0
5;2025-12-13;22;0
5;2025-12-13;23;0
5;2025-12-14;0;0
5;2025-12-14;1;0
5;2025-12-14;2;0
5;2025-12-14;3;0
5;2025-12-14;4;0
5;2025-12-14;5;0
5;2025-12-14;6;0
5;2025-12-14;7;0
5;2025-12-14;8;0
5;2025-12-14;9;0
5;2025-12-14;10;0
5;2025-12-14;11;0
5;2025-12-14;12;0
5;2025-12-14;13;0
5;2025-12-14;14;0
5;2025-12-14;15;0
5;2025-12-14;16;0
5;2025-12-14;17;0
5;2025-12-14;18;0
5;2025-12-14;19;0
5;2025-12-14;20;0
5;2025-12-14;21;0
5;2025-12-14;22;0
5;2025-12-14;23;0
5;2025-12-15;0;0
5;2025-12-15;1;0
5;2025-12-15;2;0
5;2025-12-15;3;0
5;2025-12-15;4;0
5;2025-12-15;5;0
5;2025-12-15;6;0
5;2025-12-15;7;0
5;2025-12-15;8;0
5;2025-12-15;9;0
5;2025-12-15;10;0
5;2025-12-15;11;0
5;2025-12-15;12;0
5;2025-12-15;13;0
5;2025-12-15;14;0
5;2025-12-15;15;0
5;2025-12-15;16;0
5;2025-12-15;17;0
5;2025-12-15;18;0
5;2025-12-15;19;0
5;2025-12-15;20;0
5;2025-12-15;21;0
5;2025-12-15;22;0
5;2025-12-15;23;0
5;2025-12-16;0;0
5;2025-12-16;1;0
5;2025-12-16;2;0
5;2025-12-16;3;0
5;2025-12-16;4;0
5;2025-12-16;5;0
5;2025-12-16;6;0
5;2025-12-16;7;0
5;2025-12-16;8;0
5;2025-12-16;9;0
5;2025-12-16;10;0
5;2025-12-16;11;0
5;2025-12-16;12;0
5;2025-12-16;13;0
5;2025-12-16;14;0
5;2025-12-16;15;0
5;2025-12-16;16;0
5;2025-12-16;17;0
5;2025-12-16;18;0
5;2025-12-16;19;0
5;2025-12-16;20;0
5;2025-12-16;21;0
5;2025-12-16;22;0
5;2025-12-16;23;0
5;2025-12-17;0;0
5;2025-12-17;1;0
5;2025-12-17;2;0
5;2025-12-17;3;0
5;2025-12-17;4;0
5;2025-12-17;5;0
5;2025-12-17;6;0
5;2025-12-17;7;0
5;2025-12-17;8;0
5;2025-12-17;9;0
5;2025-12-17;10;0
5;2025-12-17;11;0
5;2025-12-17;12;0
5;2025-12-17;13;0
5;2025-12-17;14;0
5;2025-12-17;15;0
5;2025-12-17;16;0
5;2025-12-17;17;0
5;2025-12-17;18;0
5;2025-12-17;19;0
5;2025-12-17;20;0
5;2025-12-17;21;0
5;2025-12-17;22;0
5;2025-12-17;23;0
5;2025-12-18;0;0
5;2025-12-18;1;0
5;2025-12-18;2;0
5;2025-12-18;3;0
5;2025-12-18;4;0
5;2025-12-18;5;0
5;2025-12-18;6;0
5;2025-12-18;7;0
5;2025-12-18;8;0
5;2025-12-18;9;0
5;2025-12-18;10;0
5;2025-12-18;11;0
5;2025-12-18;12;0
5;2025-12-18;13;0
5;2025-12-18;14;0
5;2025-12-18;15;0
5;2025-12-18;16;0
5;2025-12-18;17;0
5;2025-12-18;18;0
5;2025-12-18;19;0
5;2025-12-18;20;0
5;2025-12-18;21;0
5;2025-12-18;22;0
5;2025-12-18;23;0
5;2025-12-19;0;0
5;2025-12-19;1;0
5;2025-12-19;2;0
5;2025-12-19;3;0
5;2025-12-19;4;0
5;2025-12-19;5;0
5;2025-12-19;6;0
5;2025-12-19;7;0
5;2025-12-19;8;0
5;2025-12-19;9;0
5;2025-12-19;10;0
5;2025-12-19;11;0
5;2025-12-19;12;0
5;2025-12-19;13;0
5;2025-12-19;14;0
5;2025-12-19;15;0
5;2025-12-19;16;0
5;2025-12-19;17;0
5;2025-12-19;18;0
5;2025-12-19;19;0
5;2025-12-19;20;0
5;2025-12-19;21;0
5;2025-12-19;22;0
5;2025-12-19;23;0
5;2025-12-20;0;0
5;2025-12-20;1;0
5;2025-12-20;2;0
5;2025-12-20;3;0
5;2025-12-20;4;0
5;2025-12-20;5;0
5;2025-12-20;6;0
5;2025-12-20;7;0
5;2025-12-20;8;0
5;2025-12-20;9;0
5;2025-12-20;10;0
5;2025-12-20;11;0
5;2025-12-20;12;0
5;2025-12-20;13;0
5;2025-12-20;14;0
5;2025-12-20;15;0
5;2025-12-20;16;0
5;2025-12-20;17;0
5;2025-12-20;18;0
5;2025-12-20;19;0
5;2025-12-20;20;0
5;2025-12-20;21;0
5;2025-12-20;22;0
5;2025-12-20;23;0
5;2025-12-21;0;0
5;2025-12-21;1;0
5;2025-12-21;2;0
5;2025-12-21;3;0
5;2025-12-21;4;0
5;2025-12-21;5;0
5;2025-12-21;6;0
5;2025-12-21;7;0
5;2025-12-21;8;0
5;2025-12-21;9;0
5;2025-12-21;10;0
5;2025-12-21;11;0
5;2025-12-21;12;0
5;2025-12-21;13;0
5;2025-12-21;14;0
5;2025-12-21;15;0
5;2025-12-21;16;0
5;2025-12-21;17;0
5;2025-12-21;18;0
5;2025-12-21;19;0
5;2025-12-21;20;0
5;2025-12-21;21;0
5;2025-12-21;22;0
5;2025-12-21;23;0
5;2025-12-22;0;0
5;2025-12-22;1;0
5;2025-12-22;2;0
5;2025-12-22;3;0
5;2025-12-22;4;0
5;2025-12-22;5;0
5;2025-12-22;6;0
5;2025-12-22;7;0
5;2025-12-22;8;0
5;2025-12-22;9;0
5;2025-12-22;10;0
5;2025-12-22;11;0
5;2025-12-22;12;0
5;2025-12-22;13;0
5;2025-12-22;14;0
5;2025-12-22;15;0
5;2025-12-22;16;0
5;2025-12-22;17;0
5;2025-12-22;18;0
5;2025-12-22;19;0
5;2025-12-22;20;0
5;2025-12-22;21;0
5;2025-12-22;22;0
5;2025-12-22;23;0
5;2025-12-23;0;0
5;2025-12-23;1;0
5;2025-12-23;2;0
5;2025-12-23;3;0
5;2025-12-23;4;0
5;2025-12-23;5;0
5;2025-12-23;6;0
5;2025-12-23;7;0
5;2025-12-23;8;0
5;2025-12-23;9;0
5;2025-12-23;10;0
5;2025-12-23;11;0
5;2025-12-23;12;0
5;2025-12-23;13;0
5;2025-12-23;14;0
5;2025-12-23;15;0
5;2025-12-23;16;0
5;2025-12-23;17;0
5;2025-12-23;18;0
5;2025-12-23;19;0
5;2025-12-23;20;0
5;2025-12-23;21;0
5;2025-12-23;22;0
5;2025-12-23;23;0
5;2025-12-24;0;0
5;2025-12-24;1;0
5;2025-12-24;2;0
5;2025-12-24;3;0
5;2025-12-24;4;0
5;2025-12-24;5;0
5;2025-12-24;6;0
5;2025-12-24;7;0
5;2025-12-24;8;0
5;2025-12-24;9;0
5;2025-12-24;10;0
5;2025-12-24;11;0
5;2025-12-24;12;0
5;2025-12-24;13;0
5;2025-12-24;14;0
5;2025-12-24;15;0
5;2025-12-24;16;0
5;2025-12-24;17;0
5;2025-12-24;18;0
5;2025-12-24;19;0
5;2025-12-24;20;0
5;2025-12-24;21;0
5;2025-12-24;22;0
5;2025-12-24;23;0
5;2025-12-25;0;0
5;2025-12-25;1;0
5;2025-12-25;2;0
5;2025-12-25;3;0
5;2025-12-25;4;0
5;2025-12-25;5;0
5;2025-12-25;6;0
5;2025-12-25;7;0
5;2025-12-25;8;0
5;2025-12-25;9;0
5;2025-12-25;10;0
5;2025-12-25;11;0
5;2025-12-25;12;0
5;2025-12-25;13;0
5;2025-12-25;14;0
5;2025-12-25;15;0
5;2025-12-25;16;0
5;2025-12-25;17;0
5;2025-12-25;18;0
5;2025-12-25;19;0
5;2025-12-25;20;0
5;2025-12-25;21;0
5;2025-12-25;22;0
5;2025-12-25;23;0
5;2025-12-26;0;0
5;2025-12-26;1;0
5;2025-12-26;2;0
5;2025-12-26;3;0
5;2025-12-26;4;0
5;2025-12-26;5;0
5;2025-12-26;6;0
5;2025-12-26;7;0
5;2025-12-26;8;0
5;2025-12-26;9;0
5;2025-12-26;10;0
5;2025-12-26;11;0
5;2025-12-26;12;0
5;2025-12-26;13;0
5;2025-12-26;14;0
5;2025-12-26;15;0
5;2025-12-26;16;0
5;2025-12-26;17;0
5;2025-12-26;18;0
5;2025-12-26;19;0
5;2025-12-26;20;0
5;2025-12-26;21;0
5;2025-12-26;22;0
5;2025-12-26;23;0
5;2025-12-27;0;0
5;2025-12-27;1;0
5;2025-12-27;2;0
5;2025-12-27;3;0
5;2025-12-27;4;0
5;2025-12-27;5;0
5;2025-12-27;6;0
5;2025-12-27;7;0
5;2025-12-27;8;0
5;2025-12-27;9;0
5;2025-12-27;10;0
5;2025-12-27;11;0
5;2025-12-27;12;0
5;2025-12-27;13;0
5;2025-12-27;14;0
5;2025-12-27;15;0
5;2025-12-27;16;0
5;2025-12-27;17;0
5;2025-12-27;18;0
5;2025-12-27;19;0
5;2025-12-27;20;0
5;2025-12-27;21;0
5;2025-12-27;22;0
5;2025-12-27;23;0
5;2025-12-28;0;0
5;2025-12-28;1;0
5;2025-12-28;2;0
5;2025-12-28;3;0
5;2025-12-28;4;0
5;2025-12-28;5;0
5;2025-12-28;6;0
5;2025-12-28;7;0
5;2025-12-28;8;0
5;2025-12-28;9;0
5;2025-12-28;10;0
5;2025-12-28;11;0
5;2025-12-28;12;0
5;2025-12-28;13;0
5;2025-12-28;14;0
5;2025-12-28;15;0
5;2025-12-28;16;0
5;2025-12-28;17;0
5;2025-12-28;18;0
5;2025-12-28;19;0
5;2025-12-28;20;0
5;2025-12-28;21;0
5;2025-12-28;22;0
5;2025-12-28;23;0
5;2025-12-29;0;0
5;2025-12-29;1;0
5;2025-12-29;2;0
5;2025-12-29;3;0
5;2025-12-29;4;0
5;2025-12-29;5;0
5;2025-12-29;6;0
5;2025-12-29;7;0
5;2025-12-29;8;0
5;2025-12-29;9;0
5;2025-12-29;10;0
5;2025-12-29;11;0
5;2025-12-29;12;0
5;2025-12-29;13;0
5;2025-12-29;14;0
5;2025-12-29;15;0
5;2025-12-29;16;0
5;2025-12-29;17;0
5;2025-12-29;18;0
5;2025-12-29;19;0
5;2025-12-29;20;0
5;2025-12-29;21;0
5;2025-12-29;22;0
5;2025-12-29;23;0
5;2025-12-30;0;0
5;2025-12-30;1;0
5;2025-12-30;2;0
5;2025-12-30;3;0
5;2025-12-30;4;0
5;2025-12-30;5;0
5;2025-12-30;6;0
5;2025-12-30;7;0
5;2025-12-30;8;0
5;2025-12-30;9;0
5;2025-12-30;10;0
5;2025-12-30;11;0
5;2025-12-30;12;0
5;2025-12-30;13;0
5;2025-12-30;14;0
5;2025-12-30;15;0
5;2025-12-30;16;0
5;2025-12-30;17;0
5;2025-12-30;18;0
5;2025-12-30;19;0
5;2025-12-30;20;0
5;2025-12-30;21;0
5;2025-12-30;22;0
5;2025-12-30;23;0
5;2025-12-31;0;0
5;2025-12-31;1;0
5;2025-12-31;2;0
5;2025-12-31;3;0
5;2025-12-31;4;0
5;2025-12-31;5;0
5;2025-12-31;6;0
5;2025-12-31;7;0
5;2025-12-31;8;0
5;2025-12-31;9;0
5;2025-12-31;10;0
5;2025-12-31;11;0
5;2025-12-31;12;0
5;2025-12-31;13;0
5;2025-12-31;14;0
5;2025-12-31;15;0
5;2025-12-31;16;0
5;2025-12-31;17;0
5;2025-12-31;18;0
5;2025-12-31;19;0
5;2025-12-31;20;0
5;2025-12-31;21;0
5;2025-12-31;22;0
5;2025-12-31;23;0
7;2025-11-01;0;70
7;2025-11-01;1;15
7;2025-11-01;2;0
7;2025-11-01;3;0
7;2025-11-01;4;1
7;2025-11-01;5;205
7;2025-11-01;6;706
7;2025-11-01;7;1640
7;2025-11-01;8;2371
7;2025-11-01;9;1804
7;2025-11-01;10;1565
7;2025-11-01;11;1504
7;2025-11-01;12;1556
7;2025-11-01;13;1687
7;2025-11-01;14;1706
7;2025-11-01;15;1830
7;2025-11-01;16;2026
7;2025-11-01;17;2259
7;2025-11-01;18;2140
7;2025-11-01;19;1613
7;2025-11-01;20;1103
7;2025-11-01;21;670
7;2025-11-01;22;385
7;2025-11-01;23;250
7;2025-11-02;0;111
7;2025-11-02;1;20
7;2025-11-02;2;0
7;2025-11-02;3;0
7;2025-11-02;4;1
7;2025-11-02;5;47
7;2025-11-02;6;247
7;2025-11-02;7;406
7;2025-11-02;8;635
7;2025-11-02;9;695
7;2025-11-02;10;778
7;2025-11-02;11;943
7;2025-11-02;12;1037
7;2025-11-02;13;1125
7;2025-11-02;14;1166
7;2025-11-02;15;1106
7;2025-11-02;16;987
7;2025-11-02;17;975
7;2025-11-02;18;999
7;2025-11-02;19;945
7;2025-11-02;20;750
7;2025-11-02;21;586
7;2025-11-02;22;334
7;2025-11-02;23;186
7;2025-11-03;0;108
7;2025-11-03;1;20
7;2025-11-03;2;0
7;2025-11-03;3;0
7;2025-11-03;4;1
7;2025-11-03;5;46
7;2025-11-03;6;242
7;2025-11-03;7;396
7;2025-11-03;8;620
7;2025-11-03;9;678
7;2025-11-03;10;759
7;2025-11-03;11;921
7;2025-11-03;12;1012
7;2025-11-03;13;1098
7;2025-11-03;14;1138
7;2025-11-03;15;1079
7;2025-11-03;16;963
7;2025-11-03;17;951
7;2025-11-03;18;975
7;2025-11-03;19;922
7;2025-11-03;20;732
7;2025-11-03;21;572
7;2025-11-03;22;326
7;2025-11-03;23;181
7;2025-11-04;0;108
7;2025-11-04;1;20
7;2025-11-04;2;0
7;2025-11-04;3;0
7;2025-11-04;4;1
7;2025-11-04;5;46
7;2025-11-04;6;241
7;2025-11-04;7;395
7;2025-11-04;8;617
7;2025-11-04;9;676
7;2025-11-04;10;756
7;2025-11-04;11;917
7;2025-11-04;12;1008
7;2025-11-04;13;1094
7;2025-11-04;14;1134
7;2025-11-04;15;1075
7;2025-11-04;16;959
7;2025-11-04;17;947
7;2025-11-04;18;971
7;2025-11-04;19;918
7;2025-11-04;20;729
7;2025-11-04;21;569
7;2025-11-04;22;325
7;2025-11-04;23;180
7;2025-11-05;0;65
7;2025-11-05;1;13
7;2025-11-05;2;0
7;2025-11-05;3;0
7;2025-11-05;4;2
7;2025-11-05;5;221
7;2025-11-05;6;712
7;2025-11-05;7;1657
7;2025-11-05;8;2535
7;2025-11-05;9;1926
7;2025-11-05;10;1666
7;2025-11-05;11;1461
7;2025-11-05;12;1542
7;2025-11-05;13;1549
7;2025-11-05;14;1587
7;2025-11-05;15;1753
7;2025-11-05;16;1831
7;2025-11-05;17;2371
7;2025-11-05;18;2694
7;2025-11-05;19;1825
7;2025-11-05;20;1186
7;2025-11-05;21;688
7;2025-11-05;22;394
7;2025-11-05;23;214
7;2025-11-06;0;68
7;2025-11-06;1;16
7;2025-11-06;2;0
7;2025-11-06;3;0
7;2025-11-06;4;1
7;2025-11-06;5;204
7;2025-11-06;6;746
7;2025-11-06;7;1607
7;2025-11-06;8;2470
7;2025-11-06;9;1803
7;2025-11-06;10;1522
7;2025-11-06;11;1405
7;2025-11-06;12;1477
7;2025-11-06;13;1514
7;2025-11-06;14;1562
7;2025-11-06;15;1633
7;2025-11-06;16;1744
7;2025-11-06;17;2214
7;2025-11-06;18;2684
7;2025-11-06;19;1759
7;2025-11-06;20;1101
7;2025-11-06;21;690
7;2025-11-06;22;332
7;2025-11-06;23;212
7;2025-11-07;0;69
7;2025-11-07;1;14
7;2025-11-07;2;0
7;2025-11-07;3;0
7;2025-11-07;4;1
7;2025-11-07;5;200
7;2025-11-07;6;687
7;2025-11-07;7;1597
7;2025-11-07;8;2309
7;2025-11-07;9;1757
7;2025-11-07;10;1524
7;2025-11-07;11;1465
7;2025-11-07;12;1516
7;2025-11-07;13;1643
7;2025-11-07;14;1662
7;2025-11-07;15;1782
7;2025-11-07;16;1974
7;2025-11-07;17;2200
7;2025-11-07;18;2084
7;2025-11-07;19;1571
7;2025-11-07;20;1074
7;2025-11-07;21;652
7;2025-11-07;22;375
7;2025-11-07;23;243
7;2025-11-08;0;115
7;2025-11-08;1;30
7;2025-11-08;2;0
7;2025-11-08;3;0
7;2025-11-08;4;1
7;2025-11-08;5;67
7;2025-11-08;6;334
7;2025-11-08;7;527
7;2025-11-08;8;875
7;2025-11-08;9;914
7;2025-11-08;10;1011
7;2025-11-08;11;1148
7;2025-11-08;12;1294
7;2025-11-08;13;1280
7;2025-11-08;14;1367
7;2025-11-08;15;1259
7;2025-11-08;16;1190
7;2025-11-08;17;1161
7;2025-11-08;18;1161
7;2025-11-08;19;1112
7;2025-11-08;20;826
7;2025-11-08;21;660
7;2025-11-08;22;368
7;2025-11-08;23;251
7;2025-11-09;0;112
7;2025-11-09;1;19
7;2025-11-09;2;0
7;2025-11-09;3;0
7;2025-11-09;4;0
7;2025-11-09;5;42
7;2025-11-09;6;211
7;2025-11-09;7;320
7;2025-11-09;8;531
7;2025-11-09;9;644
7;2025-11-09;10;698
7;2025-11-09;11;891
7;2025-11-09;12;973
7;2025-11-09;13;1002
7;2025-11-09;14;1066
7;2025-11-09;15;1055
7;2025-11-09;16;935
7;2025-11-09;17;959
7;2025-11-09;18;943
7;2025-11-09;19;800
7;2025-11-09;20;672
7;2025-11-09;21;508
7;2025-11-09;22;292
7;2025-11-09;23;182
7;2025-11-10;0;73
7;2025-11-10;1;14
7;2025-11-10;2;0
7;2025-11-10;3;0
7;2025-11-10;4;1
7;2025-11-10;5;219
7;2025-11-10;6;735
7;2025-11-10;7;1654
7;2025-11-10;8;2451
7;2025-11-10;9;1854
7;2025-11-10;10;1541
7;2025-11-10;11;1356
7;2025-11-10;12;1467
7;2025-11-10;13;1472
7;2025-11-10;14;1484
7;2025-11-10;15;1625
7;2025-11-10;16;1764
7;2025-11-10;17;2267
7;2025-11-10;18;2617
7;2025-11-10;19;1764
7;2025-11-10;20;1114
7;2025-11-10;21;630
7;2025-11-10;22;323
7;2025-11-10;23;192
7;2025-11-11;0;59
7;2025-11-11;1;13
7;2025-11-11;2;0
7;2025-11-11;3;0
7;2025-11-11;4;2
7;2025-11-11;5;226
7;2025-11-11;6;751
7;2025-11-11;7;1714
7;2025-11-11;8;2550
7;2025-11-11;9;1891
7;2025-11-11;10;1648
7;2025-11-11;11;1513
7;2025-11-11;12;1560
7;2025-11-11;13;1567
7;2025-11-11;14;1578
7;2025-11-11;15;1746
7;2025-11-11;16;1810
7;2025-11-11;17;2356
7;2025-11-11;18;2684
7;2025-11-11;19;1894
7;2025-11-11;20;1181
7;2025-11-11;21;705
7;2025-11-11;22;363
7;2025-11-11;23;202
7;2025-11-12;0;64
7;2025-11-12;1;13
7;2025-11-12;2;0
7;2025-11-12;3;0
7;2025-11-12;4;2
7;2025-11-12;5;220
7;2025-11-12;6;707
7;2025-11-12;7;1646
7;2025-11-12;8;2517
7;2025-11-12;9;1913
7;2025-11-12;10;1654
7;2025-11-12;11;1451
7;2025-11-12;12;1532
7;2025-11-12;13;1538
7;2025-11-12;14;1576
7;2025-11-12;15;1741
7;2025-11-12;16;1818
7;2025-11-12;17;2354
7;2025-11-12;18;2675
7;2025-11-12;19;1812
7;2025-11-12;20;1178
7;2025-11-12;21;683
7;2025-11-12;22;391
7;2025-11-12;23;212
7;2025-11-13;0;70
7;2025-11-13;1;16
7;2025-11-13;2;0
7;2025-11-13;3;0
7;2025-11-13;4;1
7;2025-11-13;5;208
7;2025-11-13;6;761
7;2025-11-13;7;1638
7;2025-11-13;8;2518
7;2025-11-13;9;1838
7;2025-11-13;10;1551
7;2025-11-13;11;1432
7;2025-11-13;12;1505
7;2025-11-13;13;1543
7;2025-11-13;14;1592
7;2025-11-13;15;1664
7;2025-11-13;16;1778
7;2025-11-13;17;2257
7;2025-11-13;18;2736
7;2025-11-13;19;1793
7;2025-11-13;20;1122
7;2025-11-13;21;704
7;2025-11-13;22;338
7;2025-11-13;23;216
7;2025-11-14;0;70
7;2025-11-14;1;15
7;2025-11-14;2;0
7;2025-11-14;3;0
7;2025-11-14;4;1
7;2025-11-14;5;203
7;2025-11-14;6;699
7;2025-11-14;7;1624
7;2025-11-14;8;2348
7;2025-11-14;9;1787
7;2025-11-14;10;1550
7;2025-11-14;11;1490
7;2025-11-14;12;1542
7;2025-11-14;13;1671
7;2025-11-14;14;1690
7;2025-11-14;15;1813
7;2025-11-14;16;2007
7;2025-11-14;17;2237
7;2025-11-14;18;2120
7;2025-11-14;19;1597
7;2025-11-14;20;1092
7;2025-11-14;21;663
7;2025-11-14;22;382
7;2025-11-14;23;247
7;2025-11-15;0;104
7;2025-11-15;1;28
7;2025-11-15;2;0
7;2025-11-15;3;0
7;2025-11-15;4;1
7;2025-11-15;5;61
7;2025-11-15;6;303
7;2025-11-15;7;478
7;2025-11-15;8;793
7;2025-11-15;9;828
7;2025-11-15;10;916
7;2025-11-15;11;1040
7;2025-11-15;12;1172
7;2025-11-15;13;1159
7;2025-11-15;14;1238
7;2025-11-15;15;1140
7;2025-11-15;16;1078
7;2025-11-15;17;1051
7;2025-11-15;18;1051
7;2025-11-15;19;1007
7;2025-11-15;20;748
7;2025-11-15;21;598
7;2025-11-15;22;333
7;2025-11-15;23;227
7;2025-11-16;0;111
7;2025-11-16;1;19
7;2025-11-16;2;0
7;2025-11-16;3;0
7;2025-11-16;4;0
7;2025-11-16;5;42
7;2025-11-16;6;211
7;2025-11-16;7;319
7;2025-11-16;8;531
7;2025-11-16;9;643
7;2025-11-16;10;697
7;2025-11-16;11;890
7;2025-11-16;12;971
7;2025-11-16;13;1000
7;2025-11-16;14;1065
7;2025-11-16;15;1054
7;2025-11-16;16;933
7;2025-11-16;17;958
7;2025-11-16;18;941
7;2025-11-16;19;798
7;2025-11-16;20;671
7;2025-11-16;21;508
7;2025-11-16;22;291
7;2025-11-16;23;181
7;2025-11-17;0;71
7;2025-11-17;1;13
7;2025-11-17;2;0
7;2025-11-17;3;0
7;2025-11-17;4;1
7;2025-11-17;5;214
7;2025-11-17;6;718
7;2025-11-17;7;1615
7;2025-11-17;8;2394
7;2025-11-17;9;1811
7;2025-11-17;10;1505
7;2025-11-17;11;1325
7;2025-11-17;12;1433
7;2025-11-17;13;1438
7;2025-11-17;14;1450
7;2025-11-17;15;1587
7;2025-11-17;16;1723
7;2025-11-17;17;2214
7;2025-11-17;18;2556
7;2025-11-17;19;1723
7;2025-11-17;20;1088
7;2025-11-17;21;616
7;2025-11-17;22;315
7;2025-11-17;23;188
7;2025-11-18;0;56
7;2025-11-18;1;13
7;2025-11-18;2;0
7;2025-11-18;3;0
7;2025-11-18;4;2
7;2025-11-18;5;214
7;2025-11-18;6;711
7;2025-11-18;7;1623
7;2025-11-18;8;2415
7;2025-11-18;9;1791
7;2025-11-18;10;1561
7;2025-11-18;11;1433
7;2025-11-18;12;1477
7;2025-11-18;13;1484
7;2025-11-18;14;1495
7;2025-11-18;15;1654
7;2025-11-18;16;1715
7;2025-11-18;17;2231
7;2025-11-18;18;2542
7;2025-11-18;19;1793
7;2025-11-18;20;1118
7;2025-11-18;21;667
7;2025-11-18;22;344
7;2025-11-18;23;191
7;2025-11-19;0;65
7;2025-11-19;1;14
7;2025-11-19;2;0
7;2025-11-19;3;0
7;2025-11-19;4;2
7;2025-11-19;5;222
7;2025-11-19;6;716
7;2025-11-19;7;1666
7;2025-11-19;8;2548
7;2025-11-19;9;1936
7;2025-11-19;10;1675
7;2025-11-19;11;1469
7;2025-11-19;12;1550
7;2025-11-19;13;1557
7;2025-11-19;14;1595
7;2025-11-19;15;1763
7;2025-11-19;16;1840
7;2025-11-19;17;2383
7;2025-11-19;18;2708
7;2025-11-19;19;1834
7;2025-11-19;20;1192
7;2025-11-19;21;691
7;2025-11-19;22;396
7;2025-11-19;23;215
7;2025-11-20;0;70
7;2025-11-20;1;16
7;2025-11-20;2;0
7;2025-11-20;3;0
7;2025-11-20;4;1
7;2025-11-20;5;208
7;2025-11-20;6;763
7;2025-11-20;7;1643
7;2025-11-20;8;2525
7;2025-11-20;9;1843
7;2025-11-20;10;1556
7;2025-11-20;11;1436
7;2025-11-20;12;1510
7;2025-11-20;13;1547
7;2025-11-20;14;1597
7;2025-11-20;15;1669
7;2025-11-20;16;1783
7;2025-11-20;17;2264
7;2025-11-20;18;2744
7;2025-11-20;19;1798
7;2025-11-20;20;1125
7;2025-11-20;21;706
7;2025-11-20;22;339
7;2025-11-20;23;217
7;2025-11-21;0;70
7;2025-11-21;1;15
7;2025-11-21;2;0
7;2025-11-21;3;0
7;2025-11-21;4;1
7;2025-11-21;5;204
7;2025-11-21;6;701
7;2025-11-21;7;1629
7;2025-11-21;8;2355
7;2025-11-21;9;1792
7;2025-11-21;10;1554
7;2025-11-21;11;1494
7;2025-11-21;12;1546
7;2025-11-21;13;1675
7;2025-11-21;14;1694
7;2025-11-21;15;1817
7;2025-11-21;16;2013
7;2025-11-21;17;2243
7;2025-11-21;18;2125
7;2025-11-21;19;1602
7;2025-11-21;20;1095
7;2025-11-21;21;665
7;2025-11-21;22;383
7;2025-11-21;23;248
7;2025-11-22;0;110
7;2025-11-22;1;29
7;2025-11-22;2;0
7;2025-11-22;3;0
7;2025-11-22;4;1
7;2025-11-22;5;64
7;2025-11-22;6;320
7;2025-11-22;7;504
7;2025-11-22;8;837
7;2025-11-22;9;875
7;2025-11-22;10;967
7;2025-11-22;11;1098
7;2025-11-22;12;1237
7;2025-11-22;13;1224
7;2025-11-22;14;1307
7;2025-11-22;15;1204
7;2025-11-22;16;1138
7;2025-11-22;17;1110
7;2025-11-22;18;1110
7;2025-11-22;19;1063
7;2025-11-22;20;790
7;2025-11-22;21;631
7;2025-11-22;22;352
7;2025-11-22;23;240
7;2025-11-23;0;112
7;2025-11-23;1;19
7;2025-11-23;2;0
7;2025-11-23;3;0
7;2025-11-23;4;0
7;2025-11-23;5;42
7;2025-11-23;6;212
7;2025-11-23;7;321
7;2025-11-23;8;534
7;2025-11-23;9;647
7;2025-11-23;10;701
7;2025-11-23;11;895
7;2025-11-23;12;977
7;2025-11-23;13;1006
7;2025-11-23;14;1071
7;2025-11-23;15;1060
7;2025-11-23;16;939
7;2025-11-23;17;963
7;2025-11-23;18;947
7;2025-11-23;19;803
7;2025-11-23;20;675
7;2025-11-23;21;511
7;2025-11-23;22;293
7;2025-11-23;23;182
7;2025-11-24;0;69
7;2025-11-24;1;13
7;2025-11-24;2;0
7;2025-11-24;3;0
7;2025-11-24;4;1
7;2025-11-24;5;208
7;2025-11-24;6;698
7;2025-11-24;7;1571
7;2025-11-24;8;2328
7;2025-11-24;9;1761
7;2025-11-24;10;1463
7;2025-11-24;11;1288
7;2025-11-24;12;1393
7;2025-11-24;13;1398
7;2025-11-24;14;1410
7;2025-11-24;15;1543
7;2025-11-24;16;1675
7;2025-11-24;17;2153
7;2025-11-24;18;2485
7;2025-11-24;19;1675
7;2025-11-24;20;1058
7;2025-11-24;21;599
7;2025-11-24;22;306
7;2025-11-24;23;182
7;2025-11-25;0;59
7;2025-11-25;1;13
7;2025-11-25;2;0
7;2025-11-25;3;0
7;2025-11-25;4;2
7;2025-11-25;5;227
7;2025-11-25;6;754
7;2025-11-25;7;1720
7;2025-11-25;8;2559
7;2025-11-25;9;1898
7;2025-11-25;10;1654
7;2025-11-25;11;1518
7;2025-11-25;12;1565
7;2025-11-25;13;1572
7;2025-11-25;14;1584
7;2025-11-25;15;1752
7;2025-11-25;16;1817
7;2025-11-25;17;2364
7;2025-11-25;18;2693
7;2025-11-25;19;1900
7;2025-11-25;20;1185
7;2025-11-25;21;707
7;2025-11-25;22;364
7;2025-11-25;23;202
7;2025-11-26;0;62
7;2025-11-26;1;13
7;2025-11-26;2;0
7;2025-11-26;3;0
7;2025-11-26;4;2
7;2025-11-26;5;211
7;2025-11-26;6;681
7;2025-11-26;7;1585
7;2025-11-26;8;2425
7;2025-11-26;9;1842
7;2025-11-26;10;1593
7;2025-11-26;11;1397
7;2025-11-26;12;1475
7;2025-11-26;13;1481
7;2025-11-26;14;1517
7;2025-11-26;15;1677
7;2025-11-26;16;1751
7;2025-11-26;17;2267
7;2025-11-26;18;2577
7;2025-11-26;19;1745
7;2025-11-26;20;1134
7;2025-11-26;21;658
7;2025-11-26;22;376
7;2025-11-26;23;204
7;2025-11-27;0;67
7;2025-11-27;1;15
7;2025-11-27;2;0
7;2025-11-27;3;0
7;2025-11-27;4;1
7;2025-11-27;5;198
7;2025-11-27;6;726
7;2025-11-27;7;1565
7;2025-11-27;8;2405
7;2025-11-27;9;1755
7;2025-11-27;10;1482
7;2025-11-27;11;1368
7;2025-11-27;12;1438
7;2025-11-27;13;1474
7;2025-11-27;14;1521
7;2025-11-27;15;1590
7;2025-11-27;16;1698
7;2025-11-27;17;2156
7;2025-11-27;18;2613
7;2025-11-27;19;1712
7;2025-11-27;20;1071
7;2025-11-27;21;672
7;2025-11-27;22;323
7;2025-11-27;23;207
7;2025-11-28;0;68
7;2025-11-28;1;14
7;2025-11-28;2;0
7;2025-11-28;3;0
7;2025-11-28;4;1
7;2025-11-28;5;197
7;2025-11-28;6;676
7;2025-11-28;7;1572
7;2025-11-28;8;2272
7;2025-11-28;9;1729
7;2025-11-28;10;1500
7;2025-11-28;11;1441
7;2025-11-28;12;1492
7;2025-11-28;13;1617
7;2025-11-28;14;1635
7;2025-11-28;15;1754
7;2025-11-28;16;1942
7;2025-11-28;17;2165
7;2025-11-28;18;2051
7;2025-11-28;19;1546
7;2025-11-28;20;1057
7;2025-11-28;21;642
7;2025-11-28;22;369
7;2025-11-28;23;239
7;2025-11-29;0;116
7;2025-11-29;1;31
7;2025-11-29;2;0
7;2025-11-29;3;0
7;2025-11-29;4;1
7;2025-11-29;5;67
7;2025-11-29;6;337
7;2025-11-29;7;532
7;2025-11-29;8;882
7;2025-11-29;9;922
7;2025-11-29;10;1019
7;2025-11-29;11;1158
7;2025-11-29;12;1304
7;2025-11-29;13;1290
7;2025-11-29;14;1377
7;2025-11-29;15;1269
7;2025-11-29;16;1200
7;2025-11-29;17;1170
7;2025-11-29;18;1170
7;2025-11-29;19;1121
7;2025-11-29;20;832
7;2025-11-29;21;666
7;2025-11-29;22;371
7;2025-11-29;23;253
7;2025-11-30;0;112
7;2025-11-30;1;19
7;2025-11-30;2;0
7;2025-11-30;3;0
7;2025-11-30;4;0
7;2025-11-30;5;42
7;2025-11-30;6;212
7;2025-11-30;7;320
7;2025-11-30;8;533
7;2025-11-30;9;645
7;2025-11-30;10;699
7;2025-11-30;11;893
7;2025-11-30;12;974
7;2025-11-30;13;1004
7;2025-11-30;14;1069
7;2025-11-30;15;1058
7;2025-11-30;16;937
7;2025-11-30;17;961
7;2025-11-30;18;945
7;2025-11-30;19;801
7;2025-11-30;20;673
7;2025-11-30;21;509
7;2025-11-30;22;292
7;2025-11-30;23;182
7;2025-12-01;0;75
7;2025-12-01;1;14
7;2025-12-01;2;0
7;2025-12-01;3;0
7;2025-12-01;4;1
7;2025-12-01;5;225
7;2025-12-01;6;755
7;2025-12-01;7;1700
7;2025-12-01;8;2519
7;2025-12-01;9;1906
7;2025-12-01;10;1583
7;2025-12-01;11;1394
7;2025-12-01;12;1508
7;2025-12-01;13;1513
7;2025-12-01;14;1525
7;2025-12-01;15;1670
7;2025-12-01;16;1813
7;2025-12-01;17;2330
7;2025-12-01;18;2690
7;2025-12-01;19;1813
7;2025-12-01;20;1145
7;2025-12-01;21;648
7;2025-12-01;22;331
7;2025-12-01;23;197
7;2025-12-02;0;60
7;2025-12-02;1;14
7;2025-12-02;2;0
7;2025-12-02;3;0
7;2025-12-02;4;2
7;2025-12-02;5;231
7;2025-12-02;6;767
7;2025-12-02;7;1750
7;2025-12-02;8;2604
7;2025-12-02;9;1931
7;2025-12-02;10;1683
7;2025-12-02;11;1545
7;2025-12-02;12;1593
7;2025-12-02;13;1600
7;2025-12-02;14;1612
7;2025-12-02;15;1783
7;2025-12-02;16;1848
7;2025-12-02;17;2406
7;2025-12-02;18;2740
7;2025-12-02;19;1934
7;2025-12-02;20;1206
7;2025-12-02;21;719
7;2025-12-02;22;371
7;2025-12-02;23;206
7;2025-12-03;0;66
7;2025-12-03;1;14
7;2025-12-03;2;0
7;2025-12-03;3;0
7;2025-12-03;4;2
7;2025-12-03;5;227
7;2025-12-03;6;730
7;2025-12-03;7;1698
7;2025-12-03;8;2598
7;2025-12-03;9;1974
7;2025-12-03;10;1707
7;2025-12-03;11;1497
7;2025-12-03;12;1581
7;2025-12-03;13;1587
7;2025-12-03;14;1626
7;2025-12-03;15;1797
7;2025-12-03;16;1876
7;2025-12-03;17;2429
7;2025-12-03;18;2761
7;2025-12-03;19;1870
7;2025-12-03;20;1215
7;2025-12-03;21;705
7;2025-12-03;22;403
7;2025-12-03;23;219
7;2025-12-04;0;72
7;2025-12-04;1;16
7;2025-12-04;2;0
7;2025-12-04;3;0
7;2025-12-04;4;2
7;2025-12-04;5;213
7;2025-12-04;6;781
7;2025-12-04;7;1682
7;2025-12-04;8;2585
7;2025-12-04;9;1886
7;2025-12-04;10;1592
7;2025-12-04;11;1470
7;2025-12-04;12;1545
7;2025-12-04;13;1584
7;2025-12-04;14;1634
7;2025-12-04;15;1708
7;2025-12-04;16;1825
7;2025-12-04;17;2317
7;2025-12-04;18;2808
7;2025-12-04;19;1840
7;2025-12-04;20;1151
7;2025-12-04;21;722
7;2025-12-04;22;347
7;2025-12-04;23;222
7;2025-12-05;0;72
7;2025-12-05;1;15
7;2025-12-05;2;0
7;2025-12-05;3;0
7;2025-12-05;4;1
7;2025-12-05;5;209
7;2025-12-05;6;719
7;2025-12-05;7;1672
7;2025-12-05;8;2417
7;2025-12-05;9;1839
7;2025-12-05;10;1596
7;2025-12-05;11;1533
7;2025-12-05;12;1587
7;2025-12-05;13;1720
7;2025-12-05;14;1739
7;2025-12-05;15;1866
7;2025-12-05;16;2066
7;2025-12-05;17;2303
7;2025-12-05;18;2182
7;2025-12-05;19;1644
7;2025-12-05;20;1124
7;2025-12-05;21;683
7;2025-12-05;22;393
7;2025-12-05;23;255
7;2025-12-06;0;118
7;2025-12-06;1;31
7;2025-12-06;2;0
7;2025-12-06;3;0
7;2025-12-06;4;1
7;2025-12-06;5;69
7;2025-12-06;6;343
7;2025-12-06;7;541
7;2025-12-06;8;898
7;2025-12-06;9;938
7;2025-12-06;10;1037
7;2025-12-06;11;1178
7;2025-12-06;12;1327
7;2025-12-06;13;1313
7;2025-12-06;14;1402
7;2025-12-06;15;1292
7;2025-12-06;16;1221
7;2025-12-06;17;1191
7;2025-12-06;18;1191
7;2025-12-06;19;1140
7;2025-12-06;20;847
7;2025-12-06;21;677
7;2025-12-06;22;377
7;2025-12-06;23;257
7;2025-12-07;0;115
7;2025-12-07;1;20
7;2025-12-07;2;0
7;2025-12-07;3;0
7;2025-12-07;4;0
7;2025-12-07;5;43
7;2025-12-07;6;217
7;2025-12-07;7;328
7;2025-12-07;8;546
7;2025-12-07;9;661
7;2025-12-07;10;717
7;2025-12-07;11;915
7;2025-12-07;12;999
7;2025-12-07;13;1029
7;2025-12-07;14;1095
7;2025-12-07;15;1084
7;2025-12-07;16;960
7;2025-12-07;17;985
7;2025-12-07;18;968
7;2025-12-07;19;821
7;2025-12-07;20;690
7;2025-12-07;21;522
7;2025-12-07;22;300
7;2025-12-07;23;187
7;2025-12-08;0;75
7;2025-12-08;1;14
7;2025-12-08;2;0
7;2025-12-08;3;0
7;2025-12-08;4;1
7;2025-12-08;5;224
7;2025-12-08;6;751
7;2025-12-08;7;1689
7;2025-12-08;8;2504
7;2025-12-08;9;1894
7;2025-12-08;10;1574
7;2025-12-08;11;1386
7;2025-12-08;12;1498
7;2025-12-08;13;1504
7;2025-12-08;14;1516
7;2025-12-08;15;1660
7;2025-12-08;16;1802
7;2025-12-08;17;2316
7;2025-12-08;18;2673
7;2025-12-08;19;1802
7;2025-12-08;20;1138
7;2025-12-08;21;644
7;2025-12-08;22;329
7;2025-12-08;23;196
7;2025-12-09;0;61
7;2025-12-09;1;14
7;2025-12-09;2;0
7;2025-12-09;3;0
7;2025-12-09;4;2
7;2025-12-09;5;231
7;2025-12-09;6;768
7;2025-12-09;7;1751
7;2025-12-09;8;2606
7;2025-12-09;9;1933
7;2025-12-09;10;1684
7;2025-12-09;11;1546
7;2025-12-09;12;1594
7;2025-12-09;13;1601
7;2025-12-09;14;1613
7;2025-12-09;15;1784
7;2025-12-09;16;1850
7;2025-12-09;17;2408
7;2025-12-09;18;2742
7;2025-12-09;19;1935
7;2025-12-09;20;1207
7;2025-12-09;21;720
7;2025-12-09;22;371
7;2025-12-09;23;206
7;2025-12-10;0;66
7;2025-12-10;1;14
7;2025-12-10;2;0
7;2025-12-10;3;0
7;2025-12-10;4;2
7;2025-12-10;5;224
7;2025-12-10;6;721
7;2025-12-10;7;1677
7;2025-12-10;8;2565
7;2025-12-10;9;1949
7;2025-12-10;10;1685
7;2025-12-10;11;1478
7;2025-12-10;12;1561
7;2025-12-10;13;1567
7;2025-12-10;14;1605
7;2025-12-10;15;1774
7;2025-12-10;16;1852
7;2025-12-10;17;2398
7;2025-12-10;18;2726
7;2025-12-10;19;1846
7;2025-12-10;20;1200
7;2025-12-10;21;696
7;2025-12-10;22;398
7;2025-12-10;23;216
7;2025-12-11;0;69
7;2025-12-11;1;16
7;2025-12-11;2;0
7;2025-12-11;3;0
7;2025-12-11;4;1
7;2025-12-11;5;205
7;2025-12-11;6;751
7;2025-12-11;7;1619
7;2025-12-11;8;2488
7;2025-12-11;9;1816
7;2025-12-11;10;1533
7;2025-12-11;11;1415
7;2025-12-11;12;1487
7;2025-12-11;13;1524
7;2025-12-11;14;1573
7;2025-12-11;15;1644
7;2025-12-11;16;1756
7;2025-12-11;17;2230
7;2025-12-11;18;2703
7;2025-12-11;19;1771
7;2025-12-11;20;1108
7;2025-12-11;21;695
7;2025-12-11;22;334
7;2025-12-11;23;214
7;2025-12-12;0;69
7;2025-12-12;1;15
7;2025-12-12;2;0
7;2025-12-12;3;0
7;2025-12-12;4;1
7;2025-12-12;5;202
7;2025-12-12;6;694
7;2025-12-12;7;1613
7;2025-12-12;8;2332
7;2025-12-12;9;1774
7;2025-12-12;10;1539
7;2025-12-12;11;1479
7;2025-12-12;12;1531
7;2025-12-12;13;1659
7;2025-12-12;14;1678
7;2025-12-12;15;1800
7;2025-12-12;16;1993
7;2025-12-12;17;2222
7;2025-12-12;18;2105
7;2025-12-12;19;1586
7;2025-12-12;20;1085
7;2025-12-12;21;659
7;2025-12-12;22;379
7;2025-12-12;23;246
7;2025-12-13;0;115
7;2025-12-13;1;30
7;2025-12-13;2;0
7;2025-12-13;3;0
7;2025-12-13;4;1
7;2025-12-13;5;67
7;2025-12-13;6;333
7;2025-12-13;7;525
7;2025-12-13;8;871
7;2025-12-13;9;910
7;2025-12-13;10;1006
7;2025-12-13;11;1143
7;2025-12-13;12;1287
7;2025-12-13;13;1273
7;2025-12-13;14;1359
7;2025-12-13;15;1253
7;2025-12-13;16;1184
7;2025-12-13;17;1155
7;2025-12-13;18;1155
7;2025-12-13;19;1106
7;2025-12-13;20;822
7;2025-12-13;21;657
7;2025-12-13;22;366
7;2025-12-13;23;249
7;2025-12-14;0;114
7;2025-12-14;1;20
7;2025-12-14;2;0
7;2025-12-14;3;0
7;2025-12-14;4;0
7;2025-12-14;5;43
7;2025-12-14;6;215
7;2025-12-14;7;326
7;2025-12-14;8;542
7;2025-12-14;9;656
7;2025-12-14;10;711
7;2025-12-14;11;908
7;2025-12-14;12;991
7;2025-12-14;13;1021
7;2025-12-14;14;1087
7;2025-12-14;15;1076
7;2025-12-14;16;953
7;2025-12-14;17;978
7;2025-12-14;18;961
7;2025-12-14;19;815
7;2025-12-14;20;685
7;2025-12-14;21;518
7;2025-12-14;22;298
7;2025-12-14;23;185
7;2025-12-15;0;75
7;2025-12-15;1;14
7;2025-12-15;2;0
7;2025-12-15;3;0
7;2025-12-15;4;1
7;2025-12-15;5;226
7;2025-12-15;6;757
7;2025-12-15;7;1703
7;2025-12-15;8;2524
7;2025-12-15;9;1909
7;2025-12-15;10;1586
7;2025-12-15;11;1397
7;2025-12-15;12;1510
7;2025-12-15;13;1516
7;2025-12-15;14;1528
7;2025-12-15;15;1673
7;2025-12-15;16;1817
7;2025-12-15;17;2334
7;2025-12-15;18;2695
7;2025-12-15;19;1816
7;2025-12-15;20;1147
7;2025-12-15;21;649
7;2025-12-15;22;332
7;2025-12-15;23;198
7;2025-12-16;0;60
7;2025-12-16;1;13
7;2025-12-16;2;0
7;2025-12-16;3;0
7;2025-12-16;4;2
7;2025-12-16;5;230
7;2025-12-16;6;765
7;2025-12-16;7;1746
7;2025-12-16;8;2598
7;2025-12-16;9;1927
7;2025-12-16;10;1679
7;2025-12-16;11;1541
7;2025-12-16;12;1589
7;2025-12-16;13;1596
7;2025-12-16;14;1608
7;2025-12-16;15;1779
7;2025-12-16;16;1844
7;2025-12-16;17;2400
7;2025-12-16;18;2734
7;2025-12-16;19;1929
7;2025-12-16;20;1203
7;2025-12-16;21;718
7;2025-12-16;22;370
7;2025-12-16;23;205
7;2025-12-17;0;67
7;2025-12-17;1;14
7;2025-12-17;2;0
7;2025-12-17;3;0
7;2025-12-17;4;2
7;2025-12-17;5;229
7;2025-12-17;6;737
7;2025-12-17;7;1716
7;2025-12-17;8;2625
7;2025-12-17;9;1994
7;2025-12-17;10;1725
7;2025-12-17;11;1512
7;2025-12-17;12;1597
7;2025-12-17;13;1603
7;2025-12-17;14;1643
7;2025-12-17;15;1815
7;2025-12-17;16;1895
7;2025-12-17;17;2454
7;2025-12-17;18;2789
7;2025-12-17;19;1889
7;2025-12-17;20;1228
7;2025-12-17;21;712
7;2025-12-17;22;408
7;2025-12-17;23;221
7;2025-12-18;0;72
7;2025-12-18;1;17
7;2025-12-18;2;0
7;2025-12-18;3;0
7;2025-12-18;4;2
7;2025-12-18;5;215
7;2025-12-18;6;786
7;2025-12-18;7;1694
7;2025-12-18;8;2604
7;2025-12-18;9;1900
7;2025-12-18;10;1604
7;2025-12-18;11;1481
7;2025-12-18;12;1556
7;2025-12-18;13;1595
7;2025-12-18;14;1646
7;2025-12-18;15;1721
7;2025-12-18;16;1838
7;2025-12-18;17;2334
7;2025-12-18;18;2829
7;2025-12-18;19;1854
7;2025-12-18;20;1160
7;2025-12-18;21;728
7;2025-12-18;22;349
7;2025-12-18;23;224
7;2025-12-19;0;72
7;2025-12-19;1;15
7;2025-12-19;2;0
7;2025-12-19;3;0
7;2025-12-19;4;1
7;2025-12-19;5;210
7;2025-12-19;6;722
7;2025-12-19;7;1678
7;2025-12-19;8;2426
7;2025-12-19;9;1846
7;2025-12-19;10;1601
7;2025-12-19;11;1539
7;2025-12-19;12;1593
7;2025-12-19;13;1726
7;2025-12-19;14;1746
7;2025-12-19;15;1872
7;2025-12-19;16;2074
7;2025-12-19;17;2311
7;2025-12-19;18;2190
7;2025-12-19;19;1650
7;2025-12-19;20;1128
7;2025-12-19;21;685
7;2025-12-19;22;394
7;2025-12-19;23;256
7;2025-12-20;0;119
7;2025-12-20;1;31
7;2025-12-20;2;0
7;2025-12-20;3;0
7;2025-12-20;4;1
7;2025-12-20;5;69
7;2025-12-20;6;344
7;2025-12-20;7;543
7;2025-12-20;8;900
7;2025-12-20;9;941
7;2025-12-20;10;1040
7;2025-12-20;11;1182
7;2025-12-20;12;1331
7;2025-12-20;13;1317
7;2025-12-20;14;1406
7;2025-12-20;15;1296
7;2025-12-20;16;1224
7;2025-12-20;17;1194
7;2025-12-20;18;1194
7;2025-12-20;19;1144
7;2025-12-20;20;850
7;2025-12-20;21;679
7;2025-12-20;22;378
7;2025-12-20;23;258
7;2025-12-21;0;113
7;2025-12-21;1;20
7;2025-12-21;2;0
7;2025-12-21;3;0
7;2025-12-21;4;0
7;2025-12-21;5;43
7;2025-12-21;6;215
7;2025-12-21;7;325
7;2025-12-21;8;540
7;2025-12-21;9;655
7;2025-12-21;10;710
7;2025-12-21;11;906
7;2025-12-21;12;989
7;2025-12-21;13;1019
7;2025-12-21;14;1085
7;2025-12-21;15;1073
7;2025-12-21;16;951
7;2025-12-21;17;975
7;2025-12-21;18;959
7;2025-12-21;19;813
7;2025-12-21;20;683
7;2025-12-21;21;517
7;2025-12-21;22;297
7;2025-12-21;23;185
7;2025-12-22;0;74
7;2025-12-22;1;14
7;2025-12-22;2;0
7;2025-12-22;3;0
7;2025-12-22;4;1
7;2025-12-22;5;221
7;2025-12-22;6;743
7;2025-12-22;7;1671
7;2025-12-22;8;2477
7;2025-12-22;9;1874
7;2025-12-22;10;1557
7;2025-12-22;11;1371
7;2025-12-22;12;1482
7;2025-12-22;13;1488
7;2025-12-22;14;1500
7;2025-12-22;15;1642
7;2025-12-22;16;1783
7;2025-12-22;17;2291
7;2025-12-22;18;2645
7;2025-12-22;19;1782
7;2025-12-22;20;1126
7;2025-12-22;21;637
7;2025-12-22;22;326
7;2025-12-22;23;194
7;2025-12-23;0;61
7;2025-12-23;1;14
7;2025-12-23;2;0
7;2025-12-23;3;0
7;2025-12-23;4;2
7;2025-12-23;5;234
7;2025-12-23;6;778
7;2025-12-23;7;1776
7;2025-12-23;8;2642
7;2025-12-23;9;1960
7;2025-12-23;10;1707
7;2025-12-23;11;1568
7;2025-12-23;12;1616
7;2025-12-23;13;1624
7;2025-12-23;14;1635
7;2025-12-23;15;1809
7;2025-12-23;16;1876
7;2025-12-23;17;2441
7;2025-12-23;18;2781
7;2025-12-23;19;1962
7;2025-12-23;20;1224
7;2025-12-23;21;730
7;2025-12-23;22;376
7;2025-12-23;23;209
7;2025-12-24;0;67
7;2025-12-24;1;14
7;2025-12-24;2;0
7;2025-12-24;3;0
7;2025-12-24;4;2
7;2025-12-24;5;228
7;2025-12-24;6;735
7;2025-12-24;7;1710
7;2025-12-24;8;2616
7;2025-12-24;9;1988
7;2025-12-24;10;1719
7;2025-12-24;11;1508
7;2025-12-24;12;1592
7;2025-12-24;13;1598
7;2025-12-24;14;1637
7;2025-12-24;15;1809
7;2025-12-24;16;1889
7;2025-12-24;17;2446
7;2025-12-24;18;2780
7;2025-12-24;19;1883
7;2025-12-24;20;1224
7;2025-12-24;21;710
7;2025-12-24;22;406
7;2025-12-24;23;220
7;2025-12-25;0;71
7;2025-12-25;1;16
7;2025-12-25;2;0
7;2025-12-25;3;0
7;2025-12-25;4;2
7;2025-12-25;5;212
7;2025-12-25;6;775
7;2025-12-25;7;1669
7;2025-12-25;8;2565
7;2025-12-25;9;1872
7;2025-12-25;10;1580
7;2025-12-25;11;1459
7;2025-12-25;12;1534
7;2025-12-25;13;1572
7;2025-12-25;14;1622
7;2025-12-25;15;1696
7;2025-12-25;16;1811
7;2025-12-25;17;2299
7;2025-12-25;18;2787
7;2025-12-25;19;1826
7;2025-12-25;20;1143
7;2025-12-25;21;717
7;2025-12-25;22;344
7;2025-12-25;23;221
7;2025-12-26;0;69
7;2025-12-26;1;15
7;2025-12-26;2;0
7;2025-12-26;3;0
7;2025-12-26;4;1
7;2025-12-26;5;201
7;2025-12-26;6;693
7;2025-12-26;7;1610
7;2025-12-26;8;2327
7;2025-12-26;9;1771
7;2025-12-26;10;1536
7;2025-12-26;11;1476
7;2025-12-26;12;1528
7;2025-12-26;13;1656
7;2025-12-26;14;1674
7;2025-12-26;15;1796
7;2025-12-26;16;1989
7;2025-12-26;17;2217
7;2025-12-26;18;2101
7;2025-12-26;19;1583
7;2025-12-26;20;1083
7;2025-12-26;21;657
7;2025-12-26;22;378
7;2025-12-26;23;245
7;2025-12-27;0;118
7;2025-12-27;1;31
7;2025-12-27;2;0
7;2025-12-27;3;0
7;2025-12-27;4;1
7;2025-12-27;5;68
7;2025-12-27;6;341
7;2025-12-27;7;538
7;2025-12-27;8;893
7;2025-12-27;9;933
7;2025-12-27;10;1032
7;2025-12-27;11;1172
7;2025-12-27;12;1320
7;2025-12-27;13;1306
7;2025-12-27;14;1394
7;2025-12-27;15;1285
7;2025-12-27;16;1214
7;2025-12-27;17;1184
7;2025-12-27;18;1184
7;2025-12-27;19;1134
7;2025-12-27;20;843
7;2025-12-27;21;674
7;2025-12-27;22;375
7;2025-12-27;23;256
7;2025-12-28;0;112
7;2025-12-28;1;20
7;2025-12-28;2;0
7;2025-12-28;3;0
7;2025-12-28;4;0
7;2025-12-28;5;42
7;2025-12-28;6;213
7;2025-12-28;7;322
7;2025-12-28;8;535
7;2025-12-28;9;648
7;2025-12-28;10;702
7;2025-12-28;11;897
7;2025-12-28;12;979
7;2025-12-28;13;1008
7;2025-12-28;14;1073
7;2025-12-28;15;1062
7;2025-12-28;16;941
7;2025-12-28;17;965
7;2025-12-28;18;949
7;2025-12-28;19;805
7;2025-12-28;20;676
7;2025-12-28;21;512
7;2025-12-28;22;294
7;2025-12-28;23;183
7;2025-12-29;0;74
7;2025-12-29;1;14
7;2025-12-29;2;0
7;2025-12-29;3;0
7;2025-12-29;4;1
7;2025-12-29;5;223
7;2025-12-29;6;748
7;2025-12-29;7;1683
7;2025-12-29;8;2494
7;2025-12-29;9;1887
7;2025-12-29;10;1568
7;2025-12-29;11;1380
7;2025-12-29;12;1493
7;2025-12-29;13;1498
7;2025-12-29;14;1510
7;2025-12-29;15;1654
7;2025-12-29;16;1795
7;2025-12-29;17;2307
7;2025-12-29;18;2663
7;2025-12-29;19;1795
7;2025-12-29;20;1134
7;2025-12-29;21;642
7;2025-12-29;22;328
7;2025-12-29;23;195
7;2025-12-30;0;60
7;2025-12-30;1;13
7;2025-12-30;2;0
7;2025-12-30;3;0
7;2025-12-30;4;2
7;2025-12-30;5;229
7;2025-12-30;6;760
7;2025-12-30;7;1733
7;2025-12-30;8;2580
7;2025-12-30;9;1913
7;2025-12-30;10;1667
7;2025-12-30;11;1530
7;2025-12-30;12;1578
7;2025-12-30;13;1585
7;2025-12-30;14;1597
7;2025-12-30;15;1766
7;2025-12-30;16;1831
7;2025-12-30;17;2383
7;2025-12-30;18;2715
7;2025-12-30;19;1915
7;2025-12-30;20;1195
7;2025-12-30;21;713
7;2025-12-30;22;367
7;2025-12-30;23;204
7;2025-12-31;0;113
7;2025-12-31;1;21
7;2025-12-31;2;0
7;2025-12-31;3;0
7;2025-12-31;4;1
7;2025-12-31;5;48
7;2025-12-31;6;251
7;2025-12-31;7;412
7;2025-12-31;8;644
7;2025-12-31;9;705
7;2025-12-31;10;789
7;2025-12-31;11;957
7;2025-12-31;12;1052
7;2025-12-31;13;1142
7;2025-12-31;14;1183
7;2025-12-31;15;1122
7;2025-12-31;16;1001
7;2025-12-31;17;989
7;2025-12-31;18;1014
7;2025-12-31;19;959
7;2025-12-31;20;761
7;2025-12-31;21;594
7;2025-12-31;22;339
7;2025-12-31;23;188
11;2025-11-01;0;79
11;2025-11-01;1;0
11;2025-11-01;2;0
11;2025-11-01;3;0
11;2025-11-01;4;0
11;2025-11-01;5;312
11;2025-11-01;6;1361
11;2025-11-01;7;2328
11;2025-11-01;8;3031
11;2025-11-01;9;2396
11;2025-11-01;10;1908
11;2025-11-01;11;1881
11;2025-11-01;12;1949
11;2025-11-01;13;1965
11;2025-11-01;14;2063
11;2025-11-01;15;2231
11;2025-11-01;16;2492
11;2025-11-01;17;2926
11;2025-11-01;18;2685
11;2025-11-01;19;2158
11;2025-11-01;20;1480
11;2025-11-01;21;958
11;2025-11-01;22;523
11;2025-11-01;23;315
11;2025-11-02;0;94
11;2025-11-02;1;9
11;2025-11-02;2;0
11;2025-11-02;3;0
11;2025-11-02;4;3
11;2025-11-02;5;174
11;2025-11-02;6;648
11;2025-11-02;7;555
11;2025-11-02;8;726
11;2025-11-02;9;915
11;2025-11-02;10;987
11;2025-11-02;11;1380
11;2025-11-02;12;1551
11;2025-11-02;13;1493
11;2025-11-02;14;1510
11;2025-11-02;15;1564
11;2025-11-02;16;1490
11;2025-11-02;17;1576
11;2025-11-02;18;1408
11;2025-11-02;19;1244
11;2025-11-02;20;1068
11;2025-11-02;21;735
11;2025-11-02;22;441
11;2025-11-02;23;276
11;2025-11-03;0;92
11;2025-11-03;1;9
11;2025-11-03;2;0
11;2025-11-03;3;0
11;2025-11-03;4;3
11;2025-11-03;5;169
11;2025-11-03;6;631
11;2025-11-03;7;541
11;2025-11-03;8;707
11;2025-11-03;9;891
11;2025-11-03;10;962
11;2025-11-03;11;1344
11;2025-11-03;12;1511
11;2025-11-03;13;1454
11;2025-11-03;14;1471
11;2025-11-03;15;1524
11;2025-11-03;16;1452
11;2025-11-03;17;1535
11;2025-11-03;18;1372
11;2025-11-03;19;1212
11;2025-11-03;20;1040
11;2025-11-03;21;716
11;2025-11-03;22;430
11;2025-11-03;23;269
11;2025-11-04;0;91
11;2025-11-04;1;9
11;2025-11-04;2;0
11;2025-11-04;3;0
11;2025-11-04;4;3
11;2025-11-04;5;168
11;2025-11-04;6;628
11;2025-11-04;7;538
11;2025-11-04;8;703
11;2025-11-04;9;887
11;2025-11-04;10;957
11;2025-11-04;11;1337
11;2025-11-04;12;1503
11;2025-11-04;13;1447
11;2025-11-04;14;1464
11;2025-11-04;15;1516
11;2025-11-04;16;1444
11;2025-11-04;17;1527
11;2025-11-04;18;1365
11;2025-11-04;19;1205
11;2025-11-04;20;1035
11;2025-11-04;21;712
11;2025-11-04;22;428
11;2025-11-04;23;268
11;2025-11-05;0;68
11;2025-11-05;1;0
11;2025-11-05;2;0
11;2025-11-05;3;0
11;2025-11-05;4;0
11;2025-11-05;5;294
11;2025-11-05;6;1335
11;2025-11-05;7;2387
11;2025-11-05;8;3116
11;2025-11-05;9;2350
11;2025-11-05;10;1871
11;2025-11-05;11;1913
11;2025-11-05;12;1884
11;2025-11-05;13;1970
11;2025-11-05;14;1954
11;2025-11-05;15;1989
11;2025-11-05;16;2155
11;2025-11-05;17;2832
11;2025-11-05;18;3142
11;2025-11-05;19;2360
11;2025-11-05;20;1625
11;2025-11-05;21;926
11;2025-11-05;22;480
11;2025-11-05;23;259
11;2025-11-06;0;67
11;2025-11-06;1;0
11;2025-11-06;2;0
11;2025-11-06;3;0
11;2025-11-06;4;0
11;2025-11-06;5;302
11;2025-11-06;6;1320
11;2025-11-06;7;2342
11;2025-11-06;8;2965
11;2025-11-06;9;2420
11;2025-11-06;10;1892
11;2025-11-06;11;1798
11;2025-11-06;12;1859
11;2025-11-06;13;1956
11;2025-11-06;14;1892
11;2025-11-06;15;2004
11;2025-11-06;16;2228
11;2025-11-06;17;2739
11;2025-11-06;18;3092
11;2025-11-06;19;2269
11;2025-11-06;20;1553
11;2025-11-06;21;934
11;2025-11-06;22;476
11;2025-11-06;23;253
11;2025-11-07;0;77
11;2025-11-07;1;0
11;2025-11-07;2;0
11;2025-11-07;3;0
11;2025-11-07;4;0
11;2025-11-07;5;304
11;2025-11-07;6;1326
11;2025-11-07;7;2269
11;2025-11-07;8;2954
11;2025-11-07;9;2335
11;2025-11-07;10;1860
11;2025-11-07;11;1834
11;2025-11-07;12;1899
11;2025-11-07;13;1915
11;2025-11-07;14;2010
11;2025-11-07;15;2174
11;2025-11-07;16;2429
11;2025-11-07;17;2851
11;2025-11-07;18;2617
11;2025-11-07;19;2104
11;2025-11-07;20;1442
11;2025-11-07;21;934
11;2025-11-07;22;509
11;2025-11-07;23;307
11;2025-11-08;0;107
11;2025-11-08;1;2
11;2025-11-08;2;0
11;2025-11-08;3;0
11;2025-11-08;4;3
11;2025-11-08;5;214
11;2025-11-08;6;835
11;2025-11-08;7;757
11;2025-11-08;8;1020
11;2025-11-08;9;1188
11;2025-11-08;10;1304
11;2025-11-08;11;1718
11;2025-11-08;12;1839
11;2025-11-08;13;1779
11;2025-11-08;14;1777
11;2025-11-08;15;1774
11;2025-11-08;16;1812
11;2025-11-08;17;1812
11;2025-11-08;18;1604
11;2025-11-08;19;1579
11;2025-11-08;20;1209
11;2025-11-08;21;840
11;2025-11-08;22;492
11;2025-11-08;23;335
11;2025-11-09;0;111
11;2025-11-09;1;15
11;2025-11-09;2;0
11;2025-11-09;3;0
11;2025-11-09;4;1
11;2025-11-09;5;124
11;2025-11-09;6;545
11;2025-11-09;7;536
11;2025-11-09;8;691
11;2025-11-09;9;980
11;2025-11-09;10;1063
11;2025-11-09;11;1484
11;2025-11-09;12;1622
11;2025-11-09;13;1530
11;2025-11-09;14;1582
11;2025-11-09;15;1641
11;2025-11-09;16;1564
11;2025-11-09;17;1715
11;2025-11-09;18;1411
11;2025-11-09;19;1192
11;2025-11-09;20;1001
11;2025-11-09;21;689
11;2025-11-09;22;413
11;2025-11-09;23;253
11;2025-11-10;0;81
11;2025-11-10;1;7
11;2025-11-10;2;0
11;2025-11-10;3;0
11;2025-11-10;4;0
11;2025-11-10;5;307
11;2025-11-10;6;1404
11;2025-11-10;7;2363
11;2025-11-10;8;3055
11;2025-11-10;9;2413
11;2025-11-10;10;1785
11;2025-11-10;11;1826
11;2025-11-10;12;1761
11;2025-11-10;13;1892
11;2025-11-10;14;1861
11;2025-11-10;15;1954
11;2025-11-10;16;2231
11;2025-11-10;17;2829
11;2025-11-10;18;3209
11;2025-11-10;19;2395
11;2025-11-10;20;1636
11;2025-11-10;21;919
11;2025-11-10;22;457
11;2025-11-10;23;230
11;2025-11-11;0;64
11;2025-11-11;1;0
11;2025-11-11;2;0
11;2025-11-11;3;0
11;2025-11-11;4;0
11;2025-11-11;5;293
11;2025-11-11;6;1415
11;2025-11-11;7;2400
11;2025-11-11;8;3132
11;2025-11-11;9;2462
11;2025-11-11;10;1882
11;2025-11-11;11;1819
11;2025-11-11;12;1811
11;2025-11-11;13;1942
11;2025-11-11;14;1934
11;2025-11-11;15;1968
11;2025-11-11;16;2247
11;2025-11-11;17;2823
11;2025-11-11;18;3134
11;2025-11-11;19;2397
11;2025-11-11;20;1583
11;2025-11-11;21;909
11;2025-11-11;22;474
11;2025-11-11;23;238
11;2025-11-12;0;67
11;2025-11-12;1;0
11;2025-11-12;2;0
11;2025-11-12;3;0
11;2025-11-12;4;0
11;2025-11-12;5;290
11;2025-11-12;6;1318
11;2025-11-12;7;2358
11;2025-11-12;8;3077
11;2025-11-12;9;2321
11;2025-11-12;10;1848
11;2025-11-12;11;1890
11;2025-11-12;12;1861
11;2025-11-12;13;1946
11;2025-11-12;14;1930
11;2025-11-12;15;1965
11;2025-11-12;16;2128
11;2025-11-12;17;2797
11;2025-11-12;18;3103
11;2025-11-12;19;2331
11;2025-11-12;20;1605
11;2025-11-12;21;915
11;2025-11-12;22;474
11;2025-11-12;23;256
11;2025-11-13;0;69
11;2025-11-13;1;0
11;2025-11-13;2;0
11;2025-11-13;3;0
11;2025-11-13;4;0
11;2025-11-13;5;309
11;2025-11-13;6;1351
11;2025-11-13;7;2397
11;2025-11-13;8;3033
11;2025-11-13;9;2476
11;2025-11-13;10;1935
11;2025-11-13;11;1839
11;2025-11-13;12;1902
11;2025-11-13;13;2002
11;2025-11-13;14;1936
11;2025-11-13;15;2050
11;2025-11-13;16;2280
11;2025-11-13;17;2802
11;2025-11-13;18;3164
11;2025-11-13;19;2321
11;2025-11-13;20;1589
11;2025-11-13;21;955
11;2025-11-13;22;487
11;2025-11-13;23;259
11;2025-11-14;0;78
11;2025-11-14;1;0
11;2025-11-14;2;0
11;2025-11-14;3;0
11;2025-11-14;4;0
11;2025-11-14;5;310
11;2025-11-14;6;1349
11;2025-11-14;7;2308
11;2025-11-14;8;3004
11;2025-11-14;9;2374
11;2025-11-14;10;1892
11;2025-11-14;11;1865
11;2025-11-14;12;1931
11;2025-11-14;13;1948
11;2025-11-14;14;2045
11;2025-11-14;15;2211
11;2025-11-14;16;2470
11;2025-11-14;17;2900
11;2025-11-14;18;2661
11;2025-11-14;19;2139
11;2025-11-14;20;1467
11;2025-11-14;21;949
11;2025-11-14;22;518
11;2025-11-14;23;313
11;2025-11-15;0;99
11;2025-11-15;1;2
11;2025-11-15;2;0
11;2025-11-15;3;0
11;2025-11-15;4;3
11;2025-11-15;5;198
11;2025-11-15;6;773
11;2025-11-15;7;701
11;2025-11-15;8;945
11;2025-11-15;9;1100
11;2025-11-15;10;1208
11;2025-11-15;11;1591
11;2025-11-15;12;1703
11;2025-11-15;13;1647
11;2025-11-15;14;1646
11;2025-11-15;15;1643
11;2025-11-15;16;1678
11;2025-11-15;17;1679
11;2025-11-15;18;1486
11;2025-11-15;19;1463
11;2025-11-15;20;1119
11;2025-11-15;21;778
11;2025-11-15;22;456
11;2025-11-15;23;310
11;2025-11-16;0;111
11;2025-11-16;1;15
11;2025-11-16;2;0
11;2025-11-16;3;0
11;2025-11-16;4;1
11;2025-11-16;5;123
11;2025-11-16;6;541
11;2025-11-16;7;532
11;2025-11-16;8;685
11;2025-11-16;9;972
11;2025-11-16;10;1055
11;2025-11-16;11;1472
11;2025-11-16;12;1610
11;2025-11-16;13;1517
11;2025-11-16;14;1570
11;2025-11-16;15;1628
11;2025-11-16;16;1552
11;2025-11-16;17;1702
11;2025-11-16;18;1400
11;2025-11-16;19;1183
11;2025-11-16;20;994
11;2025-11-16;21;683
11;2025-11-16;22;410
11;2025-11-16;23;251
11;2025-11-17;0;79
11;2025-11-17;1;7
11;2025-11-17;2;0
11;2025-11-17;3;0
11;2025-11-17;4;0
11;2025-11-17;5;299
11;2025-11-17;6;1367
11;2025-11-17;7;2300
11;2025-11-17;8;2974
11;2025-11-17;9;2349
11;2025-11-17;10;1737
11;2025-11-17;11;1777
11;2025-11-17;12;1714
11;2025-11-17;13;1842
11;2025-11-17;14;1812
11;2025-11-17;15;1902
11;2025-11-17;16;2171
11;2025-11-17;17;2754
11;2025-11-17;18;3124
11;2025-11-17;19;2331
11;2025-11-17;20;1592
11;2025-11-17;21;895
11;2025-11-17;22;445
11;2025-11-17;23;224
11;2025-11-18;0;60
11;2025-11-18;1;0
11;2025-11-18;2;0
11;2025-11-18;3;0
11;2025-11-18;4;0
11;2025-11-18;5;275
11;2025-11-18;6;1329
11;2025-11-18;7;2253
11;2025-11-18;8;2941
11;2025-11-18;9;2312
11;2025-11-18;10;1767
11;2025-11-18;11;1708
11;2025-11-18;12;1700
11;2025-11-18;13;1823
11;2025-11-18;14;1816
11;2025-11-18;15;1848
11;2025-11-18;16;2110
11;2025-11-18;17;2650
11;2025-11-18;18;2943
11;2025-11-18;19;2250
11;2025-11-18;20;1486
11;2025-11-18;21;853
11;2025-11-18;22;445
11;2025-11-18;23;224
11;2025-11-19;0;68
11;2025-11-19;1;0
11;2025-11-19;2;0
11;2025-11-19;3;0
11;2025-11-19;4;0
11;2025-11-19;5;295
11;2025-11-19;6;1338
11;2025-11-19;7;2393
11;2025-11-19;8;3124
11;2025-11-19;9;2356
11;2025-11-19;10;1876
11;2025-11-19;11;1918
11;2025-11-19;12;1888
11;2025-11-19;13;1975
11;2025-11-19;14;1959
11;2025-11-19;15;1994
11;2025-11-19;16;2160
11;2025-11-19;17;2839
11;2025-11-19;18;3150
11;2025-11-19;19;2366
11;2025-11-19;20;1629
11;2025-11-19;21;929
11;2025-11-19;22;481
11;2025-11-19;23;259
11;2025-11-20;0;69
11;2025-11-20;1;0
11;2025-11-20;2;0
11;2025-11-20;3;0
11;2025-11-20;4;0
11;2025-11-20;5;310
11;2025-11-20;6;1353
11;2025-11-20;7;2400
11;2025-11-20;8;3038
11;2025-11-20;9;2480
11;2025-11-20;10;1938
11;2025-11-20;11;1842
11;2025-11-20;12;1905
11;2025-11-20;13;2005
11;2025-11-20;14;1939
11;2025-11-20;15;2053
11;2025-11-20;16;2283
11;2025-11-20;17;2807
11;2025-11-20;18;3169
11;2025-11-20;19;2325
11;2025-11-20;20;1591
11;2025-11-20;21;957
11;2025-11-20;22;488
11;2025-11-20;23;259
11;2025-11-21;0;78
11;2025-11-21;1;0
11;2025-11-21;2;0
11;2025-11-21;3;0
11;2025-11-21;4;0
11;2025-11-21;5;310
11;2025-11-21;6;1348
11;2025-11-21;7;2307
11;2025-11-21;8;3004
11;2025-11-21;9;2374
11;2025-11-21;10;1891
11;2025-11-21;11;1864
11;2025-11-21;12;1931
11;2025-11-21;13;1947
11;2025-11-21;14;2044
11;2025-11-21;15;2210
11;2025-11-21;16;2469
11;2025-11-21;17;2899
11;2025-11-21;18;2660
11;2025-11-21;19;2139
11;2025-11-21;20;1467
11;2025-11-21;21;949
11;2025-11-21;22;518
11;2025-11-21;23;312
11;2025-11-22;0;104
11;2025-11-22;1;2
11;2025-11-22;2;0
11;2025-11-22;3;0
11;2025-11-22;4;3
11;2025-11-22;5;207
11;2025-11-22;6;807
11;2025-11-22;7;732
11;2025-11-22;8;987
11;2025-11-22;9;1149
11;2025-11-22;10;1261
11;2025-11-22;11;1662
11;2025-11-22;12;1779
11;2025-11-22;13;1720
11;2025-11-22;14;1719
11;2025-11-22;15;1716
11;2025-11-22;16;1752
11;2025-11-22;17;1753
11;2025-11-22;18;1552
11;2025-11-22;19;1528
11;2025-11-22;20;1169
11;2025-11-22;21;813
11;2025-11-22;22;476
11;2025-11-22;23;324
11;2025-11-23;0;111
11;2025-11-23;1;15
11;2025-11-23;2;0
11;2025-11-23;3;0
11;2025-11-23;4;1
11;2025-11-23;5;124
11;2025-11-23;6;543
11;2025-11-23;7;534
11;2025-11-23;8;688
11;2025-11-23;9;975
11;2025-11-23;10;1059
11;2025-11-23;11;1478
11;2025-11-23;12;1616
11;2025-11-23;13;1523
11;2025-11-23;14;1576
11;2025-11-23;15;1634
11;2025-11-23;16;1557
11;2025-11-23;17;1708
11;2025-11-23;18;1405
11;2025-11-23;19;1187
11;2025-11-23;20;997
11;2025-11-23;21;686
11;2025-11-23;22;411
11;2025-11-23;23;252
11;2025-11-24;0;75
11;2025-11-24;1;6
11;2025-11-24;2;0
11;2025-11-24;3;0
11;2025-11-24;4;0
11;2025-11-24;5;286
11;2025-11-24;6;1308
11;2025-11-24;7;2201
11;2025-11-24;8;2845
11;2025-11-24;9;2248
11;2025-11-24;10;1662
11;2025-11-24;11;1701
11;2025-11-24;12;1640
11;2025-11-24;13;1762
11;2025-11-24;14;1733
11;2025-11-24;15;1820
11;2025-11-24;16;2078
11;2025-11-24;17;2635
11;2025-11-24;18;2989
11;2025-11-24;19;2231
11;2025-11-24;20;1524
11;2025-11-24;21;856
11;2025-11-24;22;426
11;2025-11-24;23;215
11;2025-11-25;0;64
11;2025-11-25;1;0
11;2025-11-25;2;0
11;2025-11-25;3;0
11;2025-11-25;4;0
11;2025-11-25;5;293
11;2025-11-25;6;1411
11;2025-11-25;7;2394
11;2025-11-25;8;3124
11;2025-11-25;9;2455
11;2025-11-25;10;1877
11;2025-11-25;11;1814
11;2025-11-25;12;1806
11;2025-11-25;13;1936
11;2025-11-25;14;1929
11;2025-11-25;15;1963
11;2025-11-25;16;2241
11;2025-11-25;17;2815
11;2025-11-25;18;3126
11;2025-11-25;19;2390
11;2025-11-25;20;1578
11;2025-11-25;21;906
11;2025-11-25;22;473
11;2025-11-25;23;238
11;2025-11-26;0;64
11;2025-11-26;1;0
11;2025-11-26;2;0
11;2025-11-26;3;0
11;2025-11-26;4;0
11;2025-11-26;5;275
11;2025-11-26;6;1249
11;2025-11-26;7;2234
11;2025-11-26;8;2917
11;2025-11-26;9;2199
11;2025-11-26;10;1751
11;2025-11-26;11;1791
11;2025-11-26;12;1763
11;2025-11-26;13;1844
11;2025-11-26;14;1829
11;2025-11-26;15;1862
11;2025-11-26;16;2017
11;2025-11-26;17;2651
11;2025-11-26;18;2941
11;2025-11-26;19;2209
11;2025-11-26;20;1521
11;2025-11-26;21;867
11;2025-11-26;22;449
11;2025-11-26;23;242
11;2025-11-27;0;65
11;2025-11-27;1;0
11;2025-11-27;2;0
11;2025-11-27;3;0
11;2025-11-27;4;0
11;2025-11-27;5;291
11;2025-11-27;6;1272
11;2025-11-27;7;2256
11;2025-11-27;8;2856
11;2025-11-27;9;2331
11;2025-11-27;10;1822
11;2025-11-27;11;1732
11;2025-11-27;12;1791
11;2025-11-27;13;1885
11;2025-11-27;14;1823
11;2025-11-27;15;1930
11;2025-11-27;16;2146
11;2025-11-27;17;2639
11;2025-11-27;18;2979
11;2025-11-27;19;2186
11;2025-11-27;20;1496
11;2025-11-27;21;900
11;2025-11-27;22;459
11;2025-11-27;23;243
11;2025-11-28;0;75
11;2025-11-28;1;0
11;2025-11-28;2;0
11;2025-11-28;3;0
11;2025-11-28;4;0
11;2025-11-28;5;297
11;2025-11-28;6;1293
11;2025-11-28;7;2213
11;2025-11-28;8;2881
11;2025-11-28;9;2277
11;2025-11-28;10;1814
11;2025-11-28;11;1788
11;2025-11-28;12;1852
11;2025-11-28;13;1868
11;2025-11-28;14;1960
11;2025-11-28;15;2120
11;2025-11-28;16;2368
11;2025-11-28;17;2780
11;2025-11-28;18;2551
11;2025-11-28;19;2051
11;2025-11-28;20;1406
11;2025-11-28;21;910
11;2025-11-28;22;497
11;2025-11-28;23;300
11;2025-11-29;0;108
11;2025-11-29;1;2
11;2025-11-29;2;0
11;2025-11-29;3;0
11;2025-11-29;4;3
11;2025-11-29;5;216
11;2025-11-29;6;842
11;2025-11-29;7;764
11;2025-11-29;8;1029
11;2025-11-29;9;1198
11;2025-11-29;10;1316
11;2025-11-29;11;1734
11;2025-11-29;12;1855
11;2025-11-29;13;1795
11;2025-11-29;14;1793
11;2025-11-29;15;1790
11;2025-11-29;16;1828
11;2025-11-29;17;1829
11;2025-11-29;18;1619
11;2025-11-29;19;1594
11;2025-11-29;20;1220
11;2025-11-29;21;848
11;2025-11-29;22;496
11;2025-11-29;23;338
11;2025-11-30;0;110
11;2025-11-30;1;15
11;2025-11-30;2;0
11;2025-11-30;3;0
11;2025-11-30;4;1
11;2025-11-30;5;122
11;2025-11-30;6;536
11;2025-11-30;7;528
11;2025-11-30;8;680
11;2025-11-30;9;964
11;2025-11-30;10;1047
11;2025-11-30;11;1461
11;2025-11-30;12;1597
11;2025-11-30;13;1506
11;2025-11-30;14;1558
11;2025-11-30;15;1615
11;2025-11-30;16;1540
11;2025-11-30;17;1688
11;2025-11-30;18;1389
11;2025-11-30;19;1174
11;2025-11-30;20;986
11;2025-11-30;21;678
11;2025-11-30;22;407
11;2025-11-30;23;249
11;2025-12-01;0;80
11;2025-12-01;1;7
11;2025-12-01;2;0
11;2025-12-01;3;0
11;2025-12-01;4;0
11;2025-12-01;5;304
11;2025-12-01;6;1390
11;2025-12-01;7;2338
11;2025-12-01;8;3024
11;2025-12-01;9;2388
11;2025-12-01;10;1766
11;2025-12-01;11;1807
11;2025-12-01;12;1743
11;2025-12-01;13;1872
11;2025-12-01;14;1842
11;2025-12-01;15;1934
11;2025-12-01;16;2208
11;2025-12-01;17;2800
11;2025-12-01;18;3177
11;2025-12-01;19;2370
11;2025-12-01;20;1619
11;2025-12-01;21;910
11;2025-12-01;22;453
11;2025-12-01;23;228
11;2025-12-02;0;63
11;2025-12-02;1;0
11;2025-12-02;2;0
11;2025-12-02;3;0
11;2025-12-02;4;0
11;2025-12-02;5;289
11;2025-12-02;6;1397
11;2025-12-02;7;2369
11;2025-12-02;8;3091
11;2025-12-02;9;2430
11;2025-12-02;10;1857
11;2025-12-02;11;1795
11;2025-12-02;12;1788
11;2025-12-02;13;1916
11;2025-12-02;14;1909
11;2025-12-02;15;1943
11;2025-12-02;16;2218
11;2025-12-02;17;2786
11;2025-12-02;18;3093
11;2025-12-02;19;2366
11;2025-12-02;20;1562
11;2025-12-02;21;897
11;2025-12-02;22;468
11;2025-12-02;23;235
11;2025-12-03;0;68
11;2025-12-03;1;0
11;2025-12-03;2;0
11;2025-12-03;3;0
11;2025-12-03;4;0
11;2025-12-03;5;291
11;2025-12-03;6;1321
11;2025-12-03;7;2363
11;2025-12-03;8;3084
11;2025-12-03;9;2326
11;2025-12-03;10;1852
11;2025-12-03;11;1894
11;2025-12-03;12;1865
11;2025-12-03;13;1950
11;2025-12-03;14;1935
11;2025-12-03;15;1969
11;2025-12-03;16;2133
11;2025-12-03;17;2803
11;2025-12-03;18;3110
11;2025-12-03;19;2336
11;2025-12-03;20;1608
11;2025-12-03;21;917
11;2025-12-03;22;475
11;2025-12-03;23;256
11;2025-12-04;0;68
11;2025-12-04;1;0
11;2025-12-04;2;0
11;2025-12-04;3;0
11;2025-12-04;4;0
11;2025-12-04;5;308
11;2025-12-04;6;1345
11;2025-12-04;7;2387
11;2025-12-04;8;3021
11;2025-12-04;9;2466
11;2025-12-04;10;1928
11;2025-12-04;11;1832
11;2025-12-04;12;1895
11;2025-12-04;13;1994
11;2025-12-04;14;1928
11;2025-12-04;15;2042
11;2025-12-04;16;2271
11;2025-12-04;17;2791
11;2025-12-04;18;3151
11;2025-12-04;19;2312
11;2025-12-04;20;1583
11;2025-12-04;21;952
11;2025-12-04;22;485
11;2025-12-04;23;258
11;2025-12-05;0;79
11;2025-12-05;1;0
11;2025-12-05;2;0
11;2025-12-05;3;0
11;2025-12-05;4;0
11;2025-12-05;5;311
11;2025-12-05;6;1355
11;2025-12-05;7;2319
11;2025-12-05;8;3019
11;2025-12-05;9;2386
11;2025-12-05;10;1901
11;2025-12-05;11;1874
11;2025-12-05;12;1941
11;2025-12-05;13;1957
11;2025-12-05;14;2054
11;2025-12-05;15;2222
11;2025-12-05;16;2482
11;2025-12-05;17;2914
11;2025-12-05;18;2674
11;2025-12-05;19;2150
11;2025-12-05;20;1474
11;2025-12-05;21;954
11;2025-12-05;22;521
11;2025-12-05;23;314
11;2025-12-06;0;107
11;2025-12-06;1;2
11;2025-12-06;2;0
11;2025-12-06;3;0
11;2025-12-06;4;3
11;2025-12-06;5;214
11;2025-12-06;6;835
11;2025-12-06;7;758
11;2025-12-06;8;1021
11;2025-12-06;9;1189
11;2025-12-06;10;1305
11;2025-12-06;11;1720
11;2025-12-06;12;1841
11;2025-12-06;13;1780
11;2025-12-06;14;1779
11;2025-12-06;15;1776
11;2025-12-06;16;1813
11;2025-12-06;17;1814
11;2025-12-06;18;1606
11;2025-12-06;19;1581
11;2025-12-06;20;1210
11;2025-12-06;21;841
11;2025-12-06;22;492
11;2025-12-06;23;335
11;2025-12-07;0;112
11;2025-12-07;1;15
11;2025-12-07;2;0
11;2025-12-07;3;0
11;2025-12-07;4;1
11;2025-12-07;5;125
11;2025-12-07;6;546
11;2025-12-07;7;537
11;2025-12-07;8;693
11;2025-12-07;9;982
11;2025-12-07;10;1066
11;2025-12-07;11;1488
11;2025-12-07;12;1627
11;2025-12-07;13;1534
11;2025-12-07;14;1587
11;2025-12-07;15;1645
11;2025-12-07;16;1568
11;2025-12-07;17;1720
11;2025-12-07;18;1415
11;2025-12-07;19;1195
11;2025-12-07;20;1004
11;2025-12-07;21;690
11;2025-12-07;22;414
11;2025-12-07;23;254
11;2025-12-08;0;81
11;2025-12-08;1;7
11;2025-12-08;2;0
11;2025-12-08;3;0
11;2025-12-08;4;0
11;2025-12-08;5;308
11;2025-12-08;6;1406
11;2025-12-08;7;2365
11;2025-12-08;8;3058
11;2025-12-08;9;2416
11;2025-12-08;10;1787
11;2025-12-08;11;1828
11;2025-12-08;12;1763
11;2025-12-08;13;1894
11;2025-12-08;14;1863
11;2025-12-08;15;1956
11;2025-12-08;16;2233
11;2025-12-08;17;2832
11;2025-12-08;18;3213
11;2025-12-08;19;2397
11;2025-12-08;20;1638
11;2025-12-08;21;920
11;2025-12-08;22;458
11;2025-12-08;23;231
11;2025-12-09;0;64
11;2025-12-09;1;0
11;2025-12-09;2;0
11;2025-12-09;3;0
11;2025-12-09;4;0
11;2025-12-09;5;295
11;2025-12-09;6;1422
11;2025-12-09;7;2412
11;2025-12-09;8;3147
11;2025-12-09;9;2474
11;2025-12-09;10;1891
11;2025-12-09;11;1828
11;2025-12-09;12;1820
11;2025-12-09;13;1951
11;2025-12-09;14;1943
11;2025-12-09;15;1978
11;2025-12-09;16;2258
11;2025-12-09;17;2836
11;2025-12-09;18;3149
11;2025-12-09;19;2408
11;2025-12-09;20;1590
11;2025-12-09;21;913
11;2025-12-09;22;477
11;2025-12-09;23;240
11;2025-12-10;0;68
11;2025-12-10;1;0
11;2025-12-10;2;0
11;2025-12-10;3;0
11;2025-12-10;4;0
11;2025-12-10;5;291
11;2025-12-10;6;1323
11;2025-12-10;7;2366
11;2025-12-10;8;3088
11;2025-12-10;9;2329
11;2025-12-10;10;1855
11;2025-12-10;11;1896
11;2025-12-10;12;1867
11;2025-12-10;13;1953
11;2025-12-10;14;1937
11;2025-12-10;15;1971
11;2025-12-10;16;2136
11;2025-12-10;17;2807
11;2025-12-10;18;3114
11;2025-12-10;19;2339
11;2025-12-10;20;1611
11;2025-12-10;21;918
11;2025-12-10;22;476
11;2025-12-10;23;257
11;2025-12-11;0;66
11;2025-12-11;1;0
11;2025-12-11;2;0
11;2025-12-11;3;0
11;2025-12-11;4;0
11;2025-12-11;5;299
11;2025-12-11;6;1304
11;2025-12-11;7;2313
11;2025-12-11;8;2928
11;2025-12-11;9;2390
11;2025-12-11;10;1868
11;2025-12-11;11;1775
11;2025-12-11;12;1836
11;2025-12-11;13;1932
11;2025-12-11;14;1869
11;2025-12-11;15;1979
11;2025-12-11;16;2200
11;2025-12-11;17;2705
11;2025-12-11;18;3054
11;2025-12-11;19;2241
11;2025-12-11;20;1534
11;2025-12-11;21;922
11;2025-12-11;22;470
11;2025-12-11;23;250
11;2025-12-12;0;76
11;2025-12-12;1;0
11;2025-12-12;2;0
11;2025-12-12;3;0
11;2025-12-12;4;0
11;2025-12-12;5;301
11;2025-12-12;6;1311
11;2025-12-12;7;2244
11;2025-12-12;8;2921
11;2025-12-12;9;2309
11;2025-12-12;10;1839
11;2025-12-12;11;1813
11;2025-12-12;12;1878
11;2025-12-12;13;1894
11;2025-12-12;14;1988
11;2025-12-12;15;2150
11;2025-12-12;16;2401
11;2025-12-12;17;2819
11;2025-12-12;18;2587
11;2025-12-12;19;2080
11;2025-12-12;20;1426
11;2025-12-12;21;923
11;2025-12-12;22;504
11;2025-12-12;23;304
11;2025-12-13;0;107
11;2025-12-13;1;2
11;2025-12-13;2;0
11;2025-12-13;3;0
11;2025-12-13;4;3
11;2025-12-13;5;213
11;2025-12-13;6;833
11;2025-12-13;7;756
11;2025-12-13;8;1018
11;2025-12-13;9;1186
11;2025-12-13;10;1302
11;2025-12-13;11;1715
11;2025-12-13;12;1836
11;2025-12-13;13;1776
11;2025-12-13;14;1774
11;2025-12-13;15;1771
11;2025-12-13;16;1809
11;2025-12-13;17;1809
11;2025-12-13;18;1602
11;2025-12-13;19;1577
11;2025-12-13;20;1207
11;2025-12-13;21;839
11;2025-12-13;22;491
11;2025-12-13;23;334
11;2025-12-14;0;112
11;2025-12-14;1;15
11;2025-12-14;2;0
11;2025-12-14;3;0
11;2025-12-14;4;1
11;2025-12-14;5;125
11;2025-12-14;6;546
11;2025-12-14;7;537
11;2025-12-14;8;693
11;2025-12-14;9;982
11;2025-12-14;10;1066
11;2025-12-14;11;1488
11;2025-12-14;12;1627
11;2025-12-14;13;1534
11;2025-12-14;14;1587
11;2025-12-14;15;1645
11;2025-12-14;16;1569
11;2025-12-14;17;1720
11;2025-12-14;18;1415
11;2025-12-14;19;1196
11;2025-12-14;20;1004
11;2025-12-14;21;691
11;2025-12-14;22;414
11;2025-12-14;23;254
11;2025-12-15;0;81
11;2025-12-15;1;7
11;2025-12-15;2;0
11;2025-12-15;3;0
11;2025-12-15;4;0
11;2025-12-15;5;308
11;2025-12-15;6;1407
11;2025-12-15;7;2367
11;2025-12-15;8;3060
11;2025-12-15;9;2417
11;2025-12-15;10;1788
11;2025-12-15;11;1829
11;2025-12-15;12;1764
11;2025-12-15;13;1895
11;2025-12-15;14;1864
11;2025-12-15;15;1958
11;2025-12-15;16;2235
11;2025-12-15;17;2834
11;2025-12-15;18;3215
11;2025-12-15;19;2399
11;2025-12-15;20;1639
11;2025-12-15;21;921
11;2025-12-15;22;458
11;2025-12-15;23;231
11;2025-12-16;0;63
11;2025-12-16;1;0
11;2025-12-16;2;0
11;2025-12-16;3;0
11;2025-12-16;4;0
11;2025-12-16;5;291
11;2025-12-16;6;1405
11;2025-12-16;7;2383
11;2025-12-16;8;3110
11;2025-12-16;9;2445
11;2025-12-16;10;1868
11;2025-12-16;11;1806
11;2025-12-16;12;1799
11;2025-12-16;13;1928
11;2025-12-16;14;1920
11;2025-12-16;15;1954
11;2025-12-16;16;2231
11;2025-12-16;17;2803
11;2025-12-16;18;3112
11;2025-12-16;19;2380
11;2025-12-16;20;1572
11;2025-12-16;21;902
11;2025-12-16;22;471
11;2025-12-16;23;237
11;2025-12-17;0;69
11;2025-12-17;1;0
11;2025-12-17;2;0
11;2025-12-17;3;0
11;2025-12-17;4;0
11;2025-12-17;5;295
11;2025-12-17;6;1341
11;2025-12-17;7;2399
11;2025-12-17;8;3131
11;2025-12-17;9;2361
11;2025-12-17;10;1880
11;2025-12-17;11;1922
11;2025-12-17;12;1893
11;2025-12-17;13;1980
11;2025-12-17;14;1964
11;2025-12-17;15;1999
11;2025-12-17;16;2165
11;2025-12-17;17;2846
11;2025-12-17;18;3157
11;2025-12-17;19;2372
11;2025-12-17;20;1633
11;2025-12-17;21;931
11;2025-12-17;22;482
11;2025-12-17;23;260
11;2025-12-18;0;69
11;2025-12-18;1;0
11;2025-12-18;2;0
11;2025-12-18;3;0
11;2025-12-18;4;0
11;2025-12-18;5;313
11;2025-12-18;6;1367
11;2025-12-18;7;2425
11;2025-12-18;8;3069
11;2025-12-18;9;2506
11;2025-12-18;10;1959
11;2025-12-18;11;1861
11;2025-12-18;12;1925
11;2025-12-18;13;2026
11;2025-12-18;14;1959
11;2025-12-18;15;2075
11;2025-12-18;16;2307
11;2025-12-18;17;2836
11;2025-12-18;18;3202
11;2025-12-18;19;2349
11;2025-12-18;20;1608
11;2025-12-18;21;967
11;2025-12-18;22;493
11;2025-12-18;23;262
11;2025-12-19;0;79
11;2025-12-19;1;0
11;2025-12-19;2;0
11;2025-12-19;3;0
11;2025-12-19;4;0
11;2025-12-19;5;312
11;2025-12-19;6;1361
11;2025-12-19;7;2329
11;2025-12-19;8;3031
11;2025-12-19;9;2396
11;2025-12-19;10;1909
11;2025-12-19;11;1882
11;2025-12-19;12;1949
11;2025-12-19;13;1965
11;2025-12-19;14;2063
11;2025-12-19;15;2231
11;2025-12-19;16;2492
11;2025-12-19;17;2926
11;2025-12-19;18;2685
11;2025-12-19;19;2159
11;2025-12-19;20;1480
11;2025-12-19;21;958
11;2025-12-19;22;523
11;2025-12-19;23;315
11;2025-12-20;0;110
11;2025-12-20;1;2
11;2025-12-20;2;0
11;2025-12-20;3;0
11;2025-12-20;4;3
11;2025-12-20;5;219
11;2025-12-20;6;854
11;2025-12-20;7;775
11;2025-12-20;8;1043
11;2025-12-20;9;1215
11;2025-12-20;10;1333
11;2025-12-20;11;1757
11;2025-12-20;12;1881
11;2025-12-20;13;1819
11;2025-12-20;14;1817
11;2025-12-20;15;1815
11;2025-12-20;16;1853
11;2025-12-20;17;1854
11;2025-12-20;18;1641
11;2025-12-20;19;1615
11;2025-12-20;20;1236
11;2025-12-20;21;859
11;2025-12-20;22;503
11;2025-12-20;23;343
11;2025-12-21;0;111
11;2025-12-21;1;15
11;2025-12-21;2;0
11;2025-12-21;3;0
11;2025-12-21;4;1
11;2025-12-21;5;124
11;2025-12-21;6;543
11;2025-12-21;7;534
11;2025-12-21;8;688
11;2025-12-21;9;976
11;2025-12-21;10;1060
11;2025-12-21;11;1479
11;2025-12-21;12;1617
11;2025-12-21;13;1524
11;2025-12-21;14;1577
11;2025-12-21;15;1635
11;2025-12-21;16;1559
11;2025-12-21;17;1709
11;2025-12-21;18;1406
11;2025-12-21;19;1188
11;2025-12-21;20;998
11;2025-12-21;21;686
11;2025-12-21;22;412
11;2025-12-21;23;252
11;2025-12-22;0;80
11;2025-12-22;1;7
11;2025-12-22;2;0
11;2025-12-22;3;0
11;2025-12-22;4;0
11;2025-12-22;5;303
11;2025-12-22;6;1384
11;2025-12-22;7;2328
11;2025-12-22;8;3011
11;2025-12-22;9;2378
11;2025-12-22;10;1759
11;2025-12-22;11;1799
11;2025-12-22;12;1735
11;2025-12-22;13;1864
11;2025-12-22;14;1834
11;2025-12-22;15;1926
11;2025-12-22;16;2198
11;2025-12-22;17;2788
11;2025-12-22;18;3163
11;2025-12-22;19;2360
11;2025-12-22;20;1612
11;2025-12-22;21;906
11;2025-12-22;22;451
11;2025-12-22;23;227
11;2025-12-23;0;64
11;2025-12-23;1;0
11;2025-12-23;2;0
11;2025-12-23;3;0
11;2025-12-23;4;0
11;2025-12-23;5;296
11;2025-12-23;6;1428
11;2025-12-23;7;2421
11;2025-12-23;8;3160
11;2025-12-23;9;2484
11;2025-12-23;10;1898
11;2025-12-23;11;1835
11;2025-12-23;12;1827
11;2025-12-23;13;1959
11;2025-12-23;14;1951
11;2025-12-23;15;1986
11;2025-12-23;16;2267
11;2025-12-23;17;2848
11;2025-12-23;18;3162
11;2025-12-23;19;2418
11;2025-12-23;20;1597
11;2025-12-23;21;917
11;2025-12-23;22;479
11;2025-12-23;23;241
11;2025-12-24;0;68
11;2025-12-24;1;0
11;2025-12-24;2;0
11;2025-12-24;3;0
11;2025-12-24;4;0
11;2025-12-24;5;294
11;2025-12-24;6;1336
11;2025-12-24;7;2389
11;2025-12-24;8;3118
11;2025-12-24;9;2351
11;2025-12-24;10;1872
11;2025-12-24;11;1914
11;2025-12-24;12;1885
11;2025-12-24;13;1971
11;2025-12-24;14;1956
11;2025-12-24;15;1990
11;2025-12-24;16;2156
11;2025-12-24;17;2834
11;2025-12-24;18;3144
11;2025-12-24;19;2362
11;2025-12-24;20;1626
11;2025-12-24;21;927
11;2025-12-24;22;480
11;2025-12-24;23;259
11;2025-12-25;0;68
11;2025-12-25;1;0
11;2025-12-25;2;0
11;2025-12-25;3;0
11;2025-12-25;4;0
11;2025-12-25;5;306
11;2025-12-25;6;1337
11;2025-12-25;7;2373
11;2025-12-25;8;3003
11;2025-12-25;9;2451
11;2025-12-25;10;1916
11;2025-12-25;11;1821
11;2025-12-25;12;1883
11;2025-12-25;13;1982
11;2025-12-25;14;1917
11;2025-12-25;15;2030
11;2025-12-25;16;2257
11;2025-12-25;17;2774
11;2025-12-25;18;3132
11;2025-12-25;19;2298
11;2025-12-25;20;1573
11;2025-12-25;21;946
11;2025-12-25;22;482
11;2025-12-25;23;256
11;2025-12-26;0;76
11;2025-12-26;1;0
11;2025-12-26;2;0
11;2025-12-26;3;0
11;2025-12-26;4;0
11;2025-12-26;5;301
11;2025-12-26;6;1312
11;2025-12-26;7;2245
11;2025-12-26;8;2923
11;2025-12-26;9;2310
11;2025-12-26;10;1841
11;2025-12-26;11;1814
11;2025-12-26;12;1879
11;2025-12-26;13;1895
11;2025-12-26;14;1989
11;2025-12-26;15;2151
11;2025-12-26;16;2403
11;2025-12-26;17;2821
11;2025-12-26;18;2589
11;2025-12-26;19;2082
11;2025-12-26;20;1427
11;2025-12-26;21;924
11;2025-12-26;22;504
11;2025-12-26;23;304
11;2025-12-27;0;109
11;2025-12-27;1;2
11;2025-12-27;2;0
11;2025-12-27;3;0
11;2025-12-27;4;3
11;2025-12-27;5;217
11;2025-12-27;6;849
11;2025-12-27;7;771
11;2025-12-27;8;1038
11;2025-12-27;9;1209
11;2025-12-27;10;1327
11;2025-12-27;11;1748
11;2025-12-27;12;1871
11;2025-12-27;13;1810
11;2025-12-27;14;1808
11;2025-12-27;15;1806
11;2025-12-27;16;1844
11;2025-12-27;17;1844
11;2025-12-27;18;1633
11;2025-12-27;19;1607
11;2025-12-27;20;1230
11;2025-12-27;21;855
11;2025-12-27;22;501
11;2025-12-27;23;341
11;2025-12-28;0;110
11;2025-12-28;1;15
11;2025-12-28;2;0
11;2025-12-28;3;0
11;2025-12-28;4;1
11;2025-12-28;5;123
11;2025-12-28;6;538
11;2025-12-28;7;529
11;2025-12-28;8;682
11;2025-12-28;9;967
11;2025-12-28;10;1050
11;2025-12-28;11;1466
11;2025-12-28;12;1602
11;2025-12-28;13;1511
11;2025-12-28;14;1563
11;2025-12-28;15;1620
11;2025-12-28;16;1545
11;2025-12-28;17;1694
11;2025-12-28;18;1393
11;2025-12-28;19;1177
11;2025-12-28;20;989
11;2025-12-28;21;680
11;2025-12-28;22;408
11;2025-12-28;23;250
11;2025-12-29;0;80
11;2025-12-29;1;7
11;2025-12-29;2;0
11;2025-12-29;3;0
11;2025-12-29;4;0
11;2025-12-29;5;302
11;2025-12-29;6;1382
11;2025-12-29;7;2325
11;2025-12-29;8;3006
11;2025-12-29;9;2375
11;2025-12-29;10;1756
11;2025-12-29;11;1797
11;2025-12-29;12;1733
11;2025-12-29;13;1862
11;2025-12-29;14;1831
11;2025-12-29;15;1923
11;2025-12-29;16;2195
11;2025-12-29;17;2784
11;2025-12-29;18;3158
11;2025-12-29;19;2357
11;2025-12-29;20;1610
11;2025-12-29;21;905
11;2025-12-29;22;450
11;2025-12-29;23;227
11;2025-12-30;0;62
11;2025-12-30;1;0
11;2025-12-30;2;0
11;2025-12-30;3;0
11;2025-12-30;4;0
11;2025-12-30;5;287
11;2025-12-30;6;1384
11;2025-12-30;7;2347
11;2025-12-30;8;3063
11;2025-12-30;9;2407
11;2025-12-30;10;1840
11;2025-12-30;11;1779
11;2025-12-30;12;1771
11;2025-12-30;13;1899
11;2025-12-30;14;1891
11;2025-12-30;15;1925
11;2025-12-30;16;2197
11;2025-12-30;17;2760
11;2025-12-30;18;3065
11;2025-12-30;19;2344
11;2025-12-30;20;1548
11;2025-12-30;21;888
11;2025-12-30;22;464
11;2025-12-30;23;233
11;2025-12-31;0;92
11;2025-12-31;1;9
11;2025-12-31;2;0
11;2025-12-31;3;0
11;2025-12-31;4;3
11;2025-12-31;5;170
11;2025-12-31;6;636
11;2025-12-31;7;544
11;2025-12-31;8;712
11;2025-12-31;9;898
11;2025-12-31;10;969
11;2025-12-31;11;1354
11;2025-12-31;12;1522
11;2025-12-31;13;1465
11;2025-12-31;14;1482
11;2025-12-31;15;1535
11;2025-12-31;16;1462
11;2025-12-31;17;1546
11;2025-12-31;18;1382
11;2025-12-31;19;1220
11;2025-12-31;20;1047
11;2025-12-31;21;721
11;2025-12-31;22;433
11;2025-12-31;23;271
12;2025-11-01;0;64
12;2025-11-01;1;2
12;2025-11-01;2;0
12;2025-11-01;3;0
12;2025-11-01;4;6
12;2025-11-01;5;359
12;2025-11-01;6;1459
12;2025-11-01;7;2587
12;2025-11-01;8;3381
12;2025-11-01;9;2434
12;2025-11-01;10;1975
12;2025-11-01;11;2022
12;2025-11-01;12;2010
12;2025-11-01;13;1997
12;2025-11-01;14;2024
12;2025-11-01;15;2361
12;2025-11-01;16;2900
12;2025-11-01;17;2975
12;2025-11-01;18;2665
12;2025-11-01;19;2302
12;2025-11-01;20;1523
12;2025-11-01;21;1042
12;2025-11-01;22;554
12;2025-11-01;23;315
12;2025-11-02;0;83
12;2025-11-02;1;6
12;2025-11-02;2;0
12;2025-11-02;3;0
12;2025-11-02;4;2
12;2025-11-02;5;214
12;2025-11-02;6;664
12;2025-11-02;7;709
12;2025-11-02;8;751
12;2025-11-02;9;922
12;2025-11-02;10;1113
12;2025-11-02;11;1171
12;2025-11-02;12;1192
12;2025-11-02;13;1428
12;2025-11-02;14;1414
12;2025-11-02;15;1303
12;2025-11-02;16;1314
12;2025-11-02;17;1312
12;2025-11-02;18;1242
12;2025-11-02;19;1112
12;2025-11-02;20;898
12;2025-11-02;21;623
12;2025-11-02;22;387
12;2025-11-02;23;240
12;2025-11-03;0;81
12;2025-11-03;1;6
12;2025-11-03;2;0
12;2025-11-03;3;0
12;2025-11-03;4;2
12;2025-11-03;5;208
12;2025-11-03;6;648
12;2025-11-03;7;691
12;2025-11-03;8;732
12;2025-11-03;9;900
12;2025-11-03;10;1085
12;2025-11-03;11;1142
12;2025-11-03;12;1163
12;2025-11-03;13;1393
12;2025-11-03;14;1379
12;2025-11-03;15;1270
12;2025-11-03;16;1281
12;2025-11-03;17;1279
12;2025-11-03;18;1211
12;2025-11-03;19;1084
12;2025-11-03;20;876
12;2025-11-03;21;607
12;2025-11-03;22;377
12;2025-11-03;23;234
12;2025-11-04;0;80
12;2025-11-04;1;6
12;2025-11-04;2;0
12;2025-11-04;3;0
12;2025-11-04;4;2
12;2025-11-04;5;208
12;2025-11-04;6;645
12;2025-11-04;7;688
12;2025-11-04;8;729
12;2025-11-04;9;896
12;2025-11-04;10;1080
12;2025-11-04;11;1137
12;2025-11-04;12;1158
12;2025-11-04;13;1387
12;2025-11-04;14;1373
12;2025-11-04;15;1265
12;2025-11-04;16;1275
12;2025-11-04;17;1274
12;2025-11-04;18;1206
12;2025-11-04;19;1080
12;2025-11-04;20;872
12;2025-11-04;21;605
12;2025-11-04;22;376
12;2025-11-04;23;233
12;2025-11-05;0;63
12;2025-11-05;1;2
12;2025-11-05;2;0
12;2025-11-05;3;0
12;2025-11-05;4;9
12;2025-11-05;5;378
12;2025-11-05;6;1493
12;2025-11-05;7;2692
12;2025-11-05;8;3411
12;2025-11-05;9;2553
12;2025-11-05;10;2143
12;2025-11-05;11;2056
12;2025-11-05;12;2082
12;2025-11-05;13;1983
12;2025-11-05;14;2000
12;2025-11-05;15;2226
12;2025-11-05;16;2678
12;2025-11-05;17;3044
12;2025-11-05;18;3292
12;2025-11-05;19;2598
12;2025-11-05;20;1638
12;2025-11-05;21;1052
12;2025-11-05;22;579
12;2025-11-05;23;279
12;2025-11-06;0;57
12;2025-11-06;1;2
12;2025-11-06;2;0
12;2025-11-06;3;0
12;2025-11-06;4;7
12;2025-11-06;5;355
12;2025-11-06;6;1424
12;2025-11-06;7;2664
12;2025-11-06;8;3400
12;2025-11-06;9;2409
12;2025-11-06;10;2039
12;2025-11-06;11;2006
12;2025-11-06;12;2082
12;2025-11-06;13;2018
12;2025-11-06;14;1960
12;2025-11-06;15;2226
12;2025-11-06;16;2695
12;2025-11-06;17;2984
12;2025-11-06;18;3229
12;2025-11-06;19;2591
12;2025-11-06;20;1655
12;2025-11-06;21;988
12;2025-11-06;22;513
12;2025-11-06;23;277
12;2025-11-07;0;63
12;2025-11-07;1;2
12;2025-11-07;2;0
12;2025-11-07;3;0
12;2025-11-07;4;6
12;2025-11-07;5;355
12;2025-11-07;6;1439
12;2025-11-07;7;2553
12;2025-11-07;8;3336
12;2025-11-07;9;2402
12;2025-11-07;10;1949
12;2025-11-07;11;1995
12;2025-11-07;12;1984
12;2025-11-07;13;1971
12;2025-11-07;14;1998
12;2025-11-07;15;2330
12;2025-11-07;16;2862
12;2025-11-07;17;2936
12;2025-11-07;18;2630
12;2025-11-07;19;2272
12;2025-11-07;20;1503
12;2025-11-07;21;1028
12;2025-11-07;22;547
12;2025-11-07;23;311
12;2025-11-08;0;88
12;2025-11-08;1;3
12;2025-11-08;2;0
12;2025-11-08;3;0
12;2025-11-08;4;3
12;2025-11-08;5;275
12;2025-11-08;6;880
12;2025-11-08;7;922
12;2025-11-08;8;1022
12;2025-11-08;9;1188
12;2025-11-08;10;1412
12;2025-11-08;11;1466
12;2025-11-08;12;1458
12;2025-11-08;13;1664
12;2025-11-08;14;1572
12;2025-11-08;15;1463
12;2025-11-08;16;1547
12;2025-11-08;17;1504
12;2025-11-08;18;1453
12;2025-11-08;19;1438
12;2025-11-08;20;1064
12;2025-11-08;21;749
12;2025-11-08;22;440
12;2025-11-08;23;292
12;2025-11-09;0;96
12;2025-11-09;1;8
12;2025-11-09;2;0
12;2025-11-09;3;0
12;2025-11-09;4;3
12;2025-11-09;5;177
12;2025-11-09;6;566
12;2025-11-09;7;684
12;2025-11-09;8;758
12;2025-11-09;9;954
12;2025-11-09;10;1179
12;2025-11-09;11;1308
12;2025-11-09;12;1363
12;2025-11-09;13;1575
12;2025-11-09;14;1477
12;2025-11-09;15;1355
12;2025-11-09;16;1493
12;2025-11-09;17;1568
12;2025-11-09;18;1306
12;2025-11-09;19;1083
12;2025-11-09;20;812
12;2025-11-09;21;627
12;2025-11-09;22;427
12;2025-11-09;23;227
12;2025-11-10;0;74
12;2025-11-10;1;4
12;2025-11-10;2;0
12;2025-11-10;3;0
12;2025-11-10;4;6
12;2025-11-10;5;376
12;2025-11-10;6;1495
12;2025-11-10;7;2680
12;2025-11-10;8;3446
12;2025-11-10;9;2486
12;2025-11-10;10;2043
12;2025-11-10;11;1951
12;2025-11-10;12;2036
12;2025-11-10;13;1961
12;2025-11-10;14;1881
12;2025-11-10;15;2203
12;2025-11-10;16;2666
12;2025-11-10;17;3003
12;2025-11-10;18;3250
12;2025-11-10;19;2607
12;2025-11-10;20;1668
12;2025-11-10;21;971
12;2025-11-10;22;515
12;2025-11-10;23;249
12;2025-11-11;0;51
12;2025-11-11;1;1
12;2025-11-11;2;0
12;2025-11-11;3;0
12;2025-11-11;4;6
12;2025-11-11;5;370
12;2025-11-11;6;1504
12;2025-11-11;7;2801
12;2025-11-11;8;3628
12;2025-11-11;9;2590
12;2025-11-11;10;2138
12;2025-11-11;11;2069
12;2025-11-11;12;2069
12;2025-11-11;13;2028
12;2025-11-11;14;1992
12;2025-11-11;15;2242
12;2025-11-11;16;2712
12;2025-11-11;17;3123
12;2025-11-11;18;3337
12;2025-11-11;19;2673
12;2025-11-11;20;1690
12;2025-11-11;21;995
12;2025-11-11;22;539
12;2025-11-11;23;256
12;2025-11-12;0;63
12;2025-11-12;1;2
12;2025-11-12;2;0
12;2025-11-12;3;0
12;2025-11-12;4;9
12;2025-11-12;5;379
12;2025-11-12;6;1495
12;2025-11-12;7;2697
12;2025-11-12;8;3417
12;2025-11-12;9;2558
12;2025-11-12;10;2147
12;2025-11-12;11;2060
12;2025-11-12;12;2085
12;2025-11-12;13;1987
12;2025-11-12;14;2004
12;2025-11-12;15;2230
12;2025-11-12;16;2683
12;2025-11-12;17;3050
12;2025-11-12;18;3298
12;2025-11-12;19;2603
12;2025-11-12;20;1641
12;2025-11-12;21;1054
12;2025-11-12;22;580
12;2025-11-12;23;279
12;2025-11-13;0;58
12;2025-11-13;1;3
12;2025-11-13;2;0
12;2025-11-13;3;0
12;2025-11-13;4;8
12;2025-11-13;5;364
12;2025-11-13;6;1459
12;2025-11-13;7;2728
12;2025-11-13;8;3482
12;2025-11-13;9;2466
12;2025-11-13;10;2088
12;2025-11-13;11;2055
12;2025-11-13;12;2131
12;2025-11-13;13;2066
12;2025-11-13;14;2007
12;2025-11-13;15;2280
12;2025-11-13;16;2760
12;2025-11-13;17;3055
12;2025-11-13;18;3307
12;2025-11-13;19;2653
12;2025-11-13;20;1694
12;2025-11-13;21;1011
12;2025-11-13;22;525
12;2025-11-13;23;284
12;2025-11-14;0;65
12;2025-11-14;1;2
12;2025-11-14;2;0
12;2025-11-14;3;0
12;2025-11-14;4;6
12;2025-11-14;5;364
12;2025-11-14;6;1478
12;2025-11-14;7;2622
12;2025-11-14;8;3426
12;2025-11-14;9;2467
12;2025-11-14;10;2001
12;2025-11-14;11;2049
12;2025-11-14;12;2037
12;2025-11-14;13;2024
12;2025-11-14;14;2051
12;2025-11-14;15;2393
12;2025-11-14;16;2939
12;2025-11-14;17;3015
12;2025-11-14;18;2700
12;2025-11-14;19;2333
12;2025-11-14;20;1544
12;2025-11-14;21;1056
12;2025-11-14;22;561
12;2025-11-14;23;320
12;2025-11-15;0;81
12;2025-11-15;1;3
12;2025-11-15;2;0
12;2025-11-15;3;0
12;2025-11-15;4;3
12;2025-11-15;5;254
12;2025-11-15;6;811
12;2025-11-15;7;850
12;2025-11-15;8;941
12;2025-11-15;9;1095
12;2025-11-15;10;1301
12;2025-11-15;11;1351
12;2025-11-15;12;1344
12;2025-11-15;13;1533
12;2025-11-15;14;1449
12;2025-11-15;15;1348
12;2025-11-15;16;1426
12;2025-11-15;17;1386
12;2025-11-15;18;1339
12;2025-11-15;19;1325
12;2025-11-15;20;980
12;2025-11-15;21;690
12;2025-11-15;22;405
12;2025-11-15;23;269
12;2025-11-16;0;96
12;2025-11-16;1;8
12;2025-11-16;2;0
12;2025-11-16;3;0
12;2025-11-16;4;3
12;2025-11-16;5;177
12;2025-11-16;6;565
12;2025-11-16;7;682
12;2025-11-16;8;756
12;2025-11-16;9;952
12;2025-11-16;10;1177
12;2025-11-16;11;1305
12;2025-11-16;12;1360
12;2025-11-16;13;1571
12;2025-11-16;14;1474
12;2025-11-16;15;1352
12;2025-11-16;16;1489
12;2025-11-16;17;1564
12;2025-11-16;18;1303
12;2025-11-16;19;1081
12;2025-11-16;20;811
12;2025-11-16;21;625
12;2025-11-16;22;426
12;2025-11-16;23;227
12;2025-11-17;0;73
12;2025-11-17;1;4
12;2025-11-17;2;0
12;2025-11-17;3;0
12;2025-11-17;4;6
12;2025-11-17;5;368
12;2025-11-17;6;1461
12;2025-11-17;7;2620
12;2025-11-17;8;3368
12;2025-11-17;9;2430
12;2025-11-17;10;1996
12;2025-11-17;11;1907
12;2025-11-17;12;1990
12;2025-11-17;13;1917
12;2025-11-17;14;1838
12;2025-11-17;15;2153
12;2025-11-17;16;2606
12;2025-11-17;17;2935
12;2025-11-17;18;3177
12;2025-11-17;19;2547
12;2025-11-17;20;1630
12;2025-11-17;21;949
12;2025-11-17;22;504
12;2025-11-17;23;244
12;2025-11-18;0;48
12;2025-11-18;1;1
12;2025-11-18;2;0
12;2025-11-18;3;0
12;2025-11-18;4;6
12;2025-11-18;5;350
12;2025-11-18;6;1423
12;2025-11-18;7;2652
12;2025-11-18;8;3434
12;2025-11-18;9;2451
12;2025-11-18;10;2024
12;2025-11-18;11;1959
12;2025-11-18;12;1959
12;2025-11-18;13;1920
12;2025-11-18;14;1886
12;2025-11-18;15;2122
12;2025-11-18;16;2566
12;2025-11-18;17;2956
12;2025-11-18;18;3159
12;2025-11-18;19;2530
12;2025-11-18;20;1600
12;2025-11-18;21;942
12;2025-11-18;22;510
12;2025-11-18;23;242
12;2025-11-19;0;64
12;2025-11-19;1;2
12;2025-11-19;2;0
12;2025-11-19;3;0
12;2025-11-19;4;9
12;2025-11-19;5;384
12;2025-11-19;6;1516
12;2025-11-19;7;2734
12;2025-11-19;8;3464
12;2025-11-19;9;2593
12;2025-11-19;10;2176
12;2025-11-19;11;2088
12;2025-11-19;12;2114
12;2025-11-19;13;2014
12;2025-11-19;14;2032
12;2025-11-19;15;2261
12;2025-11-19;16;2719
12;2025-11-19;17;3092
12;2025-11-19;18;3343
12;2025-11-19;19;2639
12;2025-11-19;20;1664
12;2025-11-19;21;1068
12;2025-11-19;22;588
12;2025-11-19;23;283
12;2025-11-20;0;59
12;2025-11-20;1;3
12;2025-11-20;2;0
12;2025-11-20;3;0
12;2025-11-20;4;8
12;2025-11-20;5;365
12;2025-11-20;6;1464
12;2025-11-20;7;2738
12;2025-11-20;8;3494
12;2025-11-20;9;2475
12;2025-11-20;10;2096
12;2025-11-20;11;2062
12;2025-11-20;12;2139
12;2025-11-20;13;2074
12;2025-11-20;14;2014
12;2025-11-20;15;2288
12;2025-11-20;16;2769
12;2025-11-20;17;3066
12;2025-11-20;18;3318
12;2025-11-20;19;2662
12;2025-11-20;20;1700
12;2025-11-20;21;1015
12;2025-11-20;22;527
12;2025-11-20;23;285
12;2025-11-21;0;65
12;2025-11-21;1;2
12;2025-11-21;2;0
12;2025-11-21;3;0
12;2025-11-21;4;6
12;2025-11-21;5;364
12;2025-11-21;6;1478
12;2025-11-21;7;2621
12;2025-11-21;8;3424
12;2025-11-21;9;2466
12;2025-11-21;10;2000
12;2025-11-21;11;2048
12;2025-11-21;12;2036
12;2025-11-21;13;2023
12;2025-11-21;14;2050
12;2025-11-21;15;2392
12;2025-11-21;16;2938
12;2025-11-21;17;3013
12;2025-11-21;18;2699
12;2025-11-21;19;2332
12;2025-11-21;20;1543
12;2025-11-21;21;1055
12;2025-11-21;22;561
12;2025-11-21;23;319
12;2025-11-22;0;85
12;2025-11-22;1;3
12;2025-11-22;2;0
12;2025-11-22;3;0
12;2025-11-22;4;3
12;2025-11-22;5;266
12;2025-11-22;6;852
12;2025-11-22;7;893
12;2025-11-22;8;989
12;2025-11-22;9;1151
12;2025-11-22;10;1367
12;2025-11-22;11;1419
12;2025-11-22;12;1412
12;2025-11-22;13;1611
12;2025-11-22;14;1522
12;2025-11-22;15;1417
12;2025-11-22;16;1498
12;2025-11-22;17;1457
12;2025-11-22;18;1407
12;2025-11-22;19;1393
12;2025-11-22;20;1030
12;2025-11-22;21;725
12;2025-11-22;22;426
12;2025-11-22;23;283
12;2025-11-23;0;97
12;2025-11-23;1;8
12;2025-11-23;2;0
12;2025-11-23;3;0
12;2025-11-23;4;3
12;2025-11-23;5;178
12;2025-11-23;6;568
12;2025-11-23;7;687
12;2025-11-23;8;761
12;2025-11-23;9;958
12;2025-11-23;10;1185
12;2025-11-23;11;1314
12;2025-11-23;12;1369
12;2025-11-23;13;1581
12;2025-11-23;14;1484
12;2025-11-23;15;1361
12;2025-11-23;16;1499
12;2025-11-23;17;1574
12;2025-11-23;18;1312
12;2025-11-23;19;1088
12;2025-11-23;20;816
12;2025-11-23;21;629
12;2025-11-23;22;428
12;2025-11-23;23;228
12;2025-11-24;0;70
12;2025-11-24;1;4
12;2025-11-24;2;0
12;2025-11-24;3;0
12;2025-11-24;4;6
12;2025-11-24;5;352
12;2025-11-24;6;1399
12;2025-11-24;7;2509
12;2025-11-24;8;3225
12;2025-11-24;9;2327
12;2025-11-24;10;1912
12;2025-11-24;11;1826
12;2025-11-24;12;1906
12;2025-11-24;13;1835
12;2025-11-24;14;1760
12;2025-11-24;15;2062
12;2025-11-24;16;2496
12;2025-11-24;17;2811
12;2025-11-24;18;3042
12;2025-11-24;19;2439
12;2025-11-24;20;1561
12;2025-11-24;21;909
12;2025-11-24;22;482
12;2025-11-24;23;233
12;2025-11-25;0;51
12;2025-11-25;1;1
12;2025-11-25;2;0
12;2025-11-25;3;0
12;2025-11-25;4;7
12;2025-11-25;5;372
12;2025-11-25;6;1511
12;2025-11-25;7;2815
12;2025-11-25;8;3645
12;2025-11-25;9;2602
12;2025-11-25;10;2149
12;2025-11-25;11;2079
12;2025-11-25;12;2079
12;2025-11-25;13;2038
12;2025-11-25;14;2002
12;2025-11-25;15;2252
12;2025-11-25;16;2724
12;2025-11-25;17;3138
12;2025-11-25;18;3353
12;2025-11-25;19;2686
12;2025-11-25;20;1698
12;2025-11-25;21;1000
12;2025-11-25;22;542
12;2025-11-25;23;257
12;2025-11-26;0;60
12;2025-11-26;1;2
12;2025-11-26;2;0
12;2025-11-26;3;0
12;2025-11-26;4;8
12;2025-11-26;5;362
12;2025-11-26;6;1431
12;2025-11-26;7;2581
12;2025-11-26;8;3269
12;2025-11-26;9;2448
12;2025-11-26;10;2054
12;2025-11-26;11;1971
12;2025-11-26;12;1996
12;2025-11-26;13;1901
12;2025-11-26;14;1918
12;2025-11-26;15;2134
12;2025-11-26;16;2567
12;2025-11-26;17;2918
12;2025-11-26;18;3156
12;2025-11-26;19;2491
12;2025-11-26;20;1570
12;2025-11-26;21;1008
12;2025-11-26;22;555
12;2025-11-26;23;267
12;2025-11-27;0;56
12;2025-11-27;1;2
12;2025-11-27;2;0
12;2025-11-27;3;0
12;2025-11-27;4;7
12;2025-11-27;5;347
12;2025-11-27;6;1392
12;2025-11-27;7;2603
12;2025-11-27;8;3322
12;2025-11-27;9;2353
12;2025-11-27;10;1992
12;2025-11-27;11;1960
12;2025-11-27;12;2034
12;2025-11-27;13;1972
12;2025-11-27;14;1915
12;2025-11-27;15;2175
12;2025-11-27;16;2633
12;2025-11-27;17;2915
12;2025-11-27;18;3155
12;2025-11-27;19;2531
12;2025-11-27;20;1617
12;2025-11-27;21;965
12;2025-11-27;22;501
12;2025-11-27;23;271
12;2025-11-28;0;63
12;2025-11-28;1;2
12;2025-11-28;2;0
12;2025-11-28;3;0
12;2025-11-28;4;6
12;2025-11-28;5;350
12;2025-11-28;6;1419
12;2025-11-28;7;2518
12;2025-11-28;8;3289
12;2025-11-28;9;2368
12;2025-11-28;10;1922
12;2025-11-28;11;1967
12;2025-11-28;12;1956
12;2025-11-28;13;1943
12;2025-11-28;14;1970
12;2025-11-28;15;2298
12;2025-11-28;16;2822
12;2025-11-28;17;2895
12;2025-11-28;18;2593
12;2025-11-28;19;2240
12;2025-11-28;20;1482
12;2025-11-28;21;1014
12;2025-11-28;22;539
12;2025-11-28;23;307
12;2025-11-29;0;89
12;2025-11-29;1;3
12;2025-11-29;2;0
12;2025-11-29;3;0
12;2025-11-29;4;3
12;2025-11-29;5;280
12;2025-11-29;6;895
12;2025-11-29;7;938
12;2025-11-29;8;1039
12;2025-11-29;9;1209
12;2025-11-29;10;1436
12;2025-11-29;11;1491
12;2025-11-29;12;1483
12;2025-11-29;13;1692
12;2025-11-29;14;1599
12;2025-11-29;15;1488
12;2025-11-29;16;1574
12;2025-11-29;17;1530
12;2025-11-29;18;1478
12;2025-11-29;19;1463
12;2025-11-29;20;1082
12;2025-11-29;21;762
12;2025-11-29;22;447
12;2025-11-29;23;297
12;2025-11-30;0;96
12;2025-11-30;1;8
12;2025-11-30;2;0
12;2025-11-30;3;0
12;2025-11-30;4;3
12;2025-11-30;5;177
12;2025-11-30;6;565
12;2025-11-30;7;683
12;2025-11-30;8;757
12;2025-11-30;9;953
12;2025-11-30;10;1178
12;2025-11-30;11;1307
12;2025-11-30;12;1361
12;2025-11-30;13;1573
12;2025-11-30;14;1476
12;2025-11-30;15;1353
12;2025-11-30;16;1491
12;2025-11-30;17;1566
12;2025-11-30;18;1304
12;2025-11-30;19;1082
12;2025-11-30;20;811
12;2025-11-30;21;626
12;2025-11-30;22;426
12;2025-11-30;23;227
12;2025-12-01;0;73
12;2025-12-01;1;4
12;2025-12-01;2;0
12;2025-12-01;3;0
12;2025-12-01;4;6
12;2025-12-01;5;370
12;2025-12-01;6;1472
12;2025-12-01;7;2639
12;2025-12-01;8;3393
12;2025-12-01;9;2448
12;2025-12-01;10;2011
12;2025-12-01;11;1921
12;2025-12-01;12;2005
12;2025-12-01;13;1931
12;2025-12-01;14;1852
12;2025-12-01;15;2169
12;2025-12-01;16;2626
12;2025-12-01;17;2957
12;2025-12-01;18;3201
12;2025-12-01;19;2567
12;2025-12-01;20;1642
12;2025-12-01;21;956
12;2025-12-01;22;507
12;2025-12-01;23;245
12;2025-12-02;0;50
12;2025-12-02;1;1
12;2025-12-02;2;0
12;2025-12-02;3;0
12;2025-12-02;4;6
12;2025-12-02;5;362
12;2025-12-02;6;1471
12;2025-12-02;7;2742
12;2025-12-02;8;3551
12;2025-12-02;9;2534
12;2025-12-02;10;2093
12;2025-12-02;11;2025
12;2025-12-02;12;2025
12;2025-12-02;13;1985
12;2025-12-02;14;1950
12;2025-12-02;15;2194
12;2025-12-02;16;2654
12;2025-12-02;17;3056
12;2025-12-02;18;3266
12;2025-12-02;19;2616
12;2025-12-02;20;1654
12;2025-12-02;21;974
12;2025-12-02;22;528
12;2025-12-02;23;250
12;2025-12-03;0;62
12;2025-12-03;1;2
12;2025-12-03;2;0
12;2025-12-03;3;0
12;2025-12-03;4;8
12;2025-12-03;5;375
12;2025-12-03;6;1479
12;2025-12-03;7;2668
12;2025-12-03;8;3380
12;2025-12-03;9;2530
12;2025-12-03;10;2123
12;2025-12-03;11;2038
12;2025-12-03;12;2063
12;2025-12-03;13;1965
12;2025-12-03;14;1982
12;2025-12-03;15;2206
12;2025-12-03;16;2654
12;2025-12-03;17;3017
12;2025-12-03;18;3262
12;2025-12-03;19;2575
12;2025-12-03;20;1623
12;2025-12-03;21;1042
12;2025-12-03;22;573
12;2025-12-03;23;276
12;2025-12-04;0;58
12;2025-12-04;1;2
12;2025-12-04;2;0
12;2025-12-04;3;0
12;2025-12-04;4;7
12;2025-12-04;5;360
12;2025-12-04;6;1444
12;2025-12-04;7;2700
12;2025-12-04;8;3446
12;2025-12-04;9;2441
12;2025-12-04;10;2067
12;2025-12-04;11;2033
12;2025-12-04;12;2109
12;2025-12-04;13;2045
12;2025-12-04;14;1986
12;2025-12-04;15;2256
12;2025-12-04;16;2731
12;2025-12-04;17;3024
12;2025-12-04;18;3272
12;2025-12-04;19;2626
12;2025-12-04;20;1677
12;2025-12-04;21;1001
12;2025-12-04;22;520
12;2025-12-04;23;281
12;2025-12-05;0;65
12;2025-12-05;1;2
12;2025-12-05;2;0
12;2025-12-05;3;0
12;2025-12-05;4;6
12;2025-12-05;5;363
12;2025-12-05;6;1472
12;2025-12-05;7;2612
12;2025-12-05;8;3413
12;2025-12-05;9;2457
12;2025-12-05;10;1994
12;2025-12-05;11;2041
12;2025-12-05;12;2029
12;2025-12-05;13;2016
12;2025-12-05;14;2043
12;2025-12-05;15;2384
12;2025-12-05;16;2928
12;2025-12-05;17;3003
12;2025-12-05;18;2690
12;2025-12-05;19;2324
12;2025-12-05;20;1538
12;2025-12-05;21;1052
12;2025-12-05;22;559
12;2025-12-05;23;318
12;2025-12-06;0;89
12;2025-12-06;1;3
12;2025-12-06;2;0
12;2025-12-06;3;0
12;2025-12-06;4;3
12;2025-12-06;5;278
12;2025-12-06;6;888
12;2025-12-06;7;930
12;2025-12-06;8;1030
12;2025-12-06;9;1199
12;2025-12-06;10;1424
12;2025-12-06;11;1479
12;2025-12-06;12;1471
12;2025-12-06;13;1678
12;2025-12-06;14;1586
12;2025-12-06;15;1476
12;2025-12-06;16;1561
12;2025-12-06;17;1517
12;2025-12-06;18;1466
12;2025-12-06;19;1451
12;2025-12-06;20;1073
12;2025-12-06;21;755
12;2025-12-06;22;443
12;2025-12-06;23;295
12;2025-12-07;0;98
12;2025-12-07;1;8
12;2025-12-07;2;0
12;2025-12-07;3;0
12;2025-12-07;4;3
12;2025-12-07;5;181
12;2025-12-07;6;578
12;2025-12-07;7;698
12;2025-12-07;8;773
12;2025-12-07;9;974
12;2025-12-07;10;1204
12;2025-12-07;11;1335
12;2025-12-07;12;1391
12;2025-12-07;13;1607
12;2025-12-07;14;1508
12;2025-12-07;15;1383
12;2025-12-07;16;1523
12;2025-12-07;17;1600
12;2025-12-07;18;1333
12;2025-12-07;19;1105
12;2025-12-07;20;829
12;2025-12-07;21;639
12;2025-12-07;22;435
12;2025-12-07;23;232
12;2025-12-08;0;75
12;2025-12-08;1;4
12;2025-12-08;2;0
12;2025-12-08;3;0
12;2025-12-08;4;6
12;2025-12-08;5;380
12;2025-12-08;6;1509
12;2025-12-08;7;2706
12;2025-12-08;8;3478
12;2025-12-08;9;2510
12;2025-12-08;10;2062
12;2025-12-08;11;1969
12;2025-12-08;12;2055
12;2025-12-08;13;1980
12;2025-12-08;14;1899
12;2025-12-08;15;2224
12;2025-12-08;16;2692
12;2025-12-08;17;3032
12;2025-12-08;18;3281
12;2025-12-08;19;2631
12;2025-12-08;20;1684
12;2025-12-08;21;980
12;2025-12-08;22;520
12;2025-12-08;23;252
12;2025-12-09;0;51
12;2025-12-09;1;1
12;2025-12-09;2;0
12;2025-12-09;3;0
12;2025-12-09;4;7
12;2025-12-09;5;374
12;2025-12-09;6;1520
12;2025-12-09;7;2832
12;2025-12-09;8;3667
12;2025-12-09;9;2618
12;2025-12-09;10;2161
12;2025-12-09;11;2092
12;2025-12-09;12;2092
12;2025-12-09;13;2050
12;2025-12-09;14;2014
12;2025-12-09;15;2266
12;2025-12-09;16;2741
12;2025-12-09;17;3157
12;2025-12-09;18;3373
12;2025-12-09;19;2702
12;2025-12-09;20;1708
12;2025-12-09;21;1006
12;2025-12-09;22;545
12;2025-12-09;23;258
12;2025-12-10;0;63
12;2025-12-10;1;2
12;2025-12-10;2;0
12;2025-12-10;3;0
12;2025-12-10;4;9
12;2025-12-10;5;382
12;2025-12-10;6;1508
12;2025-12-10;7;2719
12;2025-12-10;8;3444
12;2025-12-10;9;2579
12;2025-12-10;10;2164
12;2025-12-10;11;2077
12;2025-12-10;12;2102
12;2025-12-10;13;2003
12;2025-12-10;14;2020
12;2025-12-10;15;2248
12;2025-12-10;16;2704
12;2025-12-10;17;3075
12;2025-12-10;18;3325
12;2025-12-10;19;2624
12;2025-12-10;20;1654
12;2025-12-10;21;1062
12;2025-12-10;22;584
12;2025-12-10;23;281
12;2025-12-11;0;57
12;2025-12-11;1;2
12;2025-12-11;2;0
12;2025-12-11;3;0
12;2025-12-11;4;7
12;2025-12-11;5;356
12;2025-12-11;6;1426
12;2025-12-11;7;2666
12;2025-12-11;8;3403
12;2025-12-11;9;2410
12;2025-12-11;10;2041
12;2025-12-11;11;2008
12;2025-12-11;12;2083
12;2025-12-11;13;2020
12;2025-12-11;14;1961
12;2025-12-11;15;2228
12;2025-12-11;16;2697
12;2025-12-11;17;2986
12;2025-12-11;18;3232
12;2025-12-11;19;2593
12;2025-12-11;20;1656
12;2025-12-11;21;988
12;2025-12-11;22;513
12;2025-12-11;23;278
12;2025-12-12;0;64
12;2025-12-12;1;2
12;2025-12-12;2;0
12;2025-12-12;3;0
12;2025-12-12;4;6
12;2025-12-12;5;356
12;2025-12-12;6;1444
12;2025-12-12;7;2562
12;2025-12-12;8;3347
12;2025-12-12;9;2410
12;2025-12-12;10;1955
12;2025-12-12;11;2002
12;2025-12-12;12;1990
12;2025-12-12;13;1977
12;2025-12-12;14;2004
12;2025-12-12;15;2338
12;2025-12-12;16;2871
12;2025-12-12;17;2945
12;2025-12-12;18;2638
12;2025-12-12;19;2279
12;2025-12-12;20;1508
12;2025-12-12;21;1031
12;2025-12-12;22;548
12;2025-12-12;23;312
12;2025-12-13;0;88
12;2025-12-13;1;3
12;2025-12-13;2;0
12;2025-12-13;3;0
12;2025-12-13;4;3
12;2025-12-13;5;276
12;2025-12-13;6;883
12;2025-12-13;7;925
12;2025-12-13;8;1025
12;2025-12-13;9;1192
12;2025-12-13;10;1416
12;2025-12-13;11;1470
12;2025-12-13;12;1463
12;2025-12-13;13;1669
12;2025-12-13;14;1577
12;2025-12-13;15;1467
12;2025-12-13;16;1552
12;2025-12-13;17;1509
12;2025-12-13;18;1458
12;2025-12-13;19;1443
12;2025-12-13;20;1067
12;2025-12-13;21;751
12;2025-12-13;22;441
12;2025-12-13;23;293
12;2025-12-14;0;98
12;2025-12-14;1;8
12;2025-12-14;2;0
12;2025-12-14;3;0
12;2025-12-14;4;3
12;2025-12-14;5;180
12;2025-12-14;6;577
12;2025-12-14;7;697
12;2025-12-14;8;772
12;2025-12-14;9;973
12;2025-12-14;10;1203
12;2025-12-14;11;1334
12;2025-12-14;12;1390
12;2025-12-14;13;1605
12;2025-12-14;14;1506
12;2025-12-14;15;1381
12;2025-12-14;16;1522
12;2025-12-14;17;1598
12;2025-12-14;18;1331
12;2025-12-14;19;1104
12;2025-12-14;20;828
12;2025-12-14;21;639
12;2025-12-14;22;435
12;2025-12-14;23;231
12;2025-12-15;0;76
12;2025-12-15;1;4
12;2025-12-15;2;0
12;2025-12-15;3;0
12;2025-12-15;4;6
12;2025-12-15;5;382
12;2025-12-15;6;1516
12;2025-12-15;7;2718
12;2025-12-15;8;3494
12;2025-12-15;9;2521
12;2025-12-15;10;2072
12;2025-12-15;11;1978
12;2025-12-15;12;2065
12;2025-12-15;13;1989
12;2025-12-15;14;1908
12;2025-12-15;15;2234
12;2025-12-15;16;2704
12;2025-12-15;17;3046
12;2025-12-15;18;3296
12;2025-12-15;19;2643
12;2025-12-15;20;1691
12;2025-12-15;21;984
12;2025-12-15;22;523
12;2025-12-15;23;253
12;2025-12-16;0;51
12;2025-12-16;1;1
12;2025-12-16;2;0
12;2025-12-16;3;0
12;2025-12-16;4;7
12;2025-12-16;5;372
12;2025-12-16;6;1510
12;2025-12-16;7;2813
12;2025-12-16;8;3643
12;2025-12-16;9;2600
12;2025-12-16;10;2147
12;2025-12-16;11;2078
12;2025-12-16;12;2078
12;2025-12-16;13;2036
12;2025-12-16;14;2001
12;2025-12-16;15;2251
12;2025-12-16;16;2723
12;2025-12-16;17;3136
12;2025-12-16;18;3351
12;2025-12-16;19;2684
12;2025-12-16;20;1697
12;2025-12-16;21;999
12;2025-12-16;22;541
12;2025-12-16;23;257
12;2025-12-17;0;64
12;2025-12-17;1;2
12;2025-12-17;2;0
12;2025-12-17;3;0
12;2025-12-17;4;9
12;2025-12-17;5;387
12;2025-12-17;6;1527
12;2025-12-17;7;2755
12;2025-12-17;8;3490
12;2025-12-17;9;2613
12;2025-12-17;10;2193
12;2025-12-17;11;2104
12;2025-12-17;12;2130
12;2025-12-17;13;2029
12;2025-12-17;14;2047
12;2025-12-17;15;2278
12;2025-12-17;16;2740
12;2025-12-17;17;3115
12;2025-12-17;18;3369
12;2025-12-17;19;2659
12;2025-12-17;20;1676
12;2025-12-17;21;1076
12;2025-12-17;22;592
12;2025-12-17;23;285
12;2025-12-18;0;59
12;2025-12-18;1;3
12;2025-12-18;2;0
12;2025-12-18;3;0
12;2025-12-18;4;8
12;2025-12-18;5;370
12;2025-12-18;6;1484
12;2025-12-18;7;2775
12;2025-12-18;8;3542
12;2025-12-18;9;2509
12;2025-12-18;10;2124
12;2025-12-18;11;2090
12;2025-12-18;12;2168
12;2025-12-18;13;2102
12;2025-12-18;14;2041
12;2025-12-18;15;2319
12;2025-12-18;16;2807
12;2025-12-18;17;3108
12;2025-12-18;18;3363
12;2025-12-18;19;2698
12;2025-12-18;20;1723
12;2025-12-18;21;1029
12;2025-12-18;22;534
12;2025-12-18;23;289
12;2025-12-19;0;66
12;2025-12-19;1;2
12;2025-12-19;2;0
12;2025-12-19;3;0
12;2025-12-19;4;6
12;2025-12-19;5;369
12;2025-12-19;6;1498
12;2025-12-19;7;2657
12;2025-12-19;8;3471
12;2025-12-19;9;2499
12;2025-12-19;10;2028
12;2025-12-19;11;2076
12;2025-12-19;12;2064
12;2025-12-19;13;2051
12;2025-12-19;14;2078
12;2025-12-19;15;2424
12;2025-12-19;16;2978
12;2025-12-19;17;3055
12;2025-12-19;18;2736
12;2025-12-19;19;2364
12;2025-12-19;20;1564
12;2025-12-19;21;1070
12;2025-12-19;22;569
12;2025-12-19;23;324
12;2025-12-20;0;91
12;2025-12-20;1;3
12;2025-12-20;2;0
12;2025-12-20;3;0
12;2025-12-20;4;3
12;2025-12-20;5;285
12;2025-12-20;6;911
12;2025-12-20;7;955
12;2025-12-20;8;1058
12;2025-12-20;9;1231
12;2025-12-20;10;1462
12;2025-12-20;11;1518
12;2025-12-20;12;1510
12;2025-12-20;13;1723
12;2025-12-20;14;1628
12;2025-12-20;15;1515
12;2025-12-20;16;1602
12;2025-12-20;17;1558
12;2025-12-20;18;1505
12;2025-12-20;19;1490
12;2025-12-20;20;1101
12;2025-12-20;21;776
12;2025-12-20;22;455
12;2025-12-20;23;303
12;2025-12-21;0;98
12;2025-12-21;1;8
12;2025-12-21;2;0
12;2025-12-21;3;0
12;2025-12-21;4;3
12;2025-12-21;5;180
12;2025-12-21;6;576
12;2025-12-21;7;695
12;2025-12-21;8;771
12;2025-12-21;9;970
12;2025-12-21;10;1200
12;2025-12-21;11;1331
12;2025-12-21;12;1386
12;2025-12-21;13;1601
12;2025-12-21;14;1503
12;2025-12-21;15;1378
12;2025-12-21;16;1518
12;2025-12-21;17;1594
12;2025-12-21;18;1328
12;2025-12-21;19;1102
12;2025-12-21;20;826
12;2025-12-21;21;637
12;2025-12-21;22;434
12;2025-12-21;23;231
12;2025-12-22;0;74
12;2025-12-22;1;4
12;2025-12-22;2;0
12;2025-12-22;3;0
12;2025-12-22;4;6
12;2025-12-22;5;376
12;2025-12-22;6;1493
12;2025-12-22;7;2677
12;2025-12-22;8;3442
12;2025-12-22;9;2483
12;2025-12-22;10;2040
12;2025-12-22;11;1949
12;2025-12-22;12;2034
12;2025-12-22;13;1959
12;2025-12-22;14;1879
12;2025-12-22;15;2200
12;2025-12-22;16;2663
12;2025-12-22;17;3000
12;2025-12-22;18;3247
12;2025-12-22;19;2604
12;2025-12-22;20;1666
12;2025-12-22;21;970
12;2025-12-22;22;515
12;2025-12-22;23;249
12;2025-12-23;0;52
12;2025-12-23;1;1
12;2025-12-23;2;0
12;2025-12-23;3;0
12;2025-12-23;4;7
12;2025-12-23;5;377
12;2025-12-23;6;1533
12;2025-12-23;7;2857
12;2025-12-23;8;3700
12;2025-12-23;9;2641
12;2025-12-23;10;2181
12;2025-12-23;11;2110
12;2025-12-23;12;2110
12;2025-12-23;13;2068
12;2025-12-23;14;2032
12;2025-12-23;15;2286
12;2025-12-23;16;2765
12;2025-12-23;17;3185
12;2025-12-23;18;3403
12;2025-12-23;19;2726
12;2025-12-23;20;1724
12;2025-12-23;21;1015
12;2025-12-23;22;550
12;2025-12-23;23;261
12;2025-12-24;0;64
12;2025-12-24;1;2
12;2025-12-24;2;0
12;2025-12-24;3;0
12;2025-12-24;4;9
12;2025-12-24;5;386
12;2025-12-24;6;1525
12;2025-12-24;7;2750
12;2025-12-24;8;3484
12;2025-12-24;9;2608
12;2025-12-24;10;2189
12;2025-12-24;11;2100
12;2025-12-24;12;2126
12;2025-12-24;13;2026
12;2025-12-24;14;2043
12;2025-12-24;15;2274
12;2025-12-24;16;2735
12;2025-12-24;17;3110
12;2025-12-24;18;3363
12;2025-12-24;19;2654
12;2025-12-24;20;1673
12;2025-12-24;21;1075
12;2025-12-24;22;591
12;2025-12-24;23;285
12;2025-12-25;0;58
12;2025-12-25;1;3
12;2025-12-25;2;0
12;2025-12-25;3;0
12;2025-12-25;4;8
12;2025-12-25;5;364
12;2025-12-25;6;1459
12;2025-12-25;7;2729
12;2025-12-25;8;3484
12;2025-12-25;9;2468
12;2025-12-25;10;2089
12;2025-12-25;11;2055
12;2025-12-25;12;2132
12;2025-12-25;13;2067
12;2025-12-25;14;2008
12;2025-12-25;15;2281
12;2025-12-25;16;2761
12;2025-12-25;17;3057
12;2025-12-25;18;3308
12;2025-12-25;19;2654
12;2025-12-25;20;1695
12;2025-12-25;21;1012
12;2025-12-25;22;525
12;2025-12-25;23;284
12;2025-12-26;0;64
12;2025-12-26;1;2
12;2025-12-26;2;0
12;2025-12-26;3;0
12;2025-12-26;4;6
12;2025-12-26;5;358
12;2025-12-26;6;1453
12;2025-12-26;7;2577
12;2025-12-26;8;3368
12;2025-12-26;9;2425
12;2025-12-26;10;1967
12;2025-12-26;11;2014
12;2025-12-26;12;2002
12;2025-12-26;13;1990
12;2025-12-26;14;2016
12;2025-12-26;15;2352
12;2025-12-26;16;2889
12;2025-12-26;17;2963
12;2025-12-26;18;2654
12;2025-12-26;19;2294
12;2025-12-26;20;1517
12;2025-12-26;21;1038
12;2025-12-26;22;552
12;2025-12-26;23;314
12;2025-12-27;0;91
12;2025-12-27;1;3
12;2025-12-27;2;0
12;2025-12-27;3;0
12;2025-12-27;4;3
12;2025-12-27;5;284
12;2025-12-27;6;908
12;2025-12-27;7;951
12;2025-12-27;8;1053
12;2025-12-27;9;1225
12;2025-12-27;10;1456
12;2025-12-27;11;1511
12;2025-12-27;12;1504
12;2025-12-27;13;1716
12;2025-12-27;14;1621
12;2025-12-27;15;1508
12;2025-12-27;16;1596
12;2025-12-27;17;1551
12;2025-12-27;18;1499
12;2025-12-27;19;1483
12;2025-12-27;20;1097
12;2025-12-27;21;772
12;2025-12-27;22;453
12;2025-12-27;23;302
12;2025-12-28;0;97
12;2025-12-28;1;8
12;2025-12-28;2;0
12;2025-12-28;3;0
12;2025-12-28;4;3
12;2025-12-28;5;178
12;2025-12-28;6;569
12;2025-12-28;7;687
12;2025-12-28;8;762
12;2025-12-28;9;959
12;2025-12-28;10;1186
12;2025-12-28;11;1315
12;2025-12-28;12;1370
12;2025-12-28;13;1583
12;2025-12-28;14;1485
12;2025-12-28;15;1362
12;2025-12-28;16;1501
12;2025-12-28;17;1576
12;2025-12-28;18;1313
12;2025-12-28;19;1089
12;2025-12-28;20;817
12;2025-12-28;21;630
12;2025-12-28;22;429
12;2025-12-28;23;228
12;2025-12-29;0;74
12;2025-12-29;1;4
12;2025-12-29;2;0
12;2025-12-29;3;0
12;2025-12-29;4;6
12;2025-12-29;5;375
12;2025-12-29;6;1491
12;2025-12-29;7;2674
12;2025-12-29;8;3438
12;2025-12-29;9;2480
12;2025-12-29;10;2038
12;2025-12-29;11;1946
12;2025-12-29;12;2031
12;2025-12-29;13;1957
12;2025-12-29;14;1877
12;2025-12-29;15;2198
12;2025-12-29;16;2660
12;2025-12-29;17;2996
12;2025-12-29;18;3243
12;2025-12-29;19;2600
12;2025-12-29;20;1664
12;2025-12-29;21;968
12;2025-12-29;22;514
12;2025-12-29;23;249
12;2025-12-30;0;50
12;2025-12-30;1;1
12;2025-12-30;2;0
12;2025-12-30;3;0
12;2025-12-30;4;6
12;2025-12-30;5;367
12;2025-12-30;6;1492
12;2025-12-30;7;2779
12;2025-12-30;8;3599
12;2025-12-30;9;2569
12;2025-12-30;10;2121
12;2025-12-30;11;2053
12;2025-12-30;12;2053
12;2025-12-30;13;2012
12;2025-12-30;14;1977
12;2025-12-30;15;2224
12;2025-12-30;16;2690
12;2025-12-30;17;3098
12;2025-12-30;18;3310
12;2025-12-30;19;2652
12;2025-12-30;20;1677
12;2025-12-30;21;987
12;2025-12-30;22;535
12;2025-12-30;23;253
12;2025-12-31;0;83
12;2025-12-31;1;6
12;2025-12-31;2;0
12;2025-12-31;3;0
12;2025-12-31;4;2
12;2025-12-31;5;214
12;2025-12-31;6;666
12;2025-12-31;7;710
12;2025-12-31;8;752
12;2025-12-31;9;924
12;2025-12-31;10;1115
12;2025-12-31;11;1173
12;2025-12-31;12;1195
12;2025-12-31;13;1431
12;2025-12-31;14;1417
12;2025-12-31;15;1305
12;2025-12-31;16;1316
12;2025-12-31;17;1314
12;2025-12-31;18;1244
12;2025-12-31;19;1114
12;2025-12-31;20;900
12;2025-12-31;21;624
12;2025-12-31;22;388
12;2025-12-31;23;241
17;2025-11-01;0;154
17;2025-11-01;1;16
17;2025-11-01;2;0
17;2025-11-01;3;0
17;2025-11-01;4;26
17;2025-11-01;5;318
17;2025-11-01;6;1528
17;2025-11-01;7;3898
17;2025-11-01;8;5129
17;2025-11-01;9;3715
17;2025-11-01;10;2960
17;2025-11-01;11;2992
17;2025-11-01;12;3024
17;2025-11-01;13;3106
17;2025-11-01;14;3182
17;2025-11-01;15;3489
17;2025-11-01;16;4047
17;2025-11-01;17;4548
17;2025-11-01;18;4428
17;2025-11-01;19;3306
17;2025-11-01;20;2407
17;2025-11-01;21;1635
17;2025-11-01;22;946
17;2025-11-01;23;473
17;2025-11-02;0;190
17;2025-11-02;1;23
17;2025-11-02;2;0
17;2025-11-02;3;0
17;2025-11-02;4;4
17;2025-11-02;5;115
17;2025-11-02;6;434
17;2025-11-02;7;870
17;2025-11-02;8;1295
17;2025-11-02;9;1674
17;2025-11-02;10;1859
17;2025-11-02;11;2210
17;2025-11-02;12;2568
17;2025-11-02;13;2782
17;2025-11-02;14;2787
17;2025-11-02;15;2864
17;2025-11-02;16;2824
17;2025-11-02;17;2776
17;2025-11-02;18;2563
17;2025-11-02;19;2184
17;2025-11-02;20;1754
17;2025-11-02;21;1321
17;2025-11-02;22;836
17;2025-11-02;23;377
17;2025-11-03;0;183
17;2025-11-03;1;22
17;2025-11-03;2;0
17;2025-11-03;3;0
17;2025-11-03;4;4
17;2025-11-03;5;111
17;2025-11-03;6;420
17;2025-11-03;7;840
17;2025-11-03;8;1251
17;2025-11-03;9;1617
17;2025-11-03;10;1795
17;2025-11-03;11;2134
17;2025-11-03;12;2480
17;2025-11-03;13;2687
17;2025-11-03;14;2691
17;2025-11-03;15;2766
17;2025-11-03;16;2727
17;2025-11-03;17;2681
17;2025-11-03;18;2475
17;2025-11-03;19;2109
17;2025-11-03;20;1694
17;2025-11-03;21;1275
17;2025-11-03;22;807
17;2025-11-03;23;364
17;2025-11-04;0;183
17;2025-11-04;1;22
17;2025-11-04;2;0
17;2025-11-04;3;0
17;2025-11-04;4;4
17;2025-11-04;5;110
17;2025-11-04;6;418
17;2025-11-04;7;837
17;2025-11-04;8;1247
17;2025-11-04;9;1611
17;2025-11-04;10;1789
17;2025-11-04;11;2127
17;2025-11-04;12;2472
17;2025-11-04;13;2678
17;2025-11-04;14;2682
17;2025-11-04;15;2756
17;2025-11-04;16;2718
17;2025-11-04;17;2672
17;2025-11-04;18;2467
17;2025-11-04;19;2102
17;2025-11-04;20;1688
17;2025-11-04;21;1271
17;2025-11-04;22;805
17;2025-11-04;23;363
17;2025-11-05;0;130
17;2025-11-05;1;12
17;2025-11-05;2;0
17;2025-11-05;3;0
17;2025-11-05;4;29
17;2025-11-05;5;329
17;2025-11-05;6;1534
17;2025-11-05;7;3919
17;2025-11-05;8;5227
17;2025-11-05;9;3765
17;2025-11-05;10;3010
17;2025-11-05;11;2925
17;2025-11-05;12;2992
17;2025-11-05;13;3037
17;2025-11-05;14;3052
17;2025-11-05;15;3231
17;2025-11-05;16;3604
17;2025-11-05;17;4404
17;2025-11-05;18;4941
17;2025-11-05;19;3587
17;2025-11-05;20;2453
17;2025-11-05;21;1596
17;2025-11-05;22;864
17;2025-11-05;23;400
17;2025-11-06;0;141
17;2025-11-06;1;11
17;2025-11-06;2;0
17;2025-11-06;3;0
17;2025-11-06;4;26
17;2025-11-06;5;321
17;2025-11-06;6;1535
17;2025-11-06;7;3908
17;2025-11-06;8;5182
17;2025-11-06;9;3746
17;2025-11-06;10;2966
17;2025-11-06;11;2895
17;2025-11-06;12;2993
17;2025-11-06;13;3048
17;2025-11-06;14;3045
17;2025-11-06;15;3183
17;2025-11-06;16;3626
17;2025-11-06;17;4426
17;2025-11-06;18;4960
17;2025-11-06;19;3573
17;2025-11-06;20;2491
17;2025-11-06;21;1553
17;2025-11-06;22;879
17;2025-11-06;23;422
17;2025-11-07;0;153
17;2025-11-07;1;16
17;2025-11-07;2;0
17;2025-11-07;3;0
17;2025-11-07;4;26
17;2025-11-07;5;316
17;2025-11-07;6;1515
17;2025-11-07;7;3866
17;2025-11-07;8;5087
17;2025-11-07;9;3684
17;2025-11-07;10;2936
17;2025-11-07;11;2968
17;2025-11-07;12;2999
17;2025-11-07;13;3080
17;2025-11-07;14;3156
17;2025-11-07;15;3460
17;2025-11-07;16;4013
17;2025-11-07;17;4511
17;2025-11-07;18;4391
17;2025-11-07;19;3279
17;2025-11-07;20;2387
17;2025-11-07;21;1621
17;2025-11-07;22;938
17;2025-11-07;23;469
17;2025-11-08;0;208
17;2025-11-08;1;26
17;2025-11-08;2;0
17;2025-11-08;3;0
17;2025-11-08;4;6
17;2025-11-08;5;133
17;2025-11-08;6;572
17;2025-11-08;7;1237
17;2025-11-08;8;1748
17;2025-11-08;9;2155
17;2025-11-08;10;2369
17;2025-11-08;11;2756
17;2025-11-08;12;3031
17;2025-11-08;13;3207
17;2025-11-08;14;3230
17;2025-11-08;15;3294
17;2025-11-08;16;3247
17;2025-11-08;17;3203
17;2025-11-08;18;2949
17;2025-11-08;19;2450
17;2025-11-08;20;2045
17;2025-11-08;21;1499
17;2025-11-08;22;983
17;2025-11-08;23;467
17;2025-11-09;0;211
17;2025-11-09;1;28
17;2025-11-09;2;0
17;2025-11-09;3;0
17;2025-11-09;4;3
17;2025-11-09;5;114
17;2025-11-09;6;442
17;2025-11-09;7;824
17;2025-11-09;8;1258
17;2025-11-09;9;1723
17;2025-11-09;10;2006
17;2025-11-09;11;2439
17;2025-11-09;12;2785
17;2025-11-09;13;3093
17;2025-11-09;14;3132
17;2025-11-09;15;3149
17;2025-11-09;16;2999
17;2025-11-09;17;2980
17;2025-11-09;18;2692
17;2025-11-09;19;2196
17;2025-11-09;20;1742
17;2025-11-09;21;1224
17;2025-11-09;22;816
17;2025-11-09;23;343
17;2025-11-10;0;121
17;2025-11-10;1;14
17;2025-11-10;2;0
17;2025-11-10;3;0
17;2025-11-10;4;27
17;2025-11-10;5;319
17;2025-11-10;6;1523
17;2025-11-10;7;3977
17;2025-11-10;8;5348
17;2025-11-10;9;3746
17;2025-11-10;10;2896
17;2025-11-10;11;2847
17;2025-11-10;12;2909
17;2025-11-10;13;2936
17;2025-11-10;14;2940
17;2025-11-10;15;3163
17;2025-11-10;16;3550
17;2025-11-10;17;4421
17;2025-11-10;18;5105
17;2025-11-10;19;3608
17;2025-11-10;20;2419
17;2025-11-10;21;1455
17;2025-11-10;22;804
17;2025-11-10;23;339
17;2025-11-11;0;119
17;2025-11-11;1;10
17;2025-11-11;2;0
17;2025-11-11;3;0
17;2025-11-11;4;27
17;2025-11-11;5;317
17;2025-11-11;6;1577
17;2025-11-11;7;4054
17;2025-11-11;8;5466
17;2025-11-11;9;3917
17;2025-11-11;10;3036
17;2025-11-11;11;2911
17;2025-11-11;12;3004
17;2025-11-11;13;3038
17;2025-11-11;14;3102
17;2025-11-11;15;3209
17;2025-11-11;16;3608
17;2025-11-11;17;4549
17;2025-11-11;18;5148
17;2025-11-11;19;3674
17;2025-11-11;20;2518
17;2025-11-11;21;1535
17;2025-11-11;22;834
17;2025-11-11;23;381
17;2025-11-12;0;129
17;2025-11-12;1;12
17;2025-11-12;2;0
17;2025-11-12;3;0
17;2025-11-12;4;28
17;2025-11-12;5;327
17;2025-11-12;6;1526
17;2025-11-12;7;3898
17;2025-11-12;8;5200
17;2025-11-12;9;3745
17;2025-11-12;10;2994
17;2025-11-12;11;2909
17;2025-11-12;12;2977
17;2025-11-12;13;3021
17;2025-11-12;14;3036
17;2025-11-12;15;3214
17;2025-11-12;16;3585
17;2025-11-12;17;4381
17;2025-11-12;18;4915
17;2025-11-12;19;3568
17;2025-11-12;20;2440
17;2025-11-12;21;1588
17;2025-11-12;22;859
17;2025-11-12;23;398
17;2025-11-13;0;143
17;2025-11-13;1;11
17;2025-11-13;2;0
17;2025-11-13;3;0
17;2025-11-13;4;27
17;2025-11-13;5;327
17;2025-11-13;6;1565
17;2025-11-13;7;3984
17;2025-11-13;8;5282
17;2025-11-13;9;3818
17;2025-11-13;10;3023
17;2025-11-13;11;2951
17;2025-11-13;12;3051
17;2025-11-13;13;3107
17;2025-11-13;14;3104
17;2025-11-13;15;3245
17;2025-11-13;16;3697
17;2025-11-13;17;4512
17;2025-11-13;18;5056
17;2025-11-13;19;3643
17;2025-11-13;20;2539
17;2025-11-13;21;1583
17;2025-11-13;22;896
17;2025-11-13;23;430
17;2025-11-14;0;156
17;2025-11-14;1;16
17;2025-11-14;2;0
17;2025-11-14;3;0
17;2025-11-14;4;26
17;2025-11-14;5;322
17;2025-11-14;6;1548
17;2025-11-14;7;3950
17;2025-11-14;8;5198
17;2025-11-14;9;3764
17;2025-11-14;10;3000
17;2025-11-14;11;3032
17;2025-11-14;12;3064
17;2025-11-14;13;3147
17;2025-11-14;14;3225
17;2025-11-14;15;3535
17;2025-11-14;16;4101
17;2025-11-14;17;4609
17;2025-11-14;18;4487
17;2025-11-14;19;3350
17;2025-11-14;20;2439
17;2025-11-14;21;1656
17;2025-11-14;22;959
17;2025-11-14;23;479
17;2025-11-15;0;190
17;2025-11-15;1;24
17;2025-11-15;2;0
17;2025-11-15;3;0
17;2025-11-15;4;5
17;2025-11-15;5;121
17;2025-11-15;6;522
17;2025-11-15;7;1128
17;2025-11-15;8;1595
17;2025-11-15;9;1967
17;2025-11-15;10;2161
17;2025-11-15;11;2515
17;2025-11-15;12;2766
17;2025-11-15;13;2927
17;2025-11-15;14;2947
17;2025-11-15;15;3005
17;2025-11-15;16;2963
17;2025-11-15;17;2922
17;2025-11-15;18;2690
17;2025-11-15;19;2236
17;2025-11-15;20;1866
17;2025-11-15;21;1368
17;2025-11-15;22;897
17;2025-11-15;23;426
17;2025-11-16;0;212
17;2025-11-16;1;28
17;2025-11-16;2;0
17;2025-11-16;3;0
17;2025-11-16;4;3
17;2025-11-16;5;115
17;2025-11-16;6;445
17;2025-11-16;7;828
17;2025-11-16;8;1265
17;2025-11-16;9;1732
17;2025-11-16;10;2016
17;2025-11-16;11;2452
17;2025-11-16;12;2799
17;2025-11-16;13;3109
17;2025-11-16;14;3148
17;2025-11-16;15;3165
17;2025-11-16;16;3014
17;2025-11-16;17;2995
17;2025-11-16;18;2706
17;2025-11-16;19;2207
17;2025-11-16;20;1750
17;2025-11-16;21;1230
17;2025-11-16;22;820
17;2025-11-16;23;345
17;2025-11-17;0;119
17;2025-11-17;1;14
17;2025-11-17;2;0
17;2025-11-17;3;0
17;2025-11-17;4;26
17;2025-11-17;5;313
17;2025-11-17;6;1491
17;2025-11-17;7;3896
17;2025-11-17;8;5238
17;2025-11-17;9;3669
17;2025-11-17;10;2837
17;2025-11-17;11;2788
17;2025-11-17;12;2849
17;2025-11-17;13;2876
17;2025-11-17;14;2879
17;2025-11-17;15;3098
17;2025-11-17;16;3477
17;2025-11-17;17;4330
17;2025-11-17;18;5000
17;2025-11-17;19;3533
17;2025-11-17;20;2369
17;2025-11-17;21;1425
17;2025-11-17;22;787
17;2025-11-17;23;332
17;2025-11-18;0;113
17;2025-11-18;1;10
17;2025-11-18;2;0
17;2025-11-18;3;0
17;2025-11-18;4;26
17;2025-11-18;5;301
17;2025-11-18;6;1498
17;2025-11-18;7;3852
17;2025-11-18;8;5194
17;2025-11-18;9;3722
17;2025-11-18;10;2885
17;2025-11-18;11;2766
17;2025-11-18;12;2854
17;2025-11-18;13;2887
17;2025-11-18;14;2948
17;2025-11-18;15;3049
17;2025-11-18;16;3429
17;2025-11-18;17;4322
17;2025-11-18;18;4891
17;2025-11-18;19;3491
17;2025-11-18;20;2393
17;2025-11-18;21;1458
17;2025-11-18;22;792
17;2025-11-18;23;362
17;2025-11-19;0;131
17;2025-11-19;1;12
17;2025-11-19;2;0
17;2025-11-19;3;0
17;2025-11-19;4;29
17;2025-11-19;5;332
17;2025-11-19;6;1552
17;2025-11-19;7;3963
17;2025-11-19;8;5287
17;2025-11-19;9;3808
17;2025-11-19;10;3044
17;2025-11-19;11;2958
17;2025-11-19;12;3027
17;2025-11-19;13;3071
17;2025-11-19;14;3087
17;2025-11-19;15;3268
17;2025-11-19;16;3646
17;2025-11-19;17;4455
17;2025-11-19;18;4997
17;2025-11-19;19;3628
17;2025-11-19;20;2481
17;2025-11-19;21;1615
17;2025-11-19;22;874
17;2025-11-19;23;404
17;2025-11-20;0;144
17;2025-11-20;1;11
17;2025-11-20;2;0
17;2025-11-20;3;0
17;2025-11-20;4;27
17;2025-11-20;5;328
17;2025-11-20;6;1572
17;2025-11-20;7;4003
17;2025-11-20;8;5308
17;2025-11-20;9;3837
17;2025-11-20;10;3038
17;2025-11-20;11;2965
17;2025-11-20;12;3066
17;2025-11-20;13;3122
17;2025-11-20;14;3119
17;2025-11-20;15;3260
17;2025-11-20;16;3714
17;2025-11-20;17;4534
17;2025-11-20;18;5081
17;2025-11-20;19;3660
17;2025-11-20;20;2552
17;2025-11-20;21;1591
17;2025-11-20;22;901
17;2025-11-20;23;432
17;2025-11-21;0;155
17;2025-11-21;1;16
17;2025-11-21;2;0
17;2025-11-21;3;0
17;2025-11-21;4;26
17;2025-11-21;5;321
17;2025-11-21;6;1541
17;2025-11-21;7;3932
17;2025-11-21;8;5174
17;2025-11-21;9;3747
17;2025-11-21;10;2986
17;2025-11-21;11;3018
17;2025-11-21;12;3050
17;2025-11-21;13;3133
17;2025-11-21;14;3210
17;2025-11-21;15;3519
17;2025-11-21;16;4082
17;2025-11-21;17;4588
17;2025-11-21;18;4466
17;2025-11-21;19;3335
17;2025-11-21;20;2428
17;2025-11-21;21;1649
17;2025-11-21;22;954
17;2025-11-21;23;477
17;2025-11-22;0;200
17;2025-11-22;1;25
17;2025-11-22;2;0
17;2025-11-22;3;0
17;2025-11-22;4;5
17;2025-11-22;5;128
17;2025-11-22;6;549
17;2025-11-22;7;1187
17;2025-11-22;8;1678
17;2025-11-22;9;2069
17;2025-11-22;10;2274
17;2025-11-22;11;2646
17;2025-11-22;12;2910
17;2025-11-22;13;3079
17;2025-11-22;14;3101
17;2025-11-22;15;3162
17;2025-11-22;16;3118
17;2025-11-22;17;3075
17;2025-11-22;18;2831
17;2025-11-22;19;2353
17;2025-11-22;20;1963
17;2025-11-22;21;1439
17;2025-11-22;22;944
17;2025-11-22;23;449
17;2025-11-23;0;212
17;2025-11-23;1;28
17;2025-11-23;2;0
17;2025-11-23;3;0
17;2025-11-23;4;3
17;2025-11-23;5;115
17;2025-11-23;6;445
17;2025-11-23;7;829
17;2025-11-23;8;1265
17;2025-11-23;9;1732
17;2025-11-23;10;2016
17;2025-11-23;11;2452
17;2025-11-23;12;2799
17;2025-11-23;13;3109
17;2025-11-23;14;3148
17;2025-11-23;15;3165
17;2025-11-23;16;3015
17;2025-11-23;17;2995
17;2025-11-23;18;2706
17;2025-11-23;19;2207
17;2025-11-23;20;1750
17;2025-11-23;21;1231
17;2025-11-23;22;820
17;2025-11-23;23;345
17;2025-11-24;0;114
17;2025-11-24;1;13
17;2025-11-24;2;0
17;2025-11-24;3;0
17;2025-11-24;4;25
17;2025-11-24;5;300
17;2025-11-24;6;1433
17;2025-11-24;7;3742
17;2025-11-24;8;5031
17;2025-11-24;9;3524
17;2025-11-24;10;2725
17;2025-11-24;11;2678
17;2025-11-24;12;2737
17;2025-11-24;13;2762
17;2025-11-24;14;2766
17;2025-11-24;15;2975
17;2025-11-24;16;3340
17;2025-11-24;17;4159
17;2025-11-24;18;4802
17;2025-11-24;19;3394
17;2025-11-24;20;2276
17;2025-11-24;21;1369
17;2025-11-24;22;756
17;2025-11-24;23;319
17;2025-11-25;0;119
17;2025-11-25;1;10
17;2025-11-25;2;0
17;2025-11-25;3;0
17;2025-11-25;4;28
17;2025-11-25;5;319
17;2025-11-25;6;1585
17;2025-11-25;7;4075
17;2025-11-25;8;5493
17;2025-11-25;9;3936
17;2025-11-25;10;3051
17;2025-11-25;11;2926
17;2025-11-25;12;3019
17;2025-11-25;13;3053
17;2025-11-25;14;3118
17;2025-11-25;15;3225
17;2025-11-25;16;3627
17;2025-11-25;17;4572
17;2025-11-25;18;5173
17;2025-11-25;19;3692
17;2025-11-25;20;2531
17;2025-11-25;21;1542
17;2025-11-25;22;838
17;2025-11-25;23;383
17;2025-11-26;0;124
17;2025-11-26;1;11
17;2025-11-26;2;0
17;2025-11-26;3;0
17;2025-11-26;4;27
17;2025-11-26;5;315
17;2025-11-26;6;1471
17;2025-11-26;7;3757
17;2025-11-26;8;5012
17;2025-11-26;9;3610
17;2025-11-26;10;2886
17;2025-11-26;11;2804
17;2025-11-26;12;2869
17;2025-11-26;13;2912
17;2025-11-26;14;2927
17;2025-11-26;15;3098
17;2025-11-26;16;3456
17;2025-11-26;17;4223
17;2025-11-26;18;4737
17;2025-11-26;19;3439
17;2025-11-26;20;2352
17;2025-11-26;21;1531
17;2025-11-26;22;828
17;2025-11-26;23;383
17;2025-11-27;0;138
17;2025-11-27;1;11
17;2025-11-27;2;0
17;2025-11-27;3;0
17;2025-11-27;4;26
17;2025-11-27;5;314
17;2025-11-27;6;1504
17;2025-11-27;7;3829
17;2025-11-27;8;5076
17;2025-11-27;9;3669
17;2025-11-27;10;2905
17;2025-11-27;11;2836
17;2025-11-27;12;2932
17;2025-11-27;13;2986
17;2025-11-27;14;2983
17;2025-11-27;15;3118
17;2025-11-27;16;3552
17;2025-11-27;17;4336
17;2025-11-27;18;4859
17;2025-11-27;19;3500
17;2025-11-27;20;2440
17;2025-11-27;21;1522
17;2025-11-27;22;861
17;2025-11-27;23;413
17;2025-11-28;0;151
17;2025-11-28;1;16
17;2025-11-28;2;0
17;2025-11-28;3;0
17;2025-11-28;4;25
17;2025-11-28;5;313
17;2025-11-28;6;1501
17;2025-11-28;7;3830
17;2025-11-28;8;5040
17;2025-11-28;9;3650
17;2025-11-28;10;2909
17;2025-11-28;11;2940
17;2025-11-28;12;2971
17;2025-11-28;13;3052
17;2025-11-28;14;3127
17;2025-11-28;15;3428
17;2025-11-28;16;3976
17;2025-11-28;17;4469
17;2025-11-28;18;4350
17;2025-11-28;19;3249
17;2025-11-28;20;2365
17;2025-11-28;21;1606
17;2025-11-28;22;930
17;2025-11-28;23;465
17;2025-11-29;0;211
17;2025-11-29;1;27
17;2025-11-29;2;0
17;2025-11-29;3;0
17;2025-11-29;4;6
17;2025-11-29;5;134
17;2025-11-29;6;578
17;2025-11-29;7;1251
17;2025-11-29;8;1768
17;2025-11-29;9;2180
17;2025-11-29;10;2396
17;2025-11-29;11;2788
17;2025-11-29;12;3066
17;2025-11-29;13;3244
17;2025-11-29;14;3268
17;2025-11-29;15;3332
17;2025-11-29;16;3285
17;2025-11-29;17;3240
17;2025-11-29;18;2983
17;2025-11-29;19;2479
17;2025-11-29;20;2069
17;2025-11-29;21;1516
17;2025-11-29;22;994
17;2025-11-29;23;473
17;2025-11-30;0;211
17;2025-11-30;1;28
17;2025-11-30;2;0
17;2025-11-30;3;0
17;2025-11-30;4;3
17;2025-11-30;5;114
17;2025-11-30;6;443
17;2025-11-30;7;826
17;2025-11-30;8;1260
17;2025-11-30;9;1726
17;2025-11-30;10;2009
17;2025-11-30;11;2443
17;2025-11-30;12;2789
17;2025-11-30;13;3098
17;2025-11-30;14;3137
17;2025-11-30;15;3154
17;2025-11-30;16;3004
17;2025-11-30;17;2985
17;2025-11-30;18;2696
17;2025-11-30;19;2199
17;2025-11-30;20;1744
17;2025-11-30;21;1226
17;2025-11-30;22;817
17;2025-11-30;23;344
17;2025-12-01;0;121
17;2025-12-01;1;14
17;2025-12-01;2;0
17;2025-12-01;3;0
17;2025-12-01;4;27
17;2025-12-01;5;320
17;2025-12-01;6;1525
17;2025-12-01;7;3983
17;2025-12-01;8;5355
17;2025-12-01;9;3751
17;2025-12-01;10;2900
17;2025-12-01;11;2851
17;2025-12-01;12;2913
17;2025-12-01;13;2940
17;2025-12-01;14;2944
17;2025-12-01;15;3167
17;2025-12-01;16;3555
17;2025-12-01;17;4427
17;2025-12-01;18;5112
17;2025-12-01;19;3613
17;2025-12-01;20;2422
17;2025-12-01;21;1457
17;2025-12-01;22;805
17;2025-12-01;23;339
17;2025-12-02;0;119
17;2025-12-02;1;10
17;2025-12-02;2;0
17;2025-12-02;3;0
17;2025-12-02;4;27
17;2025-12-02;5;317
17;2025-12-02;6;1576
17;2025-12-02;7;4053
17;2025-12-02;8;5465
17;2025-12-02;9;3916
17;2025-12-02;10;3035
17;2025-12-02;11;2910
17;2025-12-02;12;3003
17;2025-12-02;13;3037
17;2025-12-02;14;3102
17;2025-12-02;15;3208
17;2025-12-02;16;3608
17;2025-12-02;17;4548
17;2025-12-02;18;5147
17;2025-12-02;19;3673
17;2025-12-02;20;2517
17;2025-12-02;21;1534
17;2025-12-02;22;834
17;2025-12-02;23;381
17;2025-12-03;0;130
17;2025-12-03;1;12
17;2025-12-03;2;0
17;2025-12-03;3;0
17;2025-12-03;4;29
17;2025-12-03;5;330
17;2025-12-03;6;1541
17;2025-12-03;7;3935
17;2025-12-03;8;5249
17;2025-12-03;9;3781
17;2025-12-03;10;3022
17;2025-12-03;11;2937
17;2025-12-03;12;3005
17;2025-12-03;13;3049
17;2025-12-03;14;3065
17;2025-12-03;15;3244
17;2025-12-03;16;3619
17;2025-12-03;17;4423
17;2025-12-03;18;4962
17;2025-12-03;19;3602
17;2025-12-03;20;2463
17;2025-12-03;21;1603
17;2025-12-03;22;868
17;2025-12-03;23;402
17;2025-12-04;0;144
17;2025-12-04;1;11
17;2025-12-04;2;0
17;2025-12-04;3;0
17;2025-12-04;4;27
17;2025-12-04;5;328
17;2025-12-04;6;1572
17;2025-12-04;7;4003
17;2025-12-04;8;5308
17;2025-12-04;9;3837
17;2025-12-04;10;3038
17;2025-12-04;11;2965
17;2025-12-04;12;3066
17;2025-12-04;13;3122
17;2025-12-04;14;3119
17;2025-12-04;15;3260
17;2025-12-04;16;3714
17;2025-12-04;17;4533
17;2025-12-04;18;5081
17;2025-12-04;19;3660
17;2025-12-04;20;2551
17;2025-12-04;21;1591
17;2025-12-04;22;901
17;2025-12-04;23;432
17;2025-12-05;0;156
17;2025-12-05;1;17
17;2025-12-05;2;0
17;2025-12-05;3;0
17;2025-12-05;4;26
17;2025-12-05;5;323
17;2025-12-05;6;1550
17;2025-12-05;7;3955
17;2025-12-05;8;5204
17;2025-12-05;9;3769
17;2025-12-05;10;3003
17;2025-12-05;11;3036
17;2025-12-05;12;3068
17;2025-12-05;13;3151
17;2025-12-05;14;3229
17;2025-12-05;15;3540
17;2025-12-05;16;4106
17;2025-12-05;17;4615
17;2025-12-05;18;4492
17;2025-12-05;19;3355
17;2025-12-05;20;2442
17;2025-12-05;21;1658
17;2025-12-05;22;960
17;2025-12-05;23;480
17;2025-12-06;0;210
17;2025-12-06;1;27
17;2025-12-06;2;0
17;2025-12-06;3;0
17;2025-12-06;4;6
17;2025-12-06;5;134
17;2025-12-06;6;576
17;2025-12-06;7;1246
17;2025-12-06;8;1760
17;2025-12-06;9;2171
17;2025-12-06;10;2386
17;2025-12-06;11;2776
17;2025-12-06;12;3053
17;2025-12-06;13;3231
17;2025-12-06;14;3254
17;2025-12-06;15;3317
17;2025-12-06;16;3271
17;2025-12-06;17;3226
17;2025-12-06;18;2970
17;2025-12-06;19;2468
17;2025-12-06;20;2060
17;2025-12-06;21;1510
17;2025-12-06;22;990
17;2025-12-06;23;471
17;2025-12-07;0;212
17;2025-12-07;1;28
17;2025-12-07;2;0
17;2025-12-07;3;0
17;2025-12-07;4;3
17;2025-12-07;5;115
17;2025-12-07;6;445
17;2025-12-07;7;829
17;2025-12-07;8;1266
17;2025-12-07;9;1734
17;2025-12-07;10;2018
17;2025-12-07;11;2455
17;2025-12-07;12;2802
17;2025-12-07;13;3112
17;2025-12-07;14;3152
17;2025-12-07;15;3169
17;2025-12-07;16;3018
17;2025-12-07;17;2999
17;2025-12-07;18;2709
17;2025-12-07;19;2210
17;2025-12-07;20;1752
17;2025-12-07;21;1232
17;2025-12-07;22;821
17;2025-12-07;23;345
17;2025-12-08;0;123
17;2025-12-08;1;14
17;2025-12-08;2;0
17;2025-12-08;3;0
17;2025-12-08;4;27
17;2025-12-08;5;324
17;2025-12-08;6;1544
17;2025-12-08;7;4033
17;2025-12-08;8;5422
17;2025-12-08;9;3798
17;2025-12-08;10;2937
17;2025-12-08;11;2887
17;2025-12-08;12;2950
17;2025-12-08;13;2977
17;2025-12-08;14;2981
17;2025-12-08;15;3207
17;2025-12-08;16;3600
17;2025-12-08;17;4483
17;2025-12-08;18;5176
17;2025-12-08;19;3658
17;2025-12-08;20;2453
17;2025-12-08;21;1475
17;2025-12-08;22;815
17;2025-12-08;23;343
17;2025-12-09;0;120
17;2025-12-09;1;10
17;2025-12-09;2;0
17;2025-12-09;3;0
17;2025-12-09;4;28
17;2025-12-09;5;322
17;2025-12-09;6;1602
17;2025-12-09;7;4120
17;2025-12-09;8;5554
17;2025-12-09;9;3980
17;2025-12-09;10;3085
17;2025-12-09;11;2958
17;2025-12-09;12;3052
17;2025-12-09;13;3087
17;2025-12-09;14;3152
17;2025-12-09;15;3261
17;2025-12-09;16;3667
17;2025-12-09;17;4622
17;2025-12-09;18;5230
17;2025-12-09;19;3733
17;2025-12-09;20;2558
17;2025-12-09;21;1559
17;2025-12-09;22;847
17;2025-12-09;23;388
17;2025-12-10;0;131
17;2025-12-10;1;12
17;2025-12-10;2;0
17;2025-12-10;3;0
17;2025-12-10;4;29
17;2025-12-10;5;331
17;2025-12-10;6;1543
17;2025-12-10;7;3942
17;2025-12-10;8;5259
17;2025-12-10;9;3787
17;2025-12-10;10;3028
17;2025-12-10;11;2942
17;2025-12-10;12;3010
17;2025-12-10;13;3055
17;2025-12-10;14;3071
17;2025-12-10;15;3250
17;2025-12-10;16;3626
17;2025-12-10;17;4431
17;2025-12-10;18;4970
17;2025-12-10;19;3609
17;2025-12-10;20;2468
17;2025-12-10;21;1606
17;2025-12-10;22;869
17;2025-12-10;23;402
17;2025-12-11;0;141
17;2025-12-11;1;11
17;2025-12-11;2;0
17;2025-12-11;3;0
17;2025-12-11;4;26
17;2025-12-11;5;321
17;2025-12-11;6;1535
17;2025-12-11;7;3909
17;2025-12-11;8;5183
17;2025-12-11;9;3746
17;2025-12-11;10;2966
17;2025-12-11;11;2895
17;2025-12-11;12;2994
17;2025-12-11;13;3048
17;2025-12-11;14;3046
17;2025-12-11;15;3183
17;2025-12-11;16;3627
17;2025-12-11;17;4427
17;2025-12-11;18;4961
17;2025-12-11;19;3574
17;2025-12-11;20;2491
17;2025-12-11;21;1553
17;2025-12-11;22;879
17;2025-12-11;23;422
17;2025-12-12;0;154
17;2025-12-12;1;16
17;2025-12-12;2;0
17;2025-12-12;3;0
17;2025-12-12;4;26
17;2025-12-12;5;317
17;2025-12-12;6;1523
17;2025-12-12;7;3886
17;2025-12-12;8;5113
17;2025-12-12;9;3703
17;2025-12-12;10;2951
17;2025-12-12;11;2983
17;2025-12-12;12;3015
17;2025-12-12;13;3096
17;2025-12-12;14;3172
17;2025-12-12;15;3478
17;2025-12-12;16;4034
17;2025-12-12;17;4534
17;2025-12-12;18;4414
17;2025-12-12;19;3296
17;2025-12-12;20;2400
17;2025-12-12;21;1630
17;2025-12-12;22;943
17;2025-12-12;23;472
17;2025-12-13;0;211
17;2025-12-13;1;27
17;2025-12-13;2;0
17;2025-12-13;3;0
17;2025-12-13;4;6
17;2025-12-13;5;135
17;2025-12-13;6;580
17;2025-12-13;7;1254
17;2025-12-13;8;1773
17;2025-12-13;9;2186
17;2025-12-13;10;2402
17;2025-12-13;11;2795
17;2025-12-13;12;3074
17;2025-12-13;13;3253
17;2025-12-13;14;3276
17;2025-12-13;15;3340
17;2025-12-13;16;3293
17;2025-12-13;17;3248
17;2025-12-13;18;2990
17;2025-12-13;19;2485
17;2025-12-13;20;2074
17;2025-12-13;21;1520
17;2025-12-13;22;997
17;2025-12-13;23;474
17;2025-12-14;0;215
17;2025-12-14;1;28
17;2025-12-14;2;0
17;2025-12-14;3;0
17;2025-12-14;4;4
17;2025-12-14;5;116
17;2025-12-14;6;452
17;2025-12-14;7;841
17;2025-12-14;8;1285
17;2025-12-14;9;1759
17;2025-12-14;10;2047
17;2025-12-14;11;2490
17;2025-12-14;12;2842
17;2025-12-14;13;3157
17;2025-12-14;14;3197
17;2025-12-14;15;3214
17;2025-12-14;16;3061
17;2025-12-14;17;3042
17;2025-12-14;18;2748
17;2025-12-14;19;2241
17;2025-12-14;20;1778
17;2025-12-14;21;1250
17;2025-12-14;22;833
17;2025-12-14;23;350
17;2025-12-15;0;123
17;2025-12-15;1;14
17;2025-12-15;2;0
17;2025-12-15;3;0
17;2025-12-15;4;27
17;2025-12-15;5;323
17;2025-12-15;6;1543
17;2025-12-15;7;4030
17;2025-12-15;8;5419
17;2025-12-15;9;3796
17;2025-12-15;10;2935
17;2025-12-15;11;2885
17;2025-12-15;12;2948
17;2025-12-15;13;2975
17;2025-12-15;14;2979
17;2025-12-15;15;3205
17;2025-12-15;16;3598
17;2025-12-15;17;4480
17;2025-12-15;18;5172
17;2025-12-15;19;3656
17;2025-12-15;20;2451
17;2025-12-15;21;1474
17;2025-12-15;22;815
17;2025-12-15;23;343
17;2025-12-16;0;119
17;2025-12-16;1;10
17;2025-12-16;2;0
17;2025-12-16;3;0
17;2025-12-16;4;28
17;2025-12-16;5;319
17;2025-12-16;6;1586
17;2025-12-16;7;4078
17;2025-12-16;8;5497
17;2025-12-16;9;3939
17;2025-12-16;10;3054
17;2025-12-16;11;2928
17;2025-12-16;12;3021
17;2025-12-16;13;3056
17;2025-12-16;14;3120
17;2025-12-16;15;3228
17;2025-12-16;16;3629
17;2025-12-16;17;4575
17;2025-12-16;18;5177
17;2025-12-16;19;3695
17;2025-12-16;20;2532
17;2025-12-16;21;1544
17;2025-12-16;22;839
17;2025-12-16;23;384
17;2025-12-17;0;132
17;2025-12-17;1;12
17;2025-12-17;2;0
17;2025-12-17;3;0
17;2025-12-17;4;29
17;2025-12-17;5;335
17;2025-12-17;6;1565
17;2025-12-17;7;3998
17;2025-12-17;8;5333
17;2025-12-17;9;3841
17;2025-12-17;10;3071
17;2025-12-17;11;2984
17;2025-12-17;12;3053
17;2025-12-17;13;3098
17;2025-12-17;14;3114
17;2025-12-17;15;3296
17;2025-12-17;16;3677
17;2025-12-17;17;4493
17;2025-12-17;18;5041
17;2025-12-17;19;3660
17;2025-12-17;20;2503
17;2025-12-17;21;1629
17;2025-12-17;22;881
17;2025-12-17;23;408
17;2025-12-18;0;147
17;2025-12-18;1;11
17;2025-12-18;2;0
17;2025-12-18;3;0
17;2025-12-18;4;27
17;2025-12-18;5;334
17;2025-12-18;6;1600
17;2025-12-18;7;4073
17;2025-12-18;8;5400
17;2025-12-18;9;3903
17;2025-12-18;10;3090
17;2025-12-18;11;3017
17;2025-12-18;12;3119
17;2025-12-18;13;3176
17;2025-12-18;14;3173
17;2025-12-18;15;3317
17;2025-12-18;16;3779
17;2025-12-18;17;4612
17;2025-12-18;18;5169
17;2025-12-18;19;3723
17;2025-12-18;20;2596
17;2025-12-18;21;1618
17;2025-12-18;22;916
17;2025-12-18;23;440
17;2025-12-19;0;158
17;2025-12-19;1;17
17;2025-12-19;2;0
17;2025-12-19;3;0
17;2025-12-19;4;26
17;2025-12-19;5;326
17;2025-12-19;6;1567
17;2025-12-19;7;3997
17;2025-12-19;8;5260
17;2025-12-19;9;3809
17;2025-12-19;10;3036
17;2025-12-19;11;3069
17;2025-12-19;12;3101
17;2025-12-19;13;3185
17;2025-12-19;14;3263
17;2025-12-19;15;3578
17;2025-12-19;16;4150
17;2025-12-19;17;4664
17;2025-12-19;18;4540
17;2025-12-19;19;3391
17;2025-12-19;20;2469
17;2025-12-19;21;1676
17;2025-12-19;22;970
17;2025-12-19;23;485
17;2025-12-20;0;214
17;2025-12-20;1;27
17;2025-12-20;2;0
17;2025-12-20;3;0
17;2025-12-20;4;6
17;2025-12-20;5;137
17;2025-12-20;6;588
17;2025-12-20;7;1272
17;2025-12-20;8;1798
17;2025-12-20;9;2218
17;2025-12-20;10;2437
17;2025-12-20;11;2836
17;2025-12-20;12;3118
17;2025-12-20;13;3300
17;2025-12-20;14;3323
17;2025-12-20;15;3389
17;2025-12-20;16;3341
17;2025-12-20;17;3295
17;2025-12-20;18;3034
17;2025-12-20;19;2521
17;2025-12-20;20;2104
17;2025-12-20;21;1542
17;2025-12-20;22;1011
17;2025-12-20;23;481
17;2025-12-21;0;214
17;2025-12-21;1;28
17;2025-12-21;2;0
17;2025-12-21;3;0
17;2025-12-21;4;3
17;2025-12-21;5;116
17;2025-12-21;6;449
17;2025-12-21;7;836
17;2025-12-21;8;1277
17;2025-12-21;9;1749
17;2025-12-21;10;2035
17;2025-12-21;11;2475
17;2025-12-21;12;2826
17;2025-12-21;13;3138
17;2025-12-21;14;3178
17;2025-12-21;15;3195
17;2025-12-21;16;3043
17;2025-12-21;17;3024
17;2025-12-21;18;2732
17;2025-12-21;19;2228
17;2025-12-21;20;1767
17;2025-12-21;21;1242
17;2025-12-21;22;828
17;2025-12-21;23;348
17;2025-12-22;0;121
17;2025-12-22;1;14
17;2025-12-22;2;0
17;2025-12-22;3;0
17;2025-12-22;4;27
17;2025-12-22;5;319
17;2025-12-22;6;1523
17;2025-12-22;7;3977
17;2025-12-22;8;5347
17;2025-12-22;9;3746
17;2025-12-22;10;2896
17;2025-12-22;11;2847
17;2025-12-22;12;2909
17;2025-12-22;13;2936
17;2025-12-22;14;2940
17;2025-12-22;15;3162
17;2025-12-22;16;3550
17;2025-12-22;17;4421
17;2025-12-22;18;5104
17;2025-12-22;19;3607
17;2025-12-22;20;2419
17;2025-12-22;21;1455
17;2025-12-22;22;804
17;2025-12-22;23;339
17;2025-12-23;0;121
17;2025-12-23;1;10
17;2025-12-23;2;0
17;2025-12-23;3;0
17;2025-12-23;4;28
17;2025-12-23;5;324
17;2025-12-23;6;1612
17;2025-12-23;7;4146
17;2025-12-23;8;5589
17;2025-12-23;9;4005
17;2025-12-23;10;3105
17;2025-12-23;11;2977
17;2025-12-23;12;3072
17;2025-12-23;13;3107
17;2025-12-23;14;3172
17;2025-12-23;15;3281
17;2025-12-23;16;3690
17;2025-12-23;17;4651
17;2025-12-23;18;5264
17;2025-12-23;19;3756
17;2025-12-23;20;2575
17;2025-12-23;21;1569
17;2025-12-23;22;853
17;2025-12-23;23;390
17;2025-12-24;0;132
17;2025-12-24;1;12
17;2025-12-24;2;0
17;2025-12-24;3;0
17;2025-12-24;4;29
17;2025-12-24;5;334
17;2025-12-24;6;1561
17;2025-12-24;7;3988
17;2025-12-24;8;5319
17;2025-12-24;9;3831
17;2025-12-24;10;3063
17;2025-12-24;11;2976
17;2025-12-24;12;3045
17;2025-12-24;13;3090
17;2025-12-24;14;3106
17;2025-12-24;15;3288
17;2025-12-24;16;3668
17;2025-12-24;17;4482
17;2025-12-24;18;5028
17;2025-12-24;19;3650
17;2025-12-24;20;2496
17;2025-12-24;21;1624
17;2025-12-24;22;879
17;2025-12-24;23;407
17;2025-12-25;0;144
17;2025-12-25;1;11
17;2025-12-25;2;0
17;2025-12-25;3;0
17;2025-12-25;4;27
17;2025-12-25;5;327
17;2025-12-25;6;1568
17;2025-12-25;7;3992
17;2025-12-25;8;5293
17;2025-12-25;9;3826
17;2025-12-25;10;3029
17;2025-12-25;11;2957
17;2025-12-25;12;3057
17;2025-12-25;13;3113
17;2025-12-25;14;3111
17;2025-12-25;15;3251
17;2025-12-25;16;3704
17;2025-12-25;17;4521
17;2025-12-25;18;5066
17;2025-12-25;19;3650
17;2025-12-25;20;2544
17;2025-12-25;21;1586
17;2025-12-25;22;898
17;2025-12-25;23;431
17;2025-12-26;0;154
17;2025-12-26;1;16
17;2025-12-26;2;0
17;2025-12-26;3;0
17;2025-12-26;4;26
17;2025-12-26;5;317
17;2025-12-26;6;1523
17;2025-12-26;7;3885
17;2025-12-26;8;5112
17;2025-12-26;9;3702
17;2025-12-26;10;2950
17;2025-12-26;11;2982
17;2025-12-26;12;3014
17;2025-12-26;13;3095
17;2025-12-26;14;3171
17;2025-12-26;15;3477
17;2025-12-26;16;4033
17;2025-12-26;17;4533
17;2025-12-26;18;4412
17;2025-12-26;19;3295
17;2025-12-26;20;2399
17;2025-12-26;21;1629
17;2025-12-26;22;943
17;2025-12-26;23;471
17;2025-12-27;0;213
17;2025-12-27;1;27
17;2025-12-27;2;0
17;2025-12-27;3;0
17;2025-12-27;4;6
17;2025-12-27;5;136
17;2025-12-27;6;584
17;2025-12-27;7;1263
17;2025-12-27;8;1785
17;2025-12-27;9;2202
17;2025-12-27;10;2420
17;2025-12-27;11;2816
17;2025-12-27;12;3096
17;2025-12-27;13;3276
17;2025-12-27;14;3300
17;2025-12-27;15;3364
17;2025-12-27;16;3317
17;2025-12-27;17;3271
17;2025-12-27;18;3012
17;2025-12-27;19;2503
17;2025-12-27;20;2089
17;2025-12-27;21;1531
17;2025-12-27;22;1004
17;2025-12-27;23;477
17;2025-12-28;0;212
17;2025-12-28;1;28
17;2025-12-28;2;0
17;2025-12-28;3;0
17;2025-12-28;4;3
17;2025-12-28;5;115
17;2025-12-28;6;445
17;2025-12-28;7;828
17;2025-12-28;8;1264
17;2025-12-28;9;1731
17;2025-12-28;10;2015
17;2025-12-28;11;2450
17;2025-12-28;12;2797
17;2025-12-28;13;3107
17;2025-12-28;14;3147
17;2025-12-28;15;3164
17;2025-12-28;16;3013
17;2025-12-28;17;2994
17;2025-12-28;18;2704
17;2025-12-28;19;2206
17;2025-12-28;20;1750
17;2025-12-28;21;1230
17;2025-12-28;22;820
17;2025-12-28;23;345
17;2025-12-29;0;121
17;2025-12-29;1;14
17;2025-12-29;2;0
17;2025-12-29;3;0
17;2025-12-29;4;27
17;2025-12-29;5;319
17;2025-12-29;6;1521
17;2025-12-29;7;3972
17;2025-12-29;8;5341
17;2025-12-29;9;3741
17;2025-12-29;10;2893
17;2025-12-29;11;2843
17;2025-12-29;12;2905
17;2025-12-29;13;2933
17;2025-12-29;14;2936
17;2025-12-29;15;3159
17;2025-12-29;16;3546
17;2025-12-29;17;4416
17;2025-12-29;18;5098
17;2025-12-29;19;3603
17;2025-12-29;20;2416
17;2025-12-29;21;1453
17;2025-12-29;22;803
17;2025-12-29;23;338
17;2025-12-30;0;118
17;2025-12-30;1;10
17;2025-12-30;2;0
17;2025-12-30;3;0
17;2025-12-30;4;27
17;2025-12-30;5;315
17;2025-12-30;6;1567
17;2025-12-30;7;4031
17;2025-12-30;8;5434
17;2025-12-30;9;3894
17;2025-12-30;10;3018
17;2025-12-30;11;2894
17;2025-12-30;12;2986
17;2025-12-30;13;3020
17;2025-12-30;14;3084
17;2025-12-30;15;3190
17;2025-12-30;16;3587
17;2025-12-30;17;4522
17;2025-12-30;18;5118
17;2025-12-30;19;3652
17;2025-12-30;20;2503
17;2025-12-30;21;1526
17;2025-12-30;22;829
17;2025-12-30;23;379
17;2025-12-31;0;192
17;2025-12-31;1;23
17;2025-12-31;2;0
17;2025-12-31;3;0
17;2025-12-31;4;4
17;2025-12-31;5;116
17;2025-12-31;6;439
17;2025-12-31;7;879
17;2025-12-31;8;1309
17;2025-12-31;9;1691
17;2025-12-31;10;1878
17;2025-12-31;11;2233
17;2025-12-31;12;2595
17;2025-12-31;13;2811
17;2025-12-31;14;2816
17;2025-12-31;15;2894
17;2025-12-31;16;2853
17;2025-12-31;17;2805
17;2025-12-31;18;2590
17;2025-12-31;19;2207
17;2025-12-31;20;1773
17;2025-12-31;21;1334
17;2025-12-31;22;845
17;2025-12-31;23;381
25;2025-11-01;0;0
25;2025-11-01;1;0
25;2025-11-01;2;0
25;2025-11-01;3;0
25;2025-11-01;4;0
25;2025-11-01;5;3
25;2025-11-01;6;170
25;2025-11-01;7;546
25;2025-11-01;8;859
25;2025-11-01;9;467
25;2025-11-01;10;366
25;2025-11-01;11;421
25;2025-11-01;12;427
25;2025-11-01;13;511
25;2025-11-01;14;504
25;2025-11-01;15;604
25;2025-11-01;16;715
25;2025-11-01;17;749
25;2025-11-01;18;658
25;2025-11-01;19;474
25;2025-11-01;20;340
25;2025-11-01;21;238
25;2025-11-01;22;150
25;2025-11-01;23;9
25;2025-11-02;0;12
25;2025-11-02;1;0
25;2025-11-02;2;0
25;2025-11-02;3;0
25;2025-11-02;4;0
25;2025-11-02;5;1
25;2025-11-02;6;45
25;2025-11-02;7;103
25;2025-11-02;8;203
25;2025-11-02;9;208
25;2025-11-02;10;223
25;2025-11-02;11;278
25;2025-11-02;12;318
25;2025-11-02;13;406
25;2025-11-02;14;459
25;2025-11-02;15;548
25;2025-11-02;16;468
25;2025-11-02;17;421
25;2025-11-02;18;414
25;2025-11-02;19;352
25;2025-11-02;20;258
25;2025-11-02;21;229
25;2025-11-02;22;132
25;2025-11-02;23;48
25;2025-11-03;0;12
25;2025-11-03;1;0
25;2025-11-03;2;0
25;2025-11-03;3;0
25;2025-11-03;4;0
25;2025-11-03;5;1
25;2025-11-03;6;43
25;2025-11-03;7;99
25;2025-11-03;8;195
25;2025-11-03;9;199
25;2025-11-03;10;214
25;2025-11-03;11;267
25;2025-11-03;12;305
25;2025-11-03;13;389
25;2025-11-03;14;440
25;2025-11-03;15;526
25;2025-11-03;16;448
25;2025-11-03;17;404
25;2025-11-03;18;397
25;2025-11-03;19;338
25;2025-11-03;20;248
25;2025-11-03;21;220
25;2025-11-03;22;126
25;2025-11-03;23;46
25;2025-11-04;0;12
25;2025-11-04;1;0
25;2025-11-04;2;0
25;2025-11-04;3;0
25;2025-11-04;4;0
25;2025-11-04;5;1
25;2025-11-04;6;43
25;2025-11-04;7;99
25;2025-11-04;8;195
25;2025-11-04;9;199
25;2025-11-04;10;213
25;2025-11-04;11;266
25;2025-11-04;12;305
25;2025-11-04;13;389
25;2025-11-04;14;439
25;2025-11-04;15;525
25;2025-11-04;16;448
25;2025-11-04;17;404
25;2025-11-04;18;397
25;2025-11-04;19;338
25;2025-11-04;20;247
25;2025-11-04;21;220
25;2025-11-04;22;126
25;2025-11-04;23;46
25;2025-11-05;0;0
25;2025-11-05;1;0
25;2025-11-05;2;0
25;2025-11-05;3;0
25;2025-11-05;4;0
25;2025-11-05;5;4
25;2025-11-05;6;169
25;2025-11-05;7;535
25;2025-11-05;8;875
25;2025-11-05;9;470
25;2025-11-05;10;372
25;2025-11-05;11;406
25;2025-11-05;12;416
25;2025-11-05;13;511
25;2025-11-05;14;441
25;2025-11-05;15;525
25;2025-11-05;16;640
25;2025-11-05;17;744
25;2025-11-05;18;819
25;2025-11-05;19;518
25;2025-11-05;20;369
25;2025-11-05;21;232
25;2025-11-05;22;135
25;2025-11-05;23;6
25;2025-11-06;0;0
25;2025-11-06;1;0
25;2025-11-06;2;0
25;2025-11-06;3;0
25;2025-11-06;4;0
25;2025-11-06;5;6
25;2025-11-06;6;159
25;2025-11-06;7;534
25;2025-11-06;8;913
25;2025-11-06;9;483
25;2025-11-06;10;382
25;2025-11-06;11;405
25;2025-11-06;12;402
25;2025-11-06;13;481
25;2025-11-06;14;468
25;2025-11-06;15;519
25;2025-11-06;16;640
25;2025-11-06;17;741
25;2025-11-06;18;794
25;2025-11-06;19;529
25;2025-11-06;20;353
25;2025-11-06;21;233
25;2025-11-06;22;141
25;2025-11-06;23;7
25;2025-11-07;0;0
25;2025-11-07;1;0
25;2025-11-07;2;0
25;2025-11-07;3;0
25;2025-11-07;4;0
25;2025-11-07;5;3
25;2025-11-07;6;170
25;2025-11-07;7;546
25;2025-11-07;8;859
25;2025-11-07;9;467
25;2025-11-07;10;366
25;2025-11-07;11;421
25;2025-11-07;12;427
25;2025-11-07;13;512
25;2025-11-07;14;505
25;2025-11-07;15;604
25;2025-11-07;16;716
25;2025-11-07;17;750
25;2025-11-07;18;658
25;2025-11-07;19;475
25;2025-11-07;20;340
25;2025-11-07;21;238
25;2025-11-07;22;150
25;2025-11-07;23;9
25;2025-11-08;0;0
25;2025-11-08;1;0
25;2025-11-08;2;0
25;2025-11-08;3;0
25;2025-11-08;4;0
25;2025-11-08;5;1
25;2025-11-08;6;59
25;2025-11-08;7;148
25;2025-11-08;8;318
25;2025-11-08;9;312
25;2025-11-08;10;306
25;2025-11-08;11;391
25;2025-11-08;12;414
25;2025-11-08;13;534
25;2025-11-08;14;573
25;2025-11-08;15;658
25;2025-11-08;16;591
25;2025-11-08;17;527
25;2025-11-08;18;531
25;2025-11-08;19;453
25;2025-11-08;20;285
25;2025-11-08;21;255
25;2025-11-08;22;166
25;2025-11-08;23;61
25;2025-11-09;0;20
25;2025-11-09;1;0
25;2025-11-09;2;0
25;2025-11-09;3;0
25;2025-11-09;4;0
25;2025-11-09;5;2
25;2025-11-09;6;52
25;2025-11-09;7;114
25;2025-11-09;8;213
25;2025-11-09;9;234
25;2025-11-09;10;238
25;2025-11-09;11;303
25;2025-11-09;12;381
25;2025-11-09;13;464
25;2025-11-09;14;488
25;2025-11-09;15;602
25;2025-11-09;16;518
25;2025-11-09;17;483
25;2025-11-09;18;458
25;2025-11-09;19;370
25;2025-11-09;20;258
25;2025-11-09;21;224
25;2025-11-09;22;131
25;2025-11-09;23;44
25;2025-11-10;0;12
25;2025-11-10;1;0
25;2025-11-10;2;0
25;2025-11-10;3;0
25;2025-11-10;4;0
25;2025-11-10;5;5
25;2025-11-10;6;171
25;2025-11-10;7;552
25;2025-11-10;8;916
25;2025-11-10;9;483
25;2025-11-10;10;357
25;2025-11-10;11;373
25;2025-11-10;12;402
25;2025-11-10;13;498
25;2025-11-10;14;411
25;2025-11-10;15;504
25;2025-11-10;16;650
25;2025-11-10;17;711
25;2025-11-10;18;807
25;2025-11-10;19;509
25;2025-11-10;20;340
25;2025-11-10;21;226
25;2025-11-10;22;117
25;2025-11-10;23;8
25;2025-11-11;0;0
25;2025-11-11;1;0
25;2025-11-11;2;0
25;2025-11-11;3;0
25;2025-11-11;4;0
25;2025-11-11;5;4
25;2025-11-11;6;170
25;2025-11-11;7;563
25;2025-11-11;8;901
25;2025-11-11;9;510
25;2025-11-11;10;375
25;2025-11-11;11;431
25;2025-11-11;12;405
25;2025-11-11;13;471
25;2025-11-11;14;446
25;2025-11-11;15;527
25;2025-11-11;16;650
25;2025-11-11;17;704
25;2025-11-11;18;784
25;2025-11-11;19;553
25;2025-11-11;20;351
25;2025-11-11;21;221
25;2025-11-11;22;126
25;2025-11-11;23;8
25;2025-11-12;0;0
25;2025-11-12;1;0
25;2025-11-12;2;0
25;2025-11-12;3;0
25;2025-11-12;4;0
25;2025-11-12;5;4
25;2025-11-12;6;169
25;2025-11-12;7;536
25;2025-11-12;8;877
25;2025-11-12;9;471
25;2025-11-12;10;373
25;2025-11-12;11;407
25;2025-11-12;12;417
25;2025-11-12;13;513
25;2025-11-12;14;442
25;2025-11-12;15;526
25;2025-11-12;16;642
25;2025-11-12;17;745
25;2025-11-12;18;820
25;2025-11-12;19;519
25;2025-11-12;20;369
25;2025-11-12;21;233
25;2025-11-12;22;135
25;2025-11-12;23;6
25;2025-11-13;0;0
25;2025-11-13;1;0
25;2025-11-13;2;0
25;2025-11-13;3;0
25;2025-11-13;4;0
25;2025-11-13;5;6
25;2025-11-13;6;160
25;2025-11-13;7;538
25;2025-11-13;8;920
25;2025-11-13;9;487
25;2025-11-13;10;385
25;2025-11-13;11;408
25;2025-11-13;12;405
25;2025-11-13;13;485
25;2025-11-13;14;471
25;2025-11-13;15;523
25;2025-11-13;16;645
25;2025-11-13;17;747
25;2025-11-13;18;800
25;2025-11-13;19;533
25;2025-11-13;20;356
25;2025-11-13;21;235
25;2025-11-13;22;142
25;2025-11-13;23;8
25;2025-11-14;0;0
25;2025-11-14;1;0
25;2025-11-14;2;0
25;2025-11-14;3;0
25;2025-11-14;4;0
25;2025-11-14;5;3
25;2025-11-14;6;172
25;2025-11-14;7;552
25;2025-11-14;8;869
25;2025-11-14;9;472
25;2025-11-14;10;370
25;2025-11-14;11;426
25;2025-11-14;12;432
25;2025-11-14;13;517
25;2025-11-14;14;510
25;2025-11-14;15;611
25;2025-11-14;16;723
25;2025-11-14;17;758
25;2025-11-14;18;665
25;2025-11-14;19;480
25;2025-11-14;20;343
25;2025-11-14;21;241
25;2025-11-14;22;151
25;2025-11-14;23;9
25;2025-11-15;0;0
25;2025-11-15;1;0
25;2025-11-15;2;0
25;2025-11-15;3;0
25;2025-11-15;4;0
25;2025-11-15;5;1
25;2025-11-15;6;52
25;2025-11-15;7;131
25;2025-11-15;8;280
25;2025-11-15;9;275
25;2025-11-15;10;269
25;2025-11-15;11;344
25;2025-11-15;12;365
25;2025-11-15;13;470
25;2025-11-15;14;505
25;2025-11-15;15;580
25;2025-11-15;16;521
25;2025-11-15;17;464
25;2025-11-15;18;468
25;2025-11-15;19;399
25;2025-11-15;20;251
25;2025-11-15;21;224
25;2025-11-15;22;147
25;2025-11-15;23;54
25;2025-11-16;0;20
25;2025-11-16;1;0
25;2025-11-16;2;0
25;2025-11-16;3;0
25;2025-11-16;4;0
25;2025-11-16;5;2
25;2025-11-16;6;51
25;2025-11-16;7;112
25;2025-11-16;8;210
25;2025-11-16;9;230
25;2025-11-16;10;234
25;2025-11-16;11;298
25;2025-11-16;12;374
25;2025-11-16;13;456
25;2025-11-16;14;480
25;2025-11-16;15;591
25;2025-11-16;16;509
25;2025-11-16;17;474
25;2025-11-16;18;451
25;2025-11-16;19;364
25;2025-11-16;20;254
25;2025-11-16;21;220
25;2025-11-16;22;128
25;2025-11-16;23;44
25;2025-11-17;0;12
25;2025-11-17;1;0
25;2025-11-17;2;0
25;2025-11-17;3;0
25;2025-11-17;4;0
25;2025-11-17;5;5
25;2025-11-17;6;165
25;2025-11-17;7;535
25;2025-11-17;8;887
25;2025-11-17;9;467
25;2025-11-17;10;346
25;2025-11-17;11;361
25;2025-11-17;12;390
25;2025-11-17;13;482
25;2025-11-17;14;398
25;2025-11-17;15;488
25;2025-11-17;16;629
25;2025-11-17;17;688
25;2025-11-17;18;781
25;2025-11-17;19;493
25;2025-11-17;20;329
25;2025-11-17;21;218
25;2025-11-17;22;113
25;2025-11-17;23;7
25;2025-11-18;0;0
25;2025-11-18;1;0
25;2025-11-18;2;0
25;2025-11-18;3;0
25;2025-11-18;4;0
25;2025-11-18;5;4
25;2025-11-18;6;161
25;2025-11-18;7;533
25;2025-11-18;8;853
25;2025-11-18;9;483
25;2025-11-18;10;355
25;2025-11-18;11;407
25;2025-11-18;12;383
25;2025-11-18;13;446
25;2025-11-18;14;422
25;2025-11-18;15;499
25;2025-11-18;16;615
25;2025-11-18;17;666
25;2025-11-18;18;742
25;2025-11-18;19;523
25;2025-11-18;20;332
25;2025-11-18;21;209
25;2025-11-18;22;119
25;2025-11-18;23;7
25;2025-11-19;0;0
25;2025-11-19;1;0
25;2025-11-19;2;0
25;2025-11-19;3;0
25;2025-11-19;4;0
25;2025-11-19;5;4
25;2025-11-19;6;169
25;2025-11-19;7;537
25;2025-11-19;8;878
25;2025-11-19;9;472
25;2025-11-19;10;373
25;2025-11-19;11;407
25;2025-11-19;12;418
25;2025-11-19;13;513
25;2025-11-19;14;443
25;2025-11-19;15;526
25;2025-11-19;16;642
25;2025-11-19;17;746
25;2025-11-19;18;821
25;2025-11-19;19;520
25;2025-11-19;20;370
25;2025-11-19;21;233
25;2025-11-19;22;135
25;2025-11-19;23;6
25;2025-11-20;0;0
25;2025-11-20;1;0
25;2025-11-20;2;0
25;2025-11-20;3;0
25;2025-11-20;4;0
25;2025-11-20;5;6
25;2025-11-20;6;159
25;2025-11-20;7;535
25;2025-11-20;8;914
25;2025-11-20;9;484
25;2025-11-20;10;383
25;2025-11-20;11;406
25;2025-11-20;12;403
25;2025-11-20;13;482
25;2025-11-20;14;468
25;2025-11-20;15;520
25;2025-11-20;16;641
25;2025-11-20;17;742
25;2025-11-20;18;795
25;2025-11-20;19;529
25;2025-11-20;20;353
25;2025-11-20;21;234
25;2025-11-20;22;141
25;2025-11-20;23;7
25;2025-11-21;0;0
25;2025-11-21;1;0
25;2025-11-21;2;0
25;2025-11-21;3;0
25;2025-11-21;4;0
25;2025-11-21;5;3
25;2025-11-21;6;169
25;2025-11-21;7;545
25;2025-11-21;8;858
25;2025-11-21;9;466
25;2025-11-21;10;365
25;2025-11-21;11;420
25;2025-11-21;12;426
25;2025-11-21;13;511
25;2025-11-21;14;504
25;2025-11-21;15;603
25;2025-11-21;16;714
25;2025-11-21;17;748
25;2025-11-21;18;657
25;2025-11-21;19;474
25;2025-11-21;20;339
25;2025-11-21;21;238
25;2025-11-21;22;150
25;2025-11-21;23;9
25;2025-11-22;0;0
25;2025-11-22;1;0
25;2025-11-22;2;0
25;2025-11-22;3;0
25;2025-11-22;4;0
25;2025-11-22;5;1
25;2025-11-22;6;56
25;2025-11-22;7;140
25;2025-11-22;8;300
25;2025-11-22;9;295
25;2025-11-22;10;289
25;2025-11-22;11;369
25;2025-11-22;12;391
25;2025-11-22;13;505
25;2025-11-22;14;542
25;2025-11-22;15;622
25;2025-11-22;16;559
25;2025-11-22;17;498
25;2025-11-22;18;502
25;2025-11-22;19;428
25;2025-11-22;20;270
25;2025-11-22;21;241
25;2025-11-22;22;157
25;2025-11-22;23;58
25;2025-11-23;0;20
25;2025-11-23;1;0
25;2025-11-23;2;0
25;2025-11-23;3;0
25;2025-11-23;4;0
25;2025-11-23;5;2
25;2025-11-23;6;52
25;2025-11-23;7;113
25;2025-11-23;8;212
25;2025-11-23;9;232
25;2025-11-23;10;237
25;2025-11-23;11;302
25;2025-11-23;12;378
25;2025-11-23;13;461
25;2025-11-23;14;485
25;2025-11-23;15;598
25;2025-11-23;16;515
25;2025-11-23;17;479
25;2025-11-23;18;455
25;2025-11-23;19;368
25;2025-11-23;20;256
25;2025-11-23;21;223
25;2025-11-23;22;130
25;2025-11-23;23;44
25;2025-11-24;0;11
25;2025-11-24;1;0
25;2025-11-24;2;0
25;2025-11-24;3;0
25;2025-11-24;4;0
25;2025-11-24;5;4
25;2025-11-24;6;161
25;2025-11-24;7;520
25;2025-11-24;8;863
25;2025-11-24;9;455
25;2025-11-24;10;337
25;2025-11-24;11;351
25;2025-11-24;12;379
25;2025-11-24;13;469
25;2025-11-24;14;387
25;2025-11-24;15;474
25;2025-11-24;16;612
25;2025-11-24;17;670
25;2025-11-24;18;760
25;2025-11-24;19;480
25;2025-11-24;20;320
25;2025-11-24;21;213
25;2025-11-24;22;110
25;2025-11-24;23;7
25;2025-11-25;0;0
25;2025-11-25;1;0
25;2025-11-25;2;0
25;2025-11-25;3;0
25;2025-11-25;4;0
25;2025-11-25;5;4
25;2025-11-25;6;171
25;2025-11-25;7;566
25;2025-11-25;8;906
25;2025-11-25;9;513
25;2025-11-25;10;377
25;2025-11-25;11;433
25;2025-11-25;12;407
25;2025-11-25;13;474
25;2025-11-25;14;448
25;2025-11-25;15;530
25;2025-11-25;16;654
25;2025-11-25;17;708
25;2025-11-25;18;789
25;2025-11-25;19;556
25;2025-11-25;20;353
25;2025-11-25;21;223
25;2025-11-25;22;127
25;2025-11-25;23;8
25;2025-11-26;0;0
25;2025-11-26;1;0
25;2025-11-26;2;0
25;2025-11-26;3;0
25;2025-11-26;4;0
25;2025-11-26;5;4
25;2025-11-26;6;162
25;2025-11-26;7;513
25;2025-11-26;8;839
25;2025-11-26;9;451
25;2025-11-26;10;357
25;2025-11-26;11;389
25;2025-11-26;12;399
25;2025-11-26;13;490
25;2025-11-26;14;423
25;2025-11-26;15;503
25;2025-11-26;16;614
25;2025-11-26;17;713
25;2025-11-26;18;785
25;2025-11-26;19;497
25;2025-11-26;20;353
25;2025-11-26;21;223
25;2025-11-26;22;129
25;2025-11-26;23;6
25;2025-11-27;0;0
25;2025-11-27;1;0
25;2025-11-27;2;0
25;2025-11-27;3;0
25;2025-11-27;4;0
25;2025-11-27;5;5
25;2025-11-27;6;155
25;2025-11-27;7;523
25;2025-11-27;8;893
25;2025-11-27;9;472
25;2025-11-27;10;374
25;2025-11-27;11;396
25;2025-11-27;12;394
25;2025-11-27;13;471
25;2025-11-27;14;457
25;2025-11-27;15;508
25;2025-11-27;16;627
25;2025-11-27;17;725
25;2025-11-27;18;777
25;2025-11-27;19;517
25;2025-11-27;20;345
25;2025-11-27;21;228
25;2025-11-27;22;138
25;2025-11-27;23;7
25;2025-11-28;0;0
25;2025-11-28;1;0
25;2025-11-28;2;0
25;2025-11-28;3;0
25;2025-11-28;4;0
25;2025-11-28;5;3
25;2025-11-28;6;169
25;2025-11-28;7;544
25;2025-11-28;8;855
25;2025-11-28;9;465
25;2025-11-28;10;364
25;2025-11-28;11;419
25;2025-11-28;12;425
25;2025-11-28;13;509
25;2025-11-28;14;502
25;2025-11-28;15;601
25;2025-11-28;16;712
25;2025-11-28;17;746
25;2025-11-28;18;655
25;2025-11-28;19;472
25;2025-11-28;20;338
25;2025-11-28;21;237
25;2025-11-28;22;149
25;2025-11-28;23;8
25;2025-11-29;0;0
25;2025-11-29;1;0
25;2025-11-29;2;0
25;2025-11-29;3;0
25;2025-11-29;4;0
25;2025-11-29;5;1
25;2025-11-29;6;60
25;2025-11-29;7;149
25;2025-11-29;8;319
25;2025-11-29;9;313
25;2025-11-29;10;307
25;2025-11-29;11;393
25;2025-11-29;12;416
25;2025-11-29;13;537
25;2025-11-29;14;576
25;2025-11-29;15;661
25;2025-11-29;16;594
25;2025-11-29;17;530
25;2025-11-29;18;533
25;2025-11-29;19;455
25;2025-11-29;20;287
25;2025-11-29;21;256
25;2025-11-29;22;167
25;2025-11-29;23;61
25;2025-11-30;0;20
25;2025-11-30;1;0
25;2025-11-30;2;0
25;2025-11-30;3;0
25;2025-11-30;4;0
25;2025-11-30;5;2
25;2025-11-30;6;52
25;2025-11-30;7;113
25;2025-11-30;8;213
25;2025-11-30;9;233
25;2025-11-30;10;237
25;2025-11-30;11;302
25;2025-11-30;12;379
25;2025-11-30;13;463
25;2025-11-30;14;487
25;2025-11-30;15;600
25;2025-11-30;16;516
25;2025-11-30;17;481
25;2025-11-30;18;457
25;2025-11-30;19;369
25;2025-11-30;20;257
25;2025-11-30;21;223
25;2025-11-30;22;130
25;2025-11-30;23;44
25;2025-12-01;0;12
25;2025-12-01;1;0
25;2025-12-01;2;0
25;2025-12-01;3;0
25;2025-12-01;4;0
25;2025-12-01;5;5
25;2025-12-01;6;174
25;2025-12-01;7;562
25;2025-12-01;8;932
25;2025-12-01;9;491
25;2025-12-01;10;364
25;2025-12-01;11;379
25;2025-12-01;12;409
25;2025-12-01;13;507
25;2025-12-01;14;418
25;2025-12-01;15;513
25;2025-12-01;16;661
25;2025-12-01;17;723
25;2025-12-01;18;821
25;2025-12-01;19;518
25;2025-12-01;20;346
25;2025-12-01;21;230
25;2025-12-01;22;119
25;2025-12-01;23;8
25;2025-12-02;0;0
25;2025-12-02;1;0
25;2025-12-02;2;0
25;2025-12-02;3;0
25;2025-12-02;4;0
25;2025-12-02;5;4
25;2025-12-02;6;173
25;2025-12-02;7;573
25;2025-12-02;8;917
25;2025-12-02;9;519
25;2025-12-02;10;381
25;2025-12-02;11;438
25;2025-12-02;12;412
25;2025-12-02;13;480
25;2025-12-02;14;454
25;2025-12-02;15;537
25;2025-12-02;16;662
25;2025-12-02;17;716
25;2025-12-02;18;798
25;2025-12-02;19;563
25;2025-12-02;20;357
25;2025-12-02;21;225
25;2025-12-02;22;128
25;2025-12-02;23;8
25;2025-12-03;0;0
25;2025-12-03;1;0
25;2025-12-03;2;0
25;2025-12-03;3;0
25;2025-12-03;4;0
25;2025-12-03;5;4
25;2025-12-03;6;171
25;2025-12-03;7;542
25;2025-12-03;8;887
25;2025-12-03;9;476
25;2025-12-03;10;377
25;2025-12-03;11;411
25;2025-12-03;12;422
25;2025-12-03;13;518
25;2025-12-03;14;447
25;2025-12-03;15;532
25;2025-12-03;16;649
25;2025-12-03;17;753
25;2025-12-03;18;830
25;2025-12-03;19;525
25;2025-12-03;20;373
25;2025-12-03;21;235
25;2025-12-03;22;136
25;2025-12-03;23;6
25;2025-12-04;0;0
25;2025-12-04;1;0
25;2025-12-04;2;0
25;2025-12-04;3;0
25;2025-12-04;4;0
25;2025-12-04;5;6
25;2025-12-04;6;163
25;2025-12-04;7;548
25;2025-12-04;8;936
25;2025-12-04;9;495
25;2025-12-04;10;392
25;2025-12-04;11;415
25;2025-12-04;12;413
25;2025-12-04;13;494
25;2025-12-04;14;479
25;2025-12-04;15;532
25;2025-12-04;16;657
25;2025-12-04;17;760
25;2025-12-04;18;814
25;2025-12-04;19;542
25;2025-12-04;20;362
25;2025-12-04;21;239
25;2025-12-04;22;145
25;2025-12-04;23;8
25;2025-12-05;0;0
25;2025-12-05;1;0
25;2025-12-05;2;0
25;2025-12-05;3;0
25;2025-12-05;4;0
25;2025-12-05;5;3
25;2025-12-05;6;175
25;2025-12-05;7;563
25;2025-12-05;8;886
25;2025-12-05;9;482
25;2025-12-05;10;377
25;2025-12-05;11;434
25;2025-12-05;12;440
25;2025-12-05;13;528
25;2025-12-05;14;520
25;2025-12-05;15;623
25;2025-12-05;16;738
25;2025-12-05;17;773
25;2025-12-05;18;679
25;2025-12-05;19;490
25;2025-12-05;20;350
25;2025-12-05;21;246
25;2025-12-05;22;155
25;2025-12-05;23;9
25;2025-12-06;0;0
25;2025-12-06;1;0
25;2025-12-06;2;0
25;2025-12-06;3;0
25;2025-12-06;4;0
25;2025-12-06;5;1
25;2025-12-06;6;62
25;2025-12-06;7;154
25;2025-12-06;8;329
25;2025-12-06;9;323
25;2025-12-06;10;317
25;2025-12-06;11;405
25;2025-12-06;12;429
25;2025-12-06;13;553
25;2025-12-06;14;594
25;2025-12-06;15;682
25;2025-12-06;16;613
25;2025-12-06;17;546
25;2025-12-06;18;550
25;2025-12-06;19;469
25;2025-12-06;20;296
25;2025-12-06;21;264
25;2025-12-06;22;172
25;2025-12-06;23;63
25;2025-12-07;0;21
25;2025-12-07;1;0
25;2025-12-07;2;0
25;2025-12-07;3;0
25;2025-12-07;4;0
25;2025-12-07;5;2
25;2025-12-07;6;54
25;2025-12-07;7;117
25;2025-12-07;8;220
25;2025-12-07;9;241
25;2025-12-07;10;246
25;2025-12-07;11;313
25;2025-12-07;12;393
25;2025-12-07;13;479
25;2025-12-07;14;504
25;2025-12-07;15;621
25;2025-12-07;16;535
25;2025-12-07;17;498
25;2025-12-07;18;473
25;2025-12-07;19;382
25;2025-12-07;20;266
25;2025-12-07;21;231
25;2025-12-07;22;135
25;2025-12-07;23;46
25;2025-12-08;0;12
25;2025-12-08;1;0
25;2025-12-08;2;0
25;2025-12-08;3;0
25;2025-12-08;4;0
25;2025-12-08;5;5
25;2025-12-08;6;174
25;2025-12-08;7;562
25;2025-12-08;8;932
25;2025-12-08;9;491
25;2025-12-08;10;364
25;2025-12-08;11;379
25;2025-12-08;12;409
25;2025-12-08;13;507
25;2025-12-08;14;418
25;2025-12-08;15;512
25;2025-12-08;16;661
25;2025-12-08;17;723
25;2025-12-08;18;821
25;2025-12-08;19;518
25;2025-12-08;20;345
25;2025-12-08;21;230
25;2025-12-08;22;119
25;2025-12-08;23;8
25;2025-12-09;0;0
25;2025-12-09;1;0
25;2025-12-09;2;0
25;2025-12-09;3;0
25;2025-12-09;4;0
25;2025-12-09;5;4
25;2025-12-09;6;174
25;2025-12-09;7;575
25;2025-12-09;8;920
25;2025-12-09;9;521
25;2025-12-09;10;383
25;2025-12-09;11;440
25;2025-12-09;12;414
25;2025-12-09;13;482
25;2025-12-09;14;455
25;2025-12-09;15;539
25;2025-12-09;16;664
25;2025-12-09;17;719
25;2025-12-09;18;801
25;2025-12-09;19;565
25;2025-12-09;20;359
25;2025-12-09;21;226
25;2025-12-09;22;129
25;2025-12-09;23;8
25;2025-12-10;0;0
25;2025-12-10;1;0
25;2025-12-10;2;0
25;2025-12-10;3;0
25;2025-12-10;4;0
25;2025-12-10;5;4
25;2025-12-10;6;170
25;2025-12-10;7;538
25;2025-12-10;8;880
25;2025-12-10;9;473
25;2025-12-10;10;375
25;2025-12-10;11;408
25;2025-12-10;12;419
25;2025-12-10;13;515
25;2025-12-10;14;444
25;2025-12-10;15;528
25;2025-12-10;16;644
25;2025-12-10;17;748
25;2025-12-10;18;824
25;2025-12-10;19;521
25;2025-12-10;20;371
25;2025-12-10;21;234
25;2025-12-10;22;135
25;2025-12-10;23;6
25;2025-12-11;0;0
25;2025-12-11;1;0
25;2025-12-11;2;0
25;2025-12-11;3;0
25;2025-12-11;4;0
25;2025-12-11;5;6
25;2025-12-11;6;160
25;2025-12-11;7;538
25;2025-12-11;8;920
25;2025-12-11;9;487
25;2025-12-11;10;386
25;2025-12-11;11;408
25;2025-12-11;12;406
25;2025-12-11;13;485
25;2025-12-11;14;471
25;2025-12-11;15;523
25;2025-12-11;16;646
25;2025-12-11;17;747
25;2025-12-11;18;801
25;2025-12-11;19;533
25;2025-12-11;20;356
25;2025-12-11;21;235
25;2025-12-11;22;142
25;2025-12-11;23;8
25;2025-12-12;0;0
25;2025-12-12;1;0
25;2025-12-12;2;0
25;2025-12-12;3;0
25;2025-12-12;4;0
25;2025-12-12;5;3
25;2025-12-12;6;172
25;2025-12-12;7;553
25;2025-12-12;8;870
25;2025-12-12;9;473
25;2025-12-12;10;370
25;2025-12-12;11;426
25;2025-12-12;12;432
25;2025-12-12;13;518
25;2025-12-12;14;511
25;2025-12-12;15;612
25;2025-12-12;16;724
25;2025-12-12;17;759
25;2025-12-12;18;666
25;2025-12-12;19;480
25;2025-12-12;20;344
25;2025-12-12;21;241
25;2025-12-12;22;152
25;2025-12-12;23;9
25;2025-12-13;0;0
25;2025-12-13;1;0
25;2025-12-13;2;0
25;2025-12-13;3;0
25;2025-12-13;4;0
25;2025-12-13;5;1
25;2025-12-13;6;60
25;2025-12-13;7;149
25;2025-12-13;8;319
25;2025-12-13;9;313
25;2025-12-13;10;307
25;2025-12-13;11;393
25;2025-12-13;12;416
25;2025-12-13;13;537
25;2025-12-13;14;576
25;2025-12-13;15;661
25;2025-12-13;16;594
25;2025-12-13;17;529
25;2025-12-13;18;533
25;2025-12-13;19;455
25;2025-12-13;20;287
25;2025-12-13;21;256
25;2025-12-13;22;167
25;2025-12-13;23;61
25;2025-12-14;0;20
25;2025-12-14;1;0
25;2025-12-14;2;0
25;2025-12-14;3;0
25;2025-12-14;4;0
25;2025-12-14;5;2
25;2025-12-14;6;53
25;2025-12-14;7;116
25;2025-12-14;8;217
25;2025-12-14;9;238
25;2025-12-14;10;243
25;2025-12-14;11;309
25;2025-12-14;12;387
25;2025-12-14;13;473
25;2025-12-14;14;497
25;2025-12-14;15;613
25;2025-12-14;16;527
25;2025-12-14;17;491
25;2025-12-14;18;467
25;2025-12-14;19;377
25;2025-12-14;20;263
25;2025-12-14;21;228
25;2025-12-14;22;133
25;2025-12-14;23;45
25;2025-12-15;0;12
25;2025-12-15;1;0
25;2025-12-15;2;0
25;2025-12-15;3;0
25;2025-12-15;4;0
25;2025-12-15;5;5
25;2025-12-15;6;173
25;2025-12-15;7;561
25;2025-12-15;8;931
25;2025-12-15;9;490
25;2025-12-15;10;363
25;2025-12-15;11;379
25;2025-12-15;12;409
25;2025-12-15;13;506
25;2025-12-15;14;418
25;2025-12-15;15;512
25;2025-12-15;16;661
25;2025-12-15;17;722
25;2025-12-15;18;820
25;2025-12-15;19;518
25;2025-12-15;20;345
25;2025-12-15;21;229
25;2025-12-15;22;119
25;2025-12-15;23;8
25;2025-12-16;0;0
25;2025-12-16;1;0
25;2025-12-16;2;0
25;2025-12-16;3;0
25;2025-12-16;4;0
25;2025-12-16;5;4
25;2025-12-16;6;171
25;2025-12-16;7;567
25;2025-12-16;8;907
25;2025-12-16;9;514
25;2025-12-16;10;378
25;2025-12-16;11;434
25;2025-12-16;12;408
25;2025-12-16;13;475
25;2025-12-16;14;449
25;2025-12-16;15;531
25;2025-12-16;16;655
25;2025-12-16;17;709
25;2025-12-16;18;790
25;2025-12-16;19;557
25;2025-12-16;20;354
25;2025-12-16;21;223
25;2025-12-16;22;127
25;2025-12-16;23;8
25;2025-12-17;0;0
25;2025-12-17;1;0
25;2025-12-17;2;0
25;2025-12-17;3;0
25;2025-12-17;4;0
25;2025-12-17;5;4
25;2025-12-17;6;173
25;2025-12-17;7;548
25;2025-12-17;8;896
25;2025-12-17;9;482
25;2025-12-17;10;381
25;2025-12-17;11;416
25;2025-12-17;12;426
25;2025-12-17;13;524
25;2025-12-17;14;452
25;2025-12-17;15;537
25;2025-12-17;16;656
25;2025-12-17;17;762
25;2025-12-17;18;839
25;2025-12-17;19;531
25;2025-12-17;20;378
25;2025-12-17;21;238
25;2025-12-17;22;138
25;2025-12-17;23;6
25;2025-12-18;0;0
25;2025-12-18;1;0
25;2025-12-18;2;0
25;2025-12-18;3;0
25;2025-12-18;4;0
25;2025-12-18;5;6
25;2025-12-18;6;164
25;2025-12-18;7;551
25;2025-12-18;8;942
25;2025-12-18;9;498
25;2025-12-18;10;394
25;2025-12-18;11;418
25;2025-12-18;12;415
25;2025-12-18;13;497
25;2025-12-18;14;482
25;2025-12-18;15;535
25;2025-12-18;16;661
25;2025-12-18;17;765
25;2025-12-18;18;819
25;2025-12-18;19;545
25;2025-12-18;20;364
25;2025-12-18;21;241
25;2025-12-18;22;146
25;2025-12-18;23;8
25;2025-12-19;0;0
25;2025-12-19;1;0
25;2025-12-19;2;0
25;2025-12-19;3;0
25;2025-12-19;4;0
25;2025-12-19;5;3
25;2025-12-19;6;174
25;2025-12-19;7;561
25;2025-12-19;8;882
25;2025-12-19;9;479
25;2025-12-19;10;375
25;2025-12-19;11;432
25;2025-12-19;12;438
25;2025-12-19;13;525
25;2025-12-19;14;518
25;2025-12-19;15;620
25;2025-12-19;16;734
25;2025-12-19;17;769
25;2025-12-19;18;675
25;2025-12-19;19;487
25;2025-12-19;20;349
25;2025-12-19;21;244
25;2025-12-19;22;154
25;2025-12-19;23;9
25;2025-12-20;0;0
25;2025-12-20;1;0
25;2025-12-20;2;0
25;2025-12-20;3;0
25;2025-12-20;4;0
25;2025-12-20;5;1
25;2025-12-20;6;61
25;2025-12-20;7;152
25;2025-12-20;8;326
25;2025-12-20;9;320
25;2025-12-20;10;314
25;2025-12-20;11;401
25;2025-12-20;12;425
25;2025-12-20;13;548
25;2025-12-20;14;588
25;2025-12-20;15;675
25;2025-12-20;16;607
25;2025-12-20;17;541
25;2025-12-20;18;544
25;2025-12-20;19;465
25;2025-12-20;20;293
25;2025-12-20;21;261
25;2025-12-20;22;171
25;2025-12-20;23;63
25;2025-12-21;0;20
25;2025-12-21;1;0
25;2025-12-21;2;0
25;2025-12-21;3;0
25;2025-12-21;4;0
25;2025-12-21;5;2
25;2025-12-21;6;53
25;2025-12-21;7;116
25;2025-12-21;8;219
25;2025-12-21;9;240
25;2025-12-21;10;244
25;2025-12-21;11;311
25;2025-12-21;12;390
25;2025-12-21;13;476
25;2025-12-21;14;501
25;2025-12-21;15;617
25;2025-12-21;16;531
25;2025-12-21;17;495
25;2025-12-21;18;470
25;2025-12-21;19;379
25;2025-12-21;20;264
25;2025-12-21;21;230
25;2025-12-21;22;134
25;2025-12-21;23;45
25;2025-12-22;0;12
25;2025-12-22;1;0
25;2025-12-22;2;0
25;2025-12-22;3;0
25;2025-12-22;4;0
25;2025-12-22;5;5
25;2025-12-22;6;170
25;2025-12-22;7;552
25;2025-12-22;8;915
25;2025-12-22;9;482
25;2025-12-22;10;357
25;2025-12-22;11;372
25;2025-12-22;12;402
25;2025-12-22;13;497
25;2025-12-22;14;411
25;2025-12-22;15;503
25;2025-12-22;16;649
25;2025-12-22;17;710
25;2025-12-22;18;806
25;2025-12-22;19;509
25;2025-12-22;20;339
25;2025-12-22;21;225
25;2025-12-22;22;117
25;2025-12-22;23;8
25;2025-12-23;0;0
25;2025-12-23;1;0
25;2025-12-23;2;0
25;2025-12-23;3;0
25;2025-12-23;4;0
25;2025-12-23;5;5
25;2025-12-23;6;176
25;2025-12-23;7;581
25;2025-12-23;8;930
25;2025-12-23;9;526
25;2025-12-23;10;387
25;2025-12-23;11;444
25;2025-12-23;12;418
25;2025-12-23;13;486
25;2025-12-23;14;460
25;2025-12-23;15;544
25;2025-12-23;16;671
25;2025-12-23;17;727
25;2025-12-23;18;809
25;2025-12-23;19;571
25;2025-12-23;20;362
25;2025-12-23;21;228
25;2025-12-23;22;130
25;2025-12-23;23;8
25;2025-12-24;0;0
25;2025-12-24;1;0
25;2025-12-24;2;0
25;2025-12-24;3;0
25;2025-12-24;4;0
25;2025-12-24;5;4
25;2025-12-24;6;172
25;2025-12-24;7;545
25;2025-12-24;8;892
25;2025-12-24;9;479
25;2025-12-24;10;379
25;2025-12-24;11;414
25;2025-12-24;12;424
25;2025-12-24;13;521
25;2025-12-24;14;450
25;2025-12-24;15;535
25;2025-12-24;16;652
25;2025-12-24;17;758
25;2025-12-24;18;834
25;2025-12-24;19;528
25;2025-12-24;20;376
25;2025-12-24;21;236
25;2025-12-24;22;137
25;2025-12-24;23;6
25;2025-12-25;0;0
25;2025-12-25;1;0
25;2025-12-25;2;0
25;2025-12-25;3;0
25;2025-12-25;4;0
25;2025-12-25;5;6
25;2025-12-25;6;161
25;2025-12-25;7;542
25;2025-12-25;8;926
25;2025-12-25;9;490
25;2025-12-25;10;388
25;2025-12-25;11;411
25;2025-12-25;12;408
25;2025-12-25;13;488
25;2025-12-25;14;474
25;2025-12-25;15;526
25;2025-12-25;16;649
25;2025-12-25;17;752
25;2025-12-25;18;805
25;2025-12-25;19;536
25;2025-12-25;20;358
25;2025-12-25;21;237
25;2025-12-25;22;143
25;2025-12-25;23;8
25;2025-12-26;0;0
25;2025-12-26;1;0
25;2025-12-26;2;0
25;2025-12-26;3;0
25;2025-12-26;4;0
25;2025-12-26;5;3
25;2025-12-26;6;167
25;2025-12-26;7;539
25;2025-12-26;8;848
25;2025-12-26;9;461
25;2025-12-26;10;361
25;2025-12-26;11;415
25;2025-12-26;12;421
25;2025-12-26;13;505
25;2025-12-26;14;498
25;2025-12-26;15;596
25;2025-12-26;16;706
25;2025-12-26;17;740
25;2025-12-26;18;650
25;2025-12-26;19;468
25;2025-12-26;20;335
25;2025-12-26;21;235
25;2025-12-26;22;148
25;2025-12-26;23;8
25;2025-12-27;0;0
25;2025-12-27;1;0
25;2025-12-27;2;0
25;2025-12-27;3;0
25;2025-12-27;4;0
25;2025-12-27;5;1
25;2025-12-27;6;60
25;2025-12-27;7;150
25;2025-12-27;8;320
25;2025-12-27;9;314
25;2025-12-27;10;308
25;2025-12-27;11;394
25;2025-12-27;12;417
25;2025-12-27;13;538
25;2025-12-27;14;578
25;2025-12-27;15;663
25;2025-12-27;16;596
25;2025-12-27;17;531
25;2025-12-27;18;535
25;2025-12-27;19;456
25;2025-12-27;20;288
25;2025-12-27;21;257
25;2025-12-27;22;168
25;2025-12-27;23;61
25;2025-12-28;0;20
25;2025-12-28;1;0
25;2025-12-28;2;0
25;2025-12-28;3;0
25;2025-12-28;4;0
25;2025-12-28;5;2
25;2025-12-28;6;52
25;2025-12-28;7;113
25;2025-12-28;8;212
25;2025-12-28;9;233
25;2025-12-28;10;237
25;2025-12-28;11;302
25;2025-12-28;12;379
25;2025-12-28;13;462
25;2025-12-28;14;487
25;2025-12-28;15;599
25;2025-12-28;16;516
25;2025-12-28;17;481
25;2025-12-28;18;457
25;2025-12-28;19;369
25;2025-12-28;20;257
25;2025-12-28;21;223
25;2025-12-28;22;130
25;2025-12-28;23;44
25;2025-12-29;0;12
25;2025-12-29;1;0
25;2025-12-29;2;0
25;2025-12-29;3;0
25;2025-12-29;4;0
25;2025-12-29;5;5
25;2025-12-29;6;171
25;2025-12-29;7;554
25;2025-12-29;8;919
25;2025-12-29;9;484
25;2025-12-29;10;358
25;2025-12-29;11;374
25;2025-12-29;12;403
25;2025-12-29;13;499
25;2025-12-29;14;412
25;2025-12-29;15;505
25;2025-12-29;16;652
25;2025-12-29;17;713
25;2025-12-29;18;809
25;2025-12-29;19;511
25;2025-12-29;20;341
25;2025-12-29;21;226
25;2025-12-29;22;117
25;2025-12-29;23;8
25;2025-12-30;0;0
25;2025-12-30;1;0
25;2025-12-30;2;0
25;2025-12-30;3;0
25;2025-12-30;4;0
25;2025-12-30;5;4
25;2025-12-30;6;170
25;2025-12-30;7;562
25;2025-12-30;8;899
25;2025-12-30;9;509
25;2025-12-30;10;374
25;2025-12-30;11;430
25;2025-12-30;12;404
25;2025-12-30;13;470
25;2025-12-30;14;445
25;2025-12-30;15;526
25;2025-12-30;16;649
25;2025-12-30;17;702
25;2025-12-30;18;782
25;2025-12-30;19;551
25;2025-12-30;20;350
25;2025-12-30;21;221
25;2025-12-30;22;126
25;2025-12-30;23;8
25;2025-12-31;0;12
25;2025-12-31;1;0
25;2025-12-31;2;0
25;2025-12-31;3;0
25;2025-12-31;4;0
25;2025-12-31;5;1
25;2025-12-31;6;46
25;2025-12-31;7;105
25;2025-12-31;8;206
25;2025-12-31;9;211
25;2025-12-31;10;226
25;2025-12-31;11;282
25;2025-12-31;12;323
25;2025-12-31;13;412
25;2025-12-31;14;466
25;2025-12-31;15;557
25;2025-12-31;16;475
25;2025-12-31;17;428
25;2025-12-31;18;421
25;2025-12-31;19;358
25;2025-12-31;20;262
25;2025-12-31;21;233
25;2025-12-31;22;134
25;2025-12-31;23;49
26;2025-11-01;0;40
26;2025-11-01;1;2
26;2025-11-01;2;0
26;2025-11-01;3;0
26;2025-11-01;4;2
26;2025-11-01;5;92
26;2025-11-01;6;543
26;2025-11-01;7;1080
26;2025-11-01;8;1973
26;2025-11-01;9;1440
26;2025-11-01;10;1236
26;2025-11-01;11;1094
26;2025-11-01;12;1148
26;2025-11-01;13;1200
26;2025-11-01;14;1195
26;2025-11-01;15;1372
26;2025-11-01;16;1654
26;2025-11-01;17;1720
26;2025-11-01;18;1474
26;2025-11-01;19;1158
26;2025-11-01;20;785
26;2025-11-01;21;509
26;2025-11-01;22;283
26;2025-11-01;23;171
26;2025-11-02;0;42
26;2025-11-02;1;5
26;2025-11-02;2;0
26;2025-11-02;3;0
26;2025-11-02;4;3
26;2025-11-02;5;39
26;2025-11-02;6;204
26;2025-11-02;7;284
26;2025-11-02;8;389
26;2025-11-02;9;481
26;2025-11-02;10;554
26;2025-11-02;11;688
26;2025-11-02;12;732
26;2025-11-02;13;754
26;2025-11-02;14;752
26;2025-11-02;15;691
26;2025-11-02;16;688
26;2025-11-02;17;696
26;2025-11-02;18;675
26;2025-11-02;19;627
26;2025-11-02;20;472
26;2025-11-02;21;308
26;2025-11-02;22;213
26;2025-11-02;23;111
26;2025-11-03;0;40
26;2025-11-03;1;4
26;2025-11-03;2;0
26;2025-11-03;3;0
26;2025-11-03;4;3
26;2025-11-03;5;37
26;2025-11-03;6;197
26;2025-11-03;7;275
26;2025-11-03;8;376
26;2025-11-03;9;466
26;2025-11-03;10;536
26;2025-11-03;11;666
26;2025-11-03;12;708
26;2025-11-03;13;730
26;2025-11-03;14;728
26;2025-11-03;15;668
26;2025-11-03;16;665
26;2025-11-03;17;673
26;2025-11-03;18;653
26;2025-11-03;19;607
26;2025-11-03;20;457
26;2025-11-03;21;298
26;2025-11-03;22;206
26;2025-11-03;23;108
26;2025-11-04;0;40
26;2025-11-04;1;4
26;2025-11-04;2;0
26;2025-11-04;3;0
26;2025-11-04;4;3
26;2025-11-04;5;37
26;2025-11-04;6;197
26;2025-11-04;7;274
26;2025-11-04;8;376
26;2025-11-04;9;466
26;2025-11-04;10;536
26;2025-11-04;11;666
26;2025-11-04;12;708
26;2025-11-04;13;729
26;2025-11-04;14;727
26;2025-11-04;15;668
26;2025-11-04;16;665
26;2025-11-04;17;673
26;2025-11-04;18;653
26;2025-11-04;19;607
26;2025-11-04;20;457
26;2025-11-04;21;298
26;2025-11-04;22;206
26;2025-11-04;23;108
26;2025-11-05;0;37
26;2025-11-05;1;1
26;2025-11-05;2;0
26;2025-11-05;3;0
26;2025-11-05;4;3
26;2025-11-05;5;93
26;2025-11-05;6;563
26;2025-11-05;7;1112
26;2025-11-05;8;2123
26;2025-11-05;9;1514
26;2025-11-05;10;1235
26;2025-11-05;11;1120
26;2025-11-05;12;1147
26;2025-11-05;13;1190
26;2025-11-05;14;1243
26;2025-11-05;15;1291
26;2025-11-05;16;1438
26;2025-11-05;17;1677
26;2025-11-05;18;1897
26;2025-11-05;19;1335
26;2025-11-05;20;826
26;2025-11-05;21;524
26;2025-11-05;22;263
26;2025-11-05;23;136
26;2025-11-06;0;39
26;2025-11-06;1;1
26;2025-11-06;2;0
26;2025-11-06;3;0
26;2025-11-06;4;2
26;2025-11-06;5;89
26;2025-11-06;6;538
26;2025-11-06;7;1070
26;2025-11-06;8;2047
26;2025-11-06;9;1472
26;2025-11-06;10;1173
26;2025-11-06;11;1104
26;2025-11-06;12;1103
26;2025-11-06;13;1126
26;2025-11-06;14;1167
26;2025-11-06;15;1267
26;2025-11-06;16;1435
26;2025-11-06;17;1641
26;2025-11-06;18;1905
26;2025-11-06;19;1294
26;2025-11-06;20;816
26;2025-11-06;21;489
26;2025-11-06;22;260
26;2025-11-06;23;133
26;2025-11-07;0;38
26;2025-11-07;1;2
26;2025-11-07;2;0
26;2025-11-07;3;0
26;2025-11-07;4;2
26;2025-11-07;5;90
26;2025-11-07;6;528
26;2025-11-07;7;1049
26;2025-11-07;8;1917
26;2025-11-07;9;1400
26;2025-11-07;10;1201
26;2025-11-07;11;1063
26;2025-11-07;12;1115
26;2025-11-07;13;1166
26;2025-11-07;14;1161
26;2025-11-07;15;1333
26;2025-11-07;16;1607
26;2025-11-07;17;1672
26;2025-11-07;18;1432
26;2025-11-07;19;1125
26;2025-11-07;20;763
26;2025-11-07;21;495
26;2025-11-07;22;275
26;2025-11-07;23;166
26;2025-11-08;0;53
26;2025-11-08;1;2
26;2025-11-08;2;0
26;2025-11-08;3;0
26;2025-11-08;4;2
26;2025-11-08;5;49
26;2025-11-08;6;286
26;2025-11-08;7;389
26;2025-11-08;8;579
26;2025-11-08;9;696
26;2025-11-08;10;814
26;2025-11-08;11;995
26;2025-11-08;12;995
26;2025-11-08;13;1028
26;2025-11-08;14;1013
26;2025-11-08;15;956
26;2025-11-08;16;959
26;2025-11-08;17;933
26;2025-11-08;18;907
26;2025-11-08;19;858
26;2025-11-08;20;592
26;2025-11-08;21;385
26;2025-11-08;22;250
26;2025-11-08;23;164
26;2025-11-09;0;55
26;2025-11-09;1;8
26;2025-11-09;2;0
26;2025-11-09;3;0
26;2025-11-09;4;2
26;2025-11-09;5;28
26;2025-11-09;6;155
26;2025-11-09;7;270
26;2025-11-09;8;387
26;2025-11-09;9;526
26;2025-11-09;10;571
26;2025-11-09;11;763
26;2025-11-09;12;812
26;2025-11-09;13;840
26;2025-11-09;14;833
26;2025-11-09;15;765
26;2025-11-09;16;765
26;2025-11-09;17;776
26;2025-11-09;18;726
26;2025-11-09;19;589
26;2025-11-09;20;433
26;2025-11-09;21;323
26;2025-11-09;22;223
26;2025-11-09;23;112
26;2025-11-10;0;36
26;2025-11-10;1;3
26;2025-11-10;2;0
26;2025-11-10;3;0
26;2025-11-10;4;3
26;2025-11-10;5;91
26;2025-11-10;6;563
26;2025-11-10;7;1099
26;2025-11-10;8;2046
26;2025-11-10;9;1482
26;2025-11-10;10;1216
26;2025-11-10;11;1069
26;2025-11-10;12;1098
26;2025-11-10;13;1184
26;2025-11-10;14;1162
26;2025-11-10;15;1243
26;2025-11-10;16;1443
26;2025-11-10;17;1684
26;2025-11-10;18;1933
26;2025-11-10;19;1302
26;2025-11-10;20;820
26;2025-11-10;21;473
26;2025-11-10;22;248
26;2025-11-10;23;118
26;2025-11-11;0;33
26;2025-11-11;1;1
26;2025-11-11;2;0
26;2025-11-11;3;0
26;2025-11-11;4;3
26;2025-11-11;5;93
26;2025-11-11;6;564
26;2025-11-11;7;1124
26;2025-11-11;8;2101
26;2025-11-11;9;1526
26;2025-11-11;10;1231
26;2025-11-11;11;1131
26;2025-11-11;12;1138
26;2025-11-11;13;1166
26;2025-11-11;14;1180
26;2025-11-11;15;1271
26;2025-11-11;16;1458
26;2025-11-11;17;1707
26;2025-11-11;18;1921
26;2025-11-11;19;1358
26;2025-11-11;20;844
26;2025-11-11;21;502
26;2025-11-11;22;256
26;2025-11-11;23;128
26;2025-11-12;0;36
26;2025-11-12;1;1
26;2025-11-12;2;0
26;2025-11-12;3;0
26;2025-11-12;4;3
26;2025-11-12;5;91
26;2025-11-12;6;549
26;2025-11-12;7;1084
26;2025-11-12;8;2069
26;2025-11-12;9;1476
26;2025-11-12;10;1204
26;2025-11-12;11;1091
26;2025-11-12;12;1118
26;2025-11-12;13;1159
26;2025-11-12;14;1211
26;2025-11-12;15;1258
26;2025-11-12;16;1401
26;2025-11-12;17;1634
26;2025-11-12;18;1848
26;2025-11-12;19;1301
26;2025-11-12;20;805
26;2025-11-12;21;510
26;2025-11-12;22;256
26;2025-11-12;23;133
26;2025-11-13;0;40
26;2025-11-13;1;1
26;2025-11-13;2;0
26;2025-11-13;3;0
26;2025-11-13;4;2
26;2025-11-13;5;90
26;2025-11-13;6;542
26;2025-11-13;7;1078
26;2025-11-13;8;2063
26;2025-11-13;9;1483
26;2025-11-13;10;1182
26;2025-11-13;11;1113
26;2025-11-13;12;1111
26;2025-11-13;13;1134
26;2025-11-13;14;1176
26;2025-11-13;15;1276
26;2025-11-13;16;1446
26;2025-11-13;17;1654
26;2025-11-13;18;1919
26;2025-11-13;19;1304
26;2025-11-13;20;822
26;2025-11-13;21;493
26;2025-11-13;22;262
26;2025-11-13;23;134
26;2025-11-14;0;39
26;2025-11-14;1;2
26;2025-11-14;2;0
26;2025-11-14;3;0
26;2025-11-14;4;2
26;2025-11-14;5;90
26;2025-11-14;6;531
26;2025-11-14;7;1054
26;2025-11-14;8;1927
26;2025-11-14;9;1407
26;2025-11-14;10;1207
26;2025-11-14;11;1069
26;2025-11-14;12;1121
26;2025-11-14;13;1172
26;2025-11-14;14;1167
26;2025-11-14;15;1340
26;2025-11-14;16;1616
26;2025-11-14;17;1680
26;2025-11-14;18;1439
26;2025-11-14;19;1131
26;2025-11-14;20;766
26;2025-11-14;21;497
26;2025-11-14;22;276
26;2025-11-14;23;167
26;2025-11-15;0;48
26;2025-11-15;1;2
26;2025-11-15;2;0
26;2025-11-15;3;0
26;2025-11-15;4;2
26;2025-11-15;5;45
26;2025-11-15;6;261
26;2025-11-15;7;355
26;2025-11-15;8;528
26;2025-11-15;9;636
26;2025-11-15;10;743
26;2025-11-15;11;908
26;2025-11-15;12;908
26;2025-11-15;13;939
26;2025-11-15;14;925
26;2025-11-15;15;873
26;2025-11-15;16;875
26;2025-11-15;17;852
26;2025-11-15;18;827
26;2025-11-15;19;783
26;2025-11-15;20;541
26;2025-11-15;21;351
26;2025-11-15;22;228
26;2025-11-15;23;150
26;2025-11-16;0;55
26;2025-11-16;1;8
26;2025-11-16;2;0
26;2025-11-16;3;0
26;2025-11-16;4;2
26;2025-11-16;5;28
26;2025-11-16;6;155
26;2025-11-16;7;270
26;2025-11-16;8;386
26;2025-11-16;9;526
26;2025-11-16;10;571
26;2025-11-16;11;763
26;2025-11-16;12;811
26;2025-11-16;13;839
26;2025-11-16;14;833
26;2025-11-16;15;764
26;2025-11-16;16;764
26;2025-11-16;17;776
26;2025-11-16;18;725
26;2025-11-16;19;589
26;2025-11-16;20;433
26;2025-11-16;21;322
26;2025-11-16;22;222
26;2025-11-16;23;112
26;2025-11-17;0;35
26;2025-11-17;1;3
26;2025-11-17;2;0
26;2025-11-17;3;0
26;2025-11-17;4;3
26;2025-11-17;5;88
26;2025-11-17;6;546
26;2025-11-17;7;1066
26;2025-11-17;8;1985
26;2025-11-17;9;1437
26;2025-11-17;10;1179
26;2025-11-17;11;1037
26;2025-11-17;12;1065
26;2025-11-17;13;1149
26;2025-11-17;14;1127
26;2025-11-17;15;1205
26;2025-11-17;16;1400
26;2025-11-17;17;1634
26;2025-11-17;18;1875
26;2025-11-17;19;1263
26;2025-11-17;20;795
26;2025-11-17;21;458
26;2025-11-17;22;241
26;2025-11-17;23;115
26;2025-11-18;0;30
26;2025-11-18;1;1
26;2025-11-18;2;0
26;2025-11-18;3;0
26;2025-11-18;4;3
26;2025-11-18;5;87
26;2025-11-18;6;529
26;2025-11-18;7;1053
26;2025-11-18;8;1968
26;2025-11-18;9;1430
26;2025-11-18;10;1153
26;2025-11-18;11;1059
26;2025-11-18;12;1066
26;2025-11-18;13;1092
26;2025-11-18;14;1105
26;2025-11-18;15;1190
26;2025-11-18;16;1366
26;2025-11-18;17;1598
26;2025-11-18;18;1799
26;2025-11-18;19;1272
26;2025-11-18;20;791
26;2025-11-18;21;470
26;2025-11-18;22;239
26;2025-11-18;23;120
26;2025-11-19;0;37
26;2025-11-19;1;1
26;2025-11-19;2;0
26;2025-11-19;3;0
26;2025-11-19;4;3
26;2025-11-19;5;92
26;2025-11-19;6;555
26;2025-11-19;7;1097
26;2025-11-19;8;2094
26;2025-11-19;9;1494
26;2025-11-19;10;1218
26;2025-11-19;11;1105
26;2025-11-19;12;1132
26;2025-11-19;13;1174
26;2025-11-19;14;1226
26;2025-11-19;15;1273
26;2025-11-19;16;1418
26;2025-11-19;17;1654
26;2025-11-19;18;1871
26;2025-11-19;19;1317
26;2025-11-19;20;815
26;2025-11-19;21;516
26;2025-11-19;22;259
26;2025-11-19;23;135
26;2025-11-20;0;40
26;2025-11-20;1;1
26;2025-11-20;2;0
26;2025-11-20;3;0
26;2025-11-20;4;2
26;2025-11-20;5;90
26;2025-11-20;6;543
26;2025-11-20;7;1081
26;2025-11-20;8;2069
26;2025-11-20;9;1488
26;2025-11-20;10;1185
26;2025-11-20;11;1116
26;2025-11-20;12;1114
26;2025-11-20;13;1137
26;2025-11-20;14;1179
26;2025-11-20;15;1280
26;2025-11-20;16;1450
26;2025-11-20;17;1659
26;2025-11-20;18;1925
26;2025-11-20;19;1308
26;2025-11-20;20;825
26;2025-11-20;21;494
26;2025-11-20;22;262
26;2025-11-20;23;134
26;2025-11-21;0;39
26;2025-11-21;1;2
26;2025-11-21;2;0
26;2025-11-21;3;0
26;2025-11-21;4;2
26;2025-11-21;5;90
26;2025-11-21;6;530
26;2025-11-21;7;1054
26;2025-11-21;8;1926
26;2025-11-21;9;1406
26;2025-11-21;10;1206
26;2025-11-21;11;1068
26;2025-11-21;12;1120
26;2025-11-21;13;1171
26;2025-11-21;14;1166
26;2025-11-21;15;1339
26;2025-11-21;16;1615
26;2025-11-21;17;1679
26;2025-11-21;18;1438
26;2025-11-21;19;1130
26;2025-11-21;20;766
26;2025-11-21;21;497
26;2025-11-21;22;276
26;2025-11-21;23;167
26;2025-11-22;0;50
26;2025-11-22;1;2
26;2025-11-22;2;0
26;2025-11-22;3;0
26;2025-11-22;4;2
26;2025-11-22;5;47
26;2025-11-22;6;273
26;2025-11-22;7;371
26;2025-11-22;8;552
26;2025-11-22;9;664
26;2025-11-22;10;776
26;2025-11-22;11;949
26;2025-11-22;12;949
26;2025-11-22;13;981
26;2025-11-22;14;966
26;2025-11-22;15;912
26;2025-11-22;16;914
26;2025-11-22;17;890
26;2025-11-22;18;865
26;2025-11-22;19;818
26;2025-11-22;20;565
26;2025-11-22;21;367
26;2025-11-22;22;239
26;2025-11-22;23;156
26;2025-11-23;0;55
26;2025-11-23;1;8
26;2025-11-23;2;0
26;2025-11-23;3;0
26;2025-11-23;4;2
26;2025-11-23;5;28
26;2025-11-23;6;155
26;2025-11-23;7;271
26;2025-11-23;8;387
26;2025-11-23;9;527
26;2025-11-23;10;572
26;2025-11-23;11;764
26;2025-11-23;12;812
26;2025-11-23;13;841
26;2025-11-23;14;834
26;2025-11-23;15;766
26;2025-11-23;16;766
26;2025-11-23;17;777
26;2025-11-23;18;726
26;2025-11-23;19;590
26;2025-11-23;20;433
26;2025-11-23;21;323
26;2025-11-23;22;223
26;2025-11-23;23;112
26;2025-11-24;0;33
26;2025-11-24;1;3
26;2025-11-24;2;0
26;2025-11-24;3;0
26;2025-11-24;4;3
26;2025-11-24;5;84
26;2025-11-24;6;524
26;2025-11-24;7;1022
26;2025-11-24;8;1904
26;2025-11-24;9;1379
26;2025-11-24;10;1131
26;2025-11-24;11;994
26;2025-11-24;12;1022
26;2025-11-24;13;1102
26;2025-11-24;14;1081
26;2025-11-24;15;1156
26;2025-11-24;16;1342
26;2025-11-24;17;1567
26;2025-11-24;18;1798
26;2025-11-24;19;1212
26;2025-11-24;20;763
26;2025-11-24;21;440
26;2025-11-24;22;231
26;2025-11-24;23;110
26;2025-11-25;0;32
26;2025-11-25;1;1
26;2025-11-25;2;0
26;2025-11-25;3;0
26;2025-11-25;4;3
26;2025-11-25;5;92
26;2025-11-25;6;563
26;2025-11-25;7;1120
26;2025-11-25;8;2094
26;2025-11-25;9;1521
26;2025-11-25;10;1227
26;2025-11-25;11;1127
26;2025-11-25;12;1135
26;2025-11-25;13;1162
26;2025-11-25;14;1176
26;2025-11-25;15;1267
26;2025-11-25;16;1454
26;2025-11-25;17;1701
26;2025-11-25;18;1914
26;2025-11-25;19;1354
26;2025-11-25;20;841
26;2025-11-25;21;500
26;2025-11-25;22;255
26;2025-11-25;23;128
26;2025-11-26;0;35
26;2025-11-26;1;1
26;2025-11-26;2;0
26;2025-11-26;3;0
26;2025-11-26;4;3
26;2025-11-26;5;87
26;2025-11-26;6;524
26;2025-11-26;7;1036
26;2025-11-26;8;1977
26;2025-11-26;9;1411
26;2025-11-26;10;1151
26;2025-11-26;11;1043
26;2025-11-26;12;1069
26;2025-11-26;13;1108
26;2025-11-26;14;1158
26;2025-11-26;15;1202
26;2025-11-26;16;1339
26;2025-11-26;17;1562
26;2025-11-26;18;1767
26;2025-11-26;19;1243
26;2025-11-26;20;769
26;2025-11-26;21;488
26;2025-11-26;22;245
26;2025-11-26;23;127
26;2025-11-27;0;38
26;2025-11-27;1;1
26;2025-11-27;2;0
26;2025-11-27;3;0
26;2025-11-27;4;2
26;2025-11-27;5;86
26;2025-11-27;6;515
26;2025-11-27;7;1025
26;2025-11-27;8;1961
26;2025-11-27;9;1410
26;2025-11-27;10;1123
26;2025-11-27;11;1058
26;2025-11-27;12;1056
26;2025-11-27;13;1078
26;2025-11-27;14;1118
26;2025-11-27;15;1213
26;2025-11-27;16;1375
26;2025-11-27;17;1572
26;2025-11-27;18;1825
26;2025-11-27;19;1239
26;2025-11-27;20;782
26;2025-11-27;21;468
26;2025-11-27;22;249
26;2025-11-27;23;127
26;2025-11-28;0;37
26;2025-11-28;1;2
26;2025-11-28;2;0
26;2025-11-28;3;0
26;2025-11-28;4;2
26;2025-11-28;5;87
26;2025-11-28;6;511
26;2025-11-28;7;1016
26;2025-11-28;8;1857
26;2025-11-28;9;1356
26;2025-11-28;10;1163
26;2025-11-28;11;1030
26;2025-11-28;12;1080
26;2025-11-28;13;1129
26;2025-11-28;14;1125
26;2025-11-28;15;1291
26;2025-11-28;16;1557
26;2025-11-28;17;1619
26;2025-11-28;18;1387
26;2025-11-28;19;1090
26;2025-11-28;20;739
26;2025-11-28;21;479
26;2025-11-28;22;266
26;2025-11-28;23;161
26;2025-11-29;0;53
26;2025-11-29;1;2
26;2025-11-29;2;0
26;2025-11-29;3;0
26;2025-11-29;4;2
26;2025-11-29;5;49
26;2025-11-29;6;285
26;2025-11-29;7;388
26;2025-11-29;8;577
26;2025-11-29;9;694
26;2025-11-29;10;811
26;2025-11-29;11;991
26;2025-11-29;12;991
26;2025-11-29;13;1024
26;2025-11-29;14;1009
26;2025-11-29;15;952
26;2025-11-29;16;955
26;2025-11-29;17;929
26;2025-11-29;18;903
26;2025-11-29;19;855
26;2025-11-29;20;590
26;2025-11-29;21;384
26;2025-11-29;22;249
26;2025-11-29;23;163
26;2025-11-30;0;55
26;2025-11-30;1;8
26;2025-11-30;2;0
26;2025-11-30;3;0
26;2025-11-30;4;2
26;2025-11-30;5;28
26;2025-11-30;6;155
26;2025-11-30;7;270
26;2025-11-30;8;386
26;2025-11-30;9;526
26;2025-11-30;10;570
26;2025-11-30;11;762
26;2025-11-30;12;811
26;2025-11-30;13;839
26;2025-11-30;14;832
26;2025-11-30;15;764
26;2025-11-30;16;764
26;2025-11-30;17;775
26;2025-11-30;18;725
26;2025-11-30;19;589
26;2025-11-30;20;432
26;2025-11-30;21;322
26;2025-11-30;22;222
26;2025-11-30;23;112
26;2025-12-01;0;37
26;2025-12-01;1;3
26;2025-12-01;2;0
26;2025-12-01;3;0
26;2025-12-01;4;3
26;2025-12-01;5;94
26;2025-12-01;6;583
26;2025-12-01;7;1139
26;2025-12-01;8;2120
26;2025-12-01;9;1535
26;2025-12-01;10;1260
26;2025-12-01;11;1107
26;2025-12-01;12;1138
26;2025-12-01;13;1227
26;2025-12-01;14;1204
26;2025-12-01;15;1287
26;2025-12-01;16;1495
26;2025-12-01;17;1745
26;2025-12-01;18;2002
26;2025-12-01;19;1349
26;2025-12-01;20;849
26;2025-12-01;21;490
26;2025-12-01;22;257
26;2025-12-01;23;123
26;2025-12-02;0;34
26;2025-12-02;1;1
26;2025-12-02;2;0
26;2025-12-02;3;0
26;2025-12-02;4;3
26;2025-12-02;5;96
26;2025-12-02;6;583
26;2025-12-02;7;1161
26;2025-12-02;8;2171
26;2025-12-02;9;1577
26;2025-12-02;10;1272
26;2025-12-02;11;1169
26;2025-12-02;12;1176
26;2025-12-02;13;1205
26;2025-12-02;14;1219
26;2025-12-02;15;1313
26;2025-12-02;16;1507
26;2025-12-02;17;1763
26;2025-12-02;18;1985
26;2025-12-02;19;1404
26;2025-12-02;20;872
26;2025-12-02;21;518
26;2025-12-02;22;264
26;2025-12-02;23;133
26;2025-12-03;0;38
26;2025-12-03;1;1
26;2025-12-03;2;0
26;2025-12-03;3;0
26;2025-12-03;4;3
26;2025-12-03;5;95
26;2025-12-03;6;576
26;2025-12-03;7;1138
26;2025-12-03;8;2171
26;2025-12-03;9;1549
26;2025-12-03;10;1263
26;2025-12-03;11;1146
26;2025-12-03;12;1174
26;2025-12-03;13;1217
26;2025-12-03;14;1271
26;2025-12-03;15;1320
26;2025-12-03;16;1471
26;2025-12-03;17;1715
26;2025-12-03;18;1940
26;2025-12-03;19;1365
26;2025-12-03;20;845
26;2025-12-03;21;536
26;2025-12-03;22;269
26;2025-12-03;23;140
26;2025-12-04;0;41
26;2025-12-04;1;1
26;2025-12-04;2;0
26;2025-12-04;3;0
26;2025-12-04;4;2
26;2025-12-04;5;94
26;2025-12-04;6;563
26;2025-12-04;7;1120
26;2025-12-04;8;2144
26;2025-12-04;9;1541
26;2025-12-04;10;1228
26;2025-12-04;11;1157
26;2025-12-04;12;1154
26;2025-12-04;13;1179
26;2025-12-04;14;1222
26;2025-12-04;15;1326
26;2025-12-04;16;1503
26;2025-12-04;17;1718
26;2025-12-04;18;1995
26;2025-12-04;19;1355
26;2025-12-04;20;855
26;2025-12-04;21;512
26;2025-12-04;22;272
26;2025-12-04;23;139
26;2025-12-05;0;40
26;2025-12-05;1;2
26;2025-12-05;2;0
26;2025-12-05;3;0
26;2025-12-05;4;2
26;2025-12-05;5;94
26;2025-12-05;6;554
26;2025-12-05;7;1101
26;2025-12-05;8;2011
26;2025-12-05;9;1468
26;2025-12-05;10;1260
26;2025-12-05;11;1115
26;2025-12-05;12;1170
26;2025-12-05;13;1223
26;2025-12-05;14;1218
26;2025-12-05;15;1399
26;2025-12-05;16;1687
26;2025-12-05;17;1754
26;2025-12-05;18;1502
26;2025-12-05;19;1180
26;2025-12-05;20;800
26;2025-12-05;21;519
26;2025-12-05;22;288
26;2025-12-05;23;174
26;2025-12-06;0;55
26;2025-12-06;1;2
26;2025-12-06;2;0
26;2025-12-06;3;0
26;2025-12-06;4;2
26;2025-12-06;5;51
26;2025-12-06;6;296
26;2025-12-06;7;403
26;2025-12-06;8;600
26;2025-12-06;9;722
26;2025-12-06;10;844
26;2025-12-06;11;1031
26;2025-12-06;12;1031
26;2025-12-06;13;1066
26;2025-12-06;14;1050
26;2025-12-06;15;991
26;2025-12-06;16;994
26;2025-12-06;17;967
26;2025-12-06;18;940
26;2025-12-06;19;889
26;2025-12-06;20;614
26;2025-12-06;21;399
26;2025-12-06;22;259
26;2025-12-06;23;170
26;2025-12-07;0;57
26;2025-12-07;1;8
26;2025-12-07;2;0
26;2025-12-07;3;0
26;2025-12-07;4;2
26;2025-12-07;5;29
26;2025-12-07;6;160
26;2025-12-07;7;278
26;2025-12-07;8;398
26;2025-12-07;9;541
26;2025-12-07;10;588
26;2025-12-07;11;785
26;2025-12-07;12;835
26;2025-12-07;13;864
26;2025-12-07;14;857
26;2025-12-07;15;787
26;2025-12-07;16;787
26;2025-12-07;17;799
26;2025-12-07;18;746
26;2025-12-07;19;606
26;2025-12-07;20;445
26;2025-12-07;21;332
26;2025-12-07;22;229
26;2025-12-07;23;115
26;2025-12-08;0;37
26;2025-12-08;1;3
26;2025-12-08;2;0
26;2025-12-08;3;0
26;2025-12-08;4;3
26;2025-12-08;5;93
26;2025-12-08;6;577
26;2025-12-08;7;1127
26;2025-12-08;8;2097
26;2025-12-08;9;1519
26;2025-12-08;10;1246
26;2025-12-08;11;1096
26;2025-12-08;12;1126
26;2025-12-08;13;1214
26;2025-12-08;14;1191
26;2025-12-08;15;1274
26;2025-12-08;16;1479
26;2025-12-08;17;1727
26;2025-12-08;18;1981
26;2025-12-08;19;1335
26;2025-12-08;20;840
26;2025-12-08;21;484
26;2025-12-08;22;255
26;2025-12-08;23;121
26;2025-12-09;0;33
26;2025-12-09;1;1
26;2025-12-09;2;0
26;2025-12-09;3;0
26;2025-12-09;4;3
26;2025-12-09;5;95
26;2025-12-09;6;578
26;2025-12-09;7;1150
26;2025-12-09;8;2150
26;2025-12-09;9;1562
26;2025-12-09;10;1260
26;2025-12-09;11;1157
26;2025-12-09;12;1165
26;2025-12-09;13;1193
26;2025-12-09;14;1207
26;2025-12-09;15;1301
26;2025-12-09;16;1492
26;2025-12-09;17;1746
26;2025-12-09;18;1965
26;2025-12-09;19;1390
26;2025-12-09;20;864
26;2025-12-09;21;513
26;2025-12-09;22;261
26;2025-12-09;23;131
26;2025-12-10;0;37
26;2025-12-10;1;1
26;2025-12-10;2;0
26;2025-12-10;3;0
26;2025-12-10;4;3
26;2025-12-10;5;93
26;2025-12-10;6;561
26;2025-12-10;7;1109
26;2025-12-10;8;2117
26;2025-12-10;9;1510
26;2025-12-10;10;1232
26;2025-12-10;11;1117
26;2025-12-10;12;1144
26;2025-12-10;13;1186
26;2025-12-10;14;1239
26;2025-12-10;15;1287
26;2025-12-10;16;1434
26;2025-12-10;17;1672
26;2025-12-10;18;1892
26;2025-12-10;19;1331
26;2025-12-10;20;824
26;2025-12-10;21;522
26;2025-12-10;22;262
26;2025-12-10;23;136
26;2025-12-11;0;39
26;2025-12-11;1;1
26;2025-12-11;2;0
26;2025-12-11;3;0
26;2025-12-11;4;2
26;2025-12-11;5;89
26;2025-12-11;6;538
26;2025-12-11;7;1071
26;2025-12-11;8;2050
26;2025-12-11;9;1474
26;2025-12-11;10;1174
26;2025-12-11;11;1106
26;2025-12-11;12;1104
26;2025-12-11;13;1127
26;2025-12-11;14;1168
26;2025-12-11;15;1269
26;2025-12-11;16;1437
26;2025-12-11;17;1644
26;2025-12-11;18;1908
26;2025-12-11;19;1296
26;2025-12-11;20;817
26;2025-12-11;21;490
26;2025-12-11;22;260
26;2025-12-11;23;133
26;2025-12-12;0;38
26;2025-12-12;1;2
26;2025-12-12;2;0
26;2025-12-12;3;0
26;2025-12-12;4;2
26;2025-12-12;5;90
26;2025-12-12;6;528
26;2025-12-12;7;1049
26;2025-12-12;8;1916
26;2025-12-12;9;1399
26;2025-12-12;10;1201
26;2025-12-12;11;1063
26;2025-12-12;12;1115
26;2025-12-12;13;1165
26;2025-12-12;14;1161
26;2025-12-12;15;1333
26;2025-12-12;16;1607
26;2025-12-12;17;1671
26;2025-12-12;18;1431
26;2025-12-12;19;1125
26;2025-12-12;20;762
26;2025-12-12;21;494
26;2025-12-12;22;274
26;2025-12-12;23;166
26;2025-12-13;0;53
26;2025-12-13;1;2
26;2025-12-13;2;0
26;2025-12-13;3;0
26;2025-12-13;4;2
26;2025-12-13;5;50
26;2025-12-13;6;287
26;2025-12-13;7;391
26;2025-12-13;8;581
26;2025-12-13;9;699
26;2025-12-13;10;817
26;2025-12-13;11;999
26;2025-12-13;12;999
26;2025-12-13;13;1033
26;2025-12-13;14;1018
26;2025-12-13;15;960
26;2025-12-13;16;963
26;2025-12-13;17;937
26;2025-12-13;18;910
26;2025-12-13;19;862
26;2025-12-13;20;595
26;2025-12-13;21;387
26;2025-12-13;22;251
26;2025-12-13;23;165
26;2025-12-14;0;56
26;2025-12-14;1;8
26;2025-12-14;2;0
26;2025-12-14;3;0
26;2025-12-14;4;2
26;2025-12-14;5;28
26;2025-12-14;6;158
26;2025-12-14;7;275
26;2025-12-14;8;394
26;2025-12-14;9;536
26;2025-12-14;10;582
26;2025-12-14;11;777
26;2025-12-14;12;826
26;2025-12-14;13;856
26;2025-12-14;14;849
26;2025-12-14;15;779
26;2025-12-14;16;779
26;2025-12-14;17;791
26;2025-12-14;18;739
26;2025-12-14;19;600
26;2025-12-14;20;441
26;2025-12-14;21;329
26;2025-12-14;22;227
26;2025-12-14;23;114
26;2025-12-15;0;37
26;2025-12-15;1;3
26;2025-12-15;2;0
26;2025-12-15;3;0
26;2025-12-15;4;3
26;2025-12-15;5;92
26;2025-12-15;6;574
26;2025-12-15;7;1121
26;2025-12-15;8;2087
26;2025-12-15;9;1512
26;2025-12-15;10;1240
26;2025-12-15;11;1090
26;2025-12-15;12;1120
26;2025-12-15;13;1208
26;2025-12-15;14;1185
26;2025-12-15;15;1267
26;2025-12-15;16;1472
26;2025-12-15;17;1718
26;2025-12-15;18;1971
26;2025-12-15;19;1328
26;2025-12-15;20;836
26;2025-12-15;21;482
26;2025-12-15;22;253
26;2025-12-15;23;121
26;2025-12-16;0;33
26;2025-12-16;1;1
26;2025-12-16;2;0
26;2025-12-16;3;0
26;2025-12-16;4;3
26;2025-12-16;5;93
26;2025-12-16;6;568
26;2025-12-16;7;1131
26;2025-12-16;8;2114
26;2025-12-16;9;1536
26;2025-12-16;10;1238
26;2025-12-16;11;1138
26;2025-12-16;12;1145
26;2025-12-16;13;1173
26;2025-12-16;14;1187
26;2025-12-16;15;1279
26;2025-12-16;16;1467
26;2025-12-16;17;1717
26;2025-12-16;18;1932
26;2025-12-16;19;1367
26;2025-12-16;20;849
26;2025-12-16;21;505
26;2025-12-16;22;257
26;2025-12-16;23;129
26;2025-12-17;0;38
26;2025-12-17;1;1
26;2025-12-17;2;0
26;2025-12-17;3;0
26;2025-12-17;4;3
26;2025-12-17;5;94
26;2025-12-17;6;566
26;2025-12-17;7;1119
26;2025-12-17;8;2135
26;2025-12-17;9;1523
26;2025-12-17;10;1242
26;2025-12-17;11;1126
26;2025-12-17;12;1154
26;2025-12-17;13;1197
26;2025-12-17;14;1250
26;2025-12-17;15;1298
26;2025-12-17;16;1446
26;2025-12-17;17;1686
26;2025-12-17;18;1908
26;2025-12-17;19;1342
26;2025-12-17;20;831
26;2025-12-17;21;527
26;2025-12-17;22;264
26;2025-12-17;23;137
26;2025-12-18;0;41
26;2025-12-18;1;1
26;2025-12-18;2;0
26;2025-12-18;3;0
26;2025-12-18;4;2
26;2025-12-18;5;93
26;2025-12-18;6;558
26;2025-12-18;7;1111
26;2025-12-18;8;2126
26;2025-12-18;9;1529
26;2025-12-18;10;1218
26;2025-12-18;11;1147
26;2025-12-18;12;1145
26;2025-12-18;13;1169
26;2025-12-18;14;1212
26;2025-12-18;15;1316
26;2025-12-18;16;1491
26;2025-12-18;17;1705
26;2025-12-18;18;1979
26;2025-12-18;19;1344
26;2025-12-18;20;848
26;2025-12-18;21;508
26;2025-12-18;22;270
26;2025-12-18;23;138
26;2025-12-19;0;40
26;2025-12-19;1;2
26;2025-12-19;2;0
26;2025-12-19;3;0
26;2025-12-19;4;2
26;2025-12-19;5;93
26;2025-12-19;6;544
26;2025-12-19;7;1080
26;2025-12-19;8;1974
26;2025-12-19;9;1441
26;2025-12-19;10;1237
26;2025-12-19;11;1095
26;2025-12-19;12;1148
26;2025-12-19;13;1200
26;2025-12-19;14;1196
26;2025-12-19;15;1373
26;2025-12-19;16;1655
26;2025-12-19;17;1721
26;2025-12-19;18;1474
26;2025-12-19;19;1158
26;2025-12-19;20;785
26;2025-12-19;21;509
26;2025-12-19;22;283
26;2025-12-19;23;171
26;2025-12-20;0;54
26;2025-12-20;1;2
26;2025-12-20;2;0
26;2025-12-20;3;0
26;2025-12-20;4;2
26;2025-12-20;5;51
26;2025-12-20;6;292
26;2025-12-20;7;398
26;2025-12-20;8;592
26;2025-12-20;9;712
26;2025-12-20;10;832
26;2025-12-20;11;1017
26;2025-12-20;12;1017
26;2025-12-20;13;1051
26;2025-12-20;14;1036
26;2025-12-20;15;978
26;2025-12-20;16;980
26;2025-12-20;17;954
26;2025-12-20;18;927
26;2025-12-20;19;877
26;2025-12-20;20;606
26;2025-12-20;21;394
26;2025-12-20;22;256
26;2025-12-20;23;168
26;2025-12-21;0;56
26;2025-12-21;1;8
26;2025-12-21;2;0
26;2025-12-21;3;0
26;2025-12-21;4;2
26;2025-12-21;5;28
26;2025-12-21;6;157
26;2025-12-21;7;273
26;2025-12-21;8;391
26;2025-12-21;9;532
26;2025-12-21;10;578
26;2025-12-21;11;772
26;2025-12-21;12;821
26;2025-12-21;13;850
26;2025-12-21;14;843
26;2025-12-21;15;774
26;2025-12-21;16;774
26;2025-12-21;17;785
26;2025-12-21;18;734
26;2025-12-21;19;596
26;2025-12-21;20;438
26;2025-12-21;21;327
26;2025-12-21;22;225
26;2025-12-21;23;113
26;2025-12-22;0;36
26;2025-12-22;1;3
26;2025-12-22;2;0
26;2025-12-22;3;0
26;2025-12-22;4;3
26;2025-12-22;5;90
26;2025-12-22;6;562
26;2025-12-22;7;1097
26;2025-12-22;8;2042
26;2025-12-22;9;1479
26;2025-12-22;10;1214
26;2025-12-22;11;1067
26;2025-12-22;12;1096
26;2025-12-22;13;1182
26;2025-12-22;14;1160
26;2025-12-22;15;1240
26;2025-12-22;16;1440
26;2025-12-22;17;1681
26;2025-12-22;18;1929
26;2025-12-22;19;1300
26;2025-12-22;20;818
26;2025-12-22;21;472
26;2025-12-22;22;248
26;2025-12-22;23;118
26;2025-12-23;0;33
26;2025-12-23;1;1
26;2025-12-23;2;0
26;2025-12-23;3;0
26;2025-12-23;4;3
26;2025-12-23;5;95
26;2025-12-23;6;577
26;2025-12-23;7;1149
26;2025-12-23;8;2148
26;2025-12-23;9;1561
26;2025-12-23;10;1259
26;2025-12-23;11;1156
26;2025-12-23;12;1164
26;2025-12-23;13;1192
26;2025-12-23;14;1206
26;2025-12-23;15;1300
26;2025-12-23;16;1491
26;2025-12-23;17;1745
26;2025-12-23;18;1964
26;2025-12-23;19;1389
26;2025-12-23;20;863
26;2025-12-23;21;513
26;2025-12-23;22;261
26;2025-12-23;23;131
26;2025-12-24;0;37
26;2025-12-24;1;1
26;2025-12-24;2;0
26;2025-12-24;3;0
26;2025-12-24;4;3
26;2025-12-24;5;94
26;2025-12-24;6;564
26;2025-12-24;7;1115
26;2025-12-24;8;2128
26;2025-12-24;9;1518
26;2025-12-24;10;1238
26;2025-12-24;11;1123
26;2025-12-24;12;1150
26;2025-12-24;13;1193
26;2025-12-24;14;1246
26;2025-12-24;15;1294
26;2025-12-24;16;1442
26;2025-12-24;17;1681
26;2025-12-24;18;1902
26;2025-12-24;19;1338
26;2025-12-24;20;828
26;2025-12-24;21;525
26;2025-12-24;22;263
26;2025-12-24;23;137
26;2025-12-25;0;40
26;2025-12-25;1;1
26;2025-12-25;2;0
26;2025-12-25;3;0
26;2025-12-25;4;2
26;2025-12-25;5;91
26;2025-12-25;6;548
26;2025-12-25;7;1089
26;2025-12-25;8;2085
26;2025-12-25;9;1499
26;2025-12-25;10;1194
26;2025-12-25;11;1125
26;2025-12-25;12;1123
26;2025-12-25;13;1146
26;2025-12-25;14;1188
26;2025-12-25;15;1290
26;2025-12-25;16;1462
26;2025-12-25;17;1671
26;2025-12-25;18;1940
26;2025-12-25;19;1318
26;2025-12-25;20;831
26;2025-12-25;21;498
26;2025-12-25;22;264
26;2025-12-25;23;136
26;2025-12-26;0;38
26;2025-12-26;1;2
26;2025-12-26;2;0
26;2025-12-26;3;0
26;2025-12-26;4;2
26;2025-12-26;5;88
26;2025-12-26;6;515
26;2025-12-26;7;1024
26;2025-12-26;8;1871
26;2025-12-26;9;1366
26;2025-12-26;10;1172
26;2025-12-26;11;1037
26;2025-12-26;12;1088
26;2025-12-26;13;1137
26;2025-12-26;14;1133
26;2025-12-26;15;1301
26;2025-12-26;16;1569
26;2025-12-26;17;1631
26;2025-12-26;18;1397
26;2025-12-26;19;1098
26;2025-12-26;20;744
26;2025-12-26;21;483
26;2025-12-26;22;268
26;2025-12-26;23;162
26;2025-12-27;0;53
26;2025-12-27;1;2
26;2025-12-27;2;0
26;2025-12-27;3;0
26;2025-12-27;4;2
26;2025-12-27;5;50
26;2025-12-27;6;289
26;2025-12-27;7;394
26;2025-12-27;8;586
26;2025-12-27;9;704
26;2025-12-27;10;823
26;2025-12-27;11;1007
26;2025-12-27;12;1006
26;2025-12-27;13;1040
26;2025-12-27;14;1025
26;2025-12-27;15;967
26;2025-12-27;16;970
26;2025-12-27;17;944
26;2025-12-27;18;917
26;2025-12-27;19;868
26;2025-12-27;20;599
26;2025-12-27;21;390
26;2025-12-27;22;253
26;2025-12-27;23;166
26;2025-12-28;0;56
26;2025-12-28;1;8
26;2025-12-28;2;0
26;2025-12-28;3;0
26;2025-12-28;4;2
26;2025-12-28;5;28
26;2025-12-28;6;156
26;2025-12-28;7;272
26;2025-12-28;8;389
26;2025-12-28;9;530
26;2025-12-28;10;575
26;2025-12-28;11;768
26;2025-12-28;12;817
26;2025-12-28;13;845
26;2025-12-28;14;839
26;2025-12-28;15;770
26;2025-12-28;16;770
26;2025-12-28;17;781
26;2025-12-28;18;730
26;2025-12-28;19;593
26;2025-12-28;20;436
26;2025-12-28;21;325
26;2025-12-28;22;224
26;2025-12-28;23;112
26;2025-12-29;0;36
26;2025-12-29;1;3
26;2025-12-29;2;0
26;2025-12-29;3;0
26;2025-12-29;4;3
26;2025-12-29;5;91
26;2025-12-29;6;567
26;2025-12-29;7;1106
26;2025-12-29;8;2059
26;2025-12-29;9;1491
26;2025-12-29;10;1224
26;2025-12-29;11;1076
26;2025-12-29;12;1105
26;2025-12-29;13;1192
26;2025-12-29;14;1170
26;2025-12-29;15;1250
26;2025-12-29;16;1452
26;2025-12-29;17;1695
26;2025-12-29;18;1945
26;2025-12-29;19;1311
26;2025-12-29;20;825
26;2025-12-29;21;476
26;2025-12-29;22;250
26;2025-12-29;23;119
26;2025-12-30;0;32
26;2025-12-30;1;1
26;2025-12-30;2;0
26;2025-12-30;3;0
26;2025-12-30;4;3
26;2025-12-30;5;93
26;2025-12-30;6;564
26;2025-12-30;7;1122
26;2025-12-30;8;2099
26;2025-12-30;9;1524
26;2025-12-30;10;1229
26;2025-12-30;11;1129
26;2025-12-30;12;1137
26;2025-12-30;13;1165
26;2025-12-30;14;1178
26;2025-12-30;15;1269
26;2025-12-30;16;1456
26;2025-12-30;17;1704
26;2025-12-30;18;1918
26;2025-12-30;19;1357
26;2025-12-30;20;843
26;2025-12-30;21;501
26;2025-12-30;22;255
26;2025-12-30;23;128
26;2025-12-31;0;42
26;2025-12-31;1;5
26;2025-12-31;2;0
26;2025-12-31;3;0
26;2025-12-31;4;3
26;2025-12-31;5;39
26;2025-12-31;6;204
26;2025-12-31;7;284
26;2025-12-31;8;388
26;2025-12-31;9;481
26;2025-12-31;10;554
26;2025-12-31;11;688
26;2025-12-31;12;732
26;2025-12-31;13;754
26;2025-12-31;14;752
26;2025-12-31;15;690
26;2025-12-31;16;687
26;2025-12-31;17;696
26;2025-12-31;18;675
26;2025-12-31;19;627
26;2025-12-31;20;472
26;2025-12-31;21;308
26;2025-12-31;22;212
26;2025-12-31;23;111
28;2025-11-01;0;0
28;2025-11-01;1;0
28;2025-11-01;2;0
28;2025-11-01;3;0
28;2025-11-01;4;2
28;2025-11-01;5;86
28;2025-11-01;6;277
28;2025-11-01;7;780
28;2025-11-01;8;1176
28;2025-11-01;9;839
28;2025-11-01;10;606
28;2025-11-01;11;589
28;2025-11-01;12;689
28;2025-11-01;13;702
28;2025-11-01;14;681
28;2025-11-01;15;741
28;2025-11-01;16;930
28;2025-11-01;17;975
28;2025-11-01;18;846
28;2025-11-01;19;694
28;2025-11-01;20;519
28;2025-11-01;21;337
28;2025-11-01;22;167
28;2025-11-01;23;17
28;2025-11-02;0;0
28;2025-11-02;1;0
28;2025-11-02;2;0
28;2025-11-02;3;0
28;2025-11-02;4;1
28;2025-11-02;5;32
28;2025-11-02;6;90
28;2025-11-02;7;161
28;2025-11-02;8;243
28;2025-11-02;9;332
28;2025-11-02;10;345
28;2025-11-02;11;366
28;2025-11-02;12;430
28;2025-11-02;13;449
28;2025-11-02;14;463
28;2025-11-02;15;456
28;2025-11-02;16;431
28;2025-11-02;17;441
28;2025-11-02;18;423
28;2025-11-02;19;347
28;2025-11-02;20;302
28;2025-11-02;21;250
28;2025-11-02;22;117
28;2025-11-02;23;11
28;2025-11-03;0;0
28;2025-11-03;1;0
28;2025-11-03;2;0
28;2025-11-03;3;0
28;2025-11-03;4;1
28;2025-11-03;5;31
28;2025-11-03;6;87
28;2025-11-03;7;156
28;2025-11-03;8;235
28;2025-11-03;9;321
28;2025-11-03;10;334
28;2025-11-03;11;354
28;2025-11-03;12;416
28;2025-11-03;13;435
28;2025-11-03;14;447
28;2025-11-03;15;441
28;2025-11-03;16;417
28;2025-11-03;17;427
28;2025-11-03;18;409
28;2025-11-03;19;335
28;2025-11-03;20;292
28;2025-11-03;21;242
28;2025-11-03;22;113
28;2025-11-03;23;10
28;2025-11-04;0;0
28;2025-11-04;1;0
28;2025-11-04;2;0
28;2025-11-04;3;0
28;2025-11-04;4;1
28;2025-11-04;5;31
28;2025-11-04;6;87
28;2025-11-04;7;156
28;2025-11-04;8;234
28;2025-11-04;9;320
28;2025-11-04;10;333
28;2025-11-04;11;353
28;2025-11-04;12;415
28;2025-11-04;13;433
28;2025-11-04;14;446
28;2025-11-04;15;440
28;2025-11-04;16;415
28;2025-11-04;17;426
28;2025-11-04;18;408
28;2025-11-04;19;334
28;2025-11-04;20;291
28;2025-11-04;21;241
28;2025-11-04;22;112
28;2025-11-04;23;10
28;2025-11-05;0;0
28;2025-11-05;1;0
28;2025-11-05;2;0
28;2025-11-05;3;0
28;2025-11-05;4;2
28;2025-11-05;5;92
28;2025-11-05;6;293
28;2025-11-05;7;768
28;2025-11-05;8;1212
28;2025-11-05;9;850
28;2025-11-05;10;625
28;2025-11-05;11;609
28;2025-11-05;12;703
28;2025-11-05;13;748
28;2025-11-05;14;652
28;2025-11-05;15;706
28;2025-11-05;16;871
28;2025-11-05;17;978
28;2025-11-05;18;1008
28;2025-11-05;19;763
28;2025-11-05;20;535
28;2025-11-05;21;359
28;2025-11-05;22;158
28;2025-11-05;23;16
28;2025-11-06;0;0
28;2025-11-06;1;0
28;2025-11-06;2;0
28;2025-11-06;3;0
28;2025-11-06;4;2
28;2025-11-06;5;85
28;2025-11-06;6;280
28;2025-11-06;7;788
28;2025-11-06;8;1142
28;2025-11-06;9;854
28;2025-11-06;10;614
28;2025-11-06;11;559
28;2025-11-06;12;665
28;2025-11-06;13;703
28;2025-11-06;14;626
28;2025-11-06;15;651
28;2025-11-06;16;826
28;2025-11-06;17;965
28;2025-11-06;18;996
28;2025-11-06;19;748
28;2025-11-06;20;545
28;2025-11-06;21;339
28;2025-11-06;22;153
28;2025-11-06;23;14
28;2025-11-07;0;0
28;2025-11-07;1;0
28;2025-11-07;2;0
28;2025-11-07;3;0
28;2025-11-07;4;2
28;2025-11-07;5;84
28;2025-11-07;6;273
28;2025-11-07;7;768
28;2025-11-07;8;1159
28;2025-11-07;9;827
28;2025-11-07;10;598
28;2025-11-07;11;580
28;2025-11-07;12;679
28;2025-11-07;13;692
28;2025-11-07;14;671
28;2025-11-07;15;731
28;2025-11-07;16;917
28;2025-11-07;17;960
28;2025-11-07;18;834
28;2025-11-07;19;684
28;2025-11-07;20;511
28;2025-11-07;21;332
28;2025-11-07;22;164
28;2025-11-07;23;16
28;2025-11-08;0;0
28;2025-11-08;1;0
28;2025-11-08;2;0
28;2025-11-08;3;0
28;2025-11-08;4;1
28;2025-11-08;5;42
28;2025-11-08;6;109
28;2025-11-08;7;240
28;2025-11-08;8;376
28;2025-11-08;9;468
28;2025-11-08;10;478
28;2025-11-08;11;500
28;2025-11-08;12;570
28;2025-11-08;13;608
28;2025-11-08;14;577
28;2025-11-08;15;584
28;2025-11-08;16;548
28;2025-11-08;17;554
28;2025-11-08;18;497
28;2025-11-08;19;444
28;2025-11-08;20;335
28;2025-11-08;21;298
28;2025-11-08;22;149
28;2025-11-08;23;17
28;2025-11-09;0;0
28;2025-11-09;1;0
28;2025-11-09;2;0
28;2025-11-09;3;0
28;2025-11-09;4;0
28;2025-11-09;5;34
28;2025-11-09;6;89
28;2025-11-09;7;157
28;2025-11-09;8;261
28;2025-11-09;9;339
28;2025-11-09;10;379
28;2025-11-09;11;409
28;2025-11-09;12;461
28;2025-11-09;13;504
28;2025-11-09;14;504
28;2025-11-09;15;514
28;2025-11-09;16;491
28;2025-11-09;17;479
28;2025-11-09;18;446
28;2025-11-09;19;379
28;2025-11-09;20;317
28;2025-11-09;21;260
28;2025-11-09;22;123
28;2025-11-09;23;13
28;2025-11-10;0;0
28;2025-11-10;1;0
28;2025-11-10;2;0
28;2025-11-10;3;0
28;2025-11-10;4;2
28;2025-11-10;5;87
28;2025-11-10;6;282
28;2025-11-10;7;790
28;2025-11-10;8;1183
28;2025-11-10;9;870
28;2025-11-10;10;616
28;2025-11-10;11;564
28;2025-11-10;12;670
28;2025-11-10;13;685
28;2025-11-10;14;623
28;2025-11-10;15;660
28;2025-11-10;16;840
28;2025-11-10;17;948
28;2025-11-10;18;970
28;2025-11-10;19;750
28;2025-11-10;20;519
28;2025-11-10;21;322
28;2025-11-10;22;139
28;2025-11-10;23;13
28;2025-11-11;0;0
28;2025-11-11;1;0
28;2025-11-11;2;0
28;2025-11-11;3;0
28;2025-11-11;4;2
28;2025-11-11;5;83
28;2025-11-11;6;274
28;2025-11-11;7;822
28;2025-11-11;8;1206
28;2025-11-11;9;881
28;2025-11-11;10;657
28;2025-11-11;11;582
28;2025-11-11;12;673
28;2025-11-11;13;734
28;2025-11-11;14;667
28;2025-11-11;15;672
28;2025-11-11;16;814
28;2025-11-11;17;975
28;2025-11-11;18;944
28;2025-11-11;19;778
28;2025-11-11;20;545
28;2025-11-11;21;340
28;2025-11-11;22;155
28;2025-11-11;23;15
28;2025-11-12;0;0
28;2025-11-12;1;0
28;2025-11-12;2;0
28;2025-11-12;3;0
28;2025-11-12;4;2
28;2025-11-12;5;91
28;2025-11-12;6;290
28;2025-11-12;7;759
28;2025-11-12;8;1198
28;2025-11-12;9;840
28;2025-11-12;10;618
28;2025-11-12;11;602
28;2025-11-12;12;695
28;2025-11-12;13;739
28;2025-11-12;14;645
28;2025-11-12;15;698
28;2025-11-12;16;861
28;2025-11-12;17;966
28;2025-11-12;18;996
28;2025-11-12;19;754
28;2025-11-12;20;529
28;2025-11-12;21;354
28;2025-11-12;22;156
28;2025-11-12;23;16
28;2025-11-13;0;0
28;2025-11-13;1;0
28;2025-11-13;2;0
28;2025-11-13;3;0
28;2025-11-13;4;2
28;2025-11-13;5;86
28;2025-11-13;6;283
28;2025-11-13;7;798
28;2025-11-13;8;1156
28;2025-11-13;9;864
28;2025-11-13;10;622
28;2025-11-13;11;566
28;2025-11-13;12;673
28;2025-11-13;13;711
28;2025-11-13;14;634
28;2025-11-13;15;659
28;2025-11-13;16;836
28;2025-11-13;17;977
28;2025-11-13;18;1008
28;2025-11-13;19;757
28;2025-11-13;20;552
28;2025-11-13;21;343
28;2025-11-13;22;155
28;2025-11-13;23;14
28;2025-11-14;0;0
28;2025-11-14;1;0
28;2025-11-14;2;0
28;2025-11-14;3;0
28;2025-11-14;4;2
28;2025-11-14;5;86
28;2025-11-14;6;277
28;2025-11-14;7;779
28;2025-11-14;8;1175
28;2025-11-14;9;838
28;2025-11-14;10;606
28;2025-11-14;11;588
28;2025-11-14;12;688
28;2025-11-14;13;701
28;2025-11-14;14;680
28;2025-11-14;15;741
28;2025-11-14;16;929
28;2025-11-14;17;974
28;2025-11-14;18;846
28;2025-11-14;19;694
28;2025-11-14;20;518
28;2025-11-14;21;337
28;2025-11-14;22;167
28;2025-11-14;23;17
28;2025-11-15;0;0
28;2025-11-15;1;0
28;2025-11-15;2;0
28;2025-11-15;3;0
28;2025-11-15;4;1
28;2025-11-15;5;38
28;2025-11-15;6;100
28;2025-11-15;7;219
28;2025-11-15;8;342
28;2025-11-15;9;427
28;2025-11-15;10;436
28;2025-11-15;11;456
28;2025-11-15;12;520
28;2025-11-15;13;554
28;2025-11-15;14;526
28;2025-11-15;15;532
28;2025-11-15;16;500
28;2025-11-15;17;505
28;2025-11-15;18;453
28;2025-11-15;19;405
28;2025-11-15;20;306
28;2025-11-15;21;272
28;2025-11-15;22;136
28;2025-11-15;23;15
28;2025-11-16;0;0
28;2025-11-16;1;0
28;2025-11-16;2;0
28;2025-11-16;3;0
28;2025-11-16;4;0
28;2025-11-16;5;34
28;2025-11-16;6;90
28;2025-11-16;7;159
28;2025-11-16;8;264
28;2025-11-16;9;342
28;2025-11-16;10;383
28;2025-11-16;11;413
28;2025-11-16;12;466
28;2025-11-16;13;509
28;2025-11-16;14;509
28;2025-11-16;15;519
28;2025-11-16;16;496
28;2025-11-16;17;484
28;2025-11-16;18;450
28;2025-11-16;19;383
28;2025-11-16;20;321
28;2025-11-16;21;262
28;2025-11-16;22;124
28;2025-11-16;23;13
28;2025-11-17;0;0
28;2025-11-17;1;0
28;2025-11-17;2;0
28;2025-11-17;3;0
28;2025-11-17;4;2
28;2025-11-17;5;85
28;2025-11-17;6;273
28;2025-11-17;7;766
28;2025-11-17;8;1146
28;2025-11-17;9;844
28;2025-11-17;10;597
28;2025-11-17;11;547
28;2025-11-17;12;649
28;2025-11-17;13;664
28;2025-11-17;14;604
28;2025-11-17;15;640
28;2025-11-17;16;814
28;2025-11-17;17;919
28;2025-11-17;18;941
28;2025-11-17;19;727
28;2025-11-17;20;503
28;2025-11-17;21;312
28;2025-11-17;22;135
28;2025-11-17;23;12
28;2025-11-18;0;0
28;2025-11-18;1;0
28;2025-11-18;2;0
28;2025-11-18;3;0
28;2025-11-18;4;2
28;2025-11-18;5;78
28;2025-11-18;6;260
28;2025-11-18;7;779
28;2025-11-18;8;1144
28;2025-11-18;9;835
28;2025-11-18;10;623
28;2025-11-18;11;552
28;2025-11-18;12;638
28;2025-11-18;13;696
28;2025-11-18;14;633
28;2025-11-18;15;637
28;2025-11-18;16;772
28;2025-11-18;17;924
28;2025-11-18;18;895
28;2025-11-18;19;738
28;2025-11-18;20;517
28;2025-11-18;21;322
28;2025-11-18;22;147
28;2025-11-18;23;14
28;2025-11-19;0;0
28;2025-11-19;1;0
28;2025-11-19;2;0
28;2025-11-19;3;0
28;2025-11-19;4;2
28;2025-11-19;5;92
28;2025-11-19;6;292
28;2025-11-19;7;765
28;2025-11-19;8;1207
28;2025-11-19;9;846
28;2025-11-19;10;623
28;2025-11-19;11;606
28;2025-11-19;12;700
28;2025-11-19;13;745
28;2025-11-19;14;650
28;2025-11-19;15;703
28;2025-11-19;16;868
28;2025-11-19;17;974
28;2025-11-19;18;1004
28;2025-11-19;19;760
28;2025-11-19;20;533
28;2025-11-19;21;357
28;2025-11-19;22;157
28;2025-11-19;23;16
28;2025-11-20;0;0
28;2025-11-20;1;0
28;2025-11-20;2;0
28;2025-11-20;3;0
28;2025-11-20;4;2
28;2025-11-20;5;85
28;2025-11-20;6;282
28;2025-11-20;7;794
28;2025-11-20;8;1151
28;2025-11-20;9;860
28;2025-11-20;10;619
28;2025-11-20;11;564
28;2025-11-20;12;670
28;2025-11-20;13;708
28;2025-11-20;14;631
28;2025-11-20;15;656
28;2025-11-20;16;832
28;2025-11-20;17;973
28;2025-11-20;18;1004
28;2025-11-20;19;754
28;2025-11-20;20;549
28;2025-11-20;21;342
28;2025-11-20;22;154
28;2025-11-20;23;14
28;2025-11-21;0;0
28;2025-11-21;1;0
28;2025-11-21;2;0
28;2025-11-21;3;0
28;2025-11-21;4;2
28;2025-11-21;5;85
28;2025-11-21;6;275
28;2025-11-21;7;772
28;2025-11-21;8;1165
28;2025-11-21;9;831
28;2025-11-21;10;601
28;2025-11-21;11;583
28;2025-11-21;12;682
28;2025-11-21;13;695
28;2025-11-21;14;674
28;2025-11-21;15;735
28;2025-11-21;16;921
28;2025-11-21;17;966
28;2025-11-21;18;839
28;2025-11-21;19;688
28;2025-11-21;20;514
28;2025-11-21;21;334
28;2025-11-21;22;165
28;2025-11-21;23;17
28;2025-11-22;0;0
28;2025-11-22;1;0
28;2025-11-22;2;0
28;2025-11-22;3;0
28;2025-11-22;4;1
28;2025-11-22;5;40
28;2025-11-22;6;105
28;2025-11-22;7;231
28;2025-11-22;8;362
28;2025-11-22;9;451
28;2025-11-22;10;460
28;2025-11-22;11;481
28;2025-11-22;12;549
28;2025-11-22;13;585
28;2025-11-22;14;556
28;2025-11-22;15;562
28;2025-11-22;16;528
28;2025-11-22;17;533
28;2025-11-22;18;479
28;2025-11-22;19;427
28;2025-11-22;20;323
28;2025-11-22;21;288
28;2025-11-22;22;143
28;2025-11-22;23;16
28;2025-11-23;0;0
28;2025-11-23;1;0
28;2025-11-23;2;0
28;2025-11-23;3;0
28;2025-11-23;4;0
28;2025-11-23;5;34
28;2025-11-23;6;90
28;2025-11-23;7;158
28;2025-11-23;8;263
28;2025-11-23;9;341
28;2025-11-23;10;382
28;2025-11-23;11;412
28;2025-11-23;12;465
28;2025-11-23;13;507
28;2025-11-23;14;508
28;2025-11-23;15;518
28;2025-11-23;16;495
28;2025-11-23;17;483
28;2025-11-23;18;449
28;2025-11-23;19;382
28;2025-11-23;20;320
28;2025-11-23;21;261
28;2025-11-23;22;124
28;2025-11-23;23;13
28;2025-11-24;0;0
28;2025-11-24;1;0
28;2025-11-24;2;0
28;2025-11-24;3;0
28;2025-11-24;4;2
28;2025-11-24;5;82
28;2025-11-24;6;265
28;2025-11-24;7;742
28;2025-11-24;8;1110
28;2025-11-24;9;817
28;2025-11-24;10;579
28;2025-11-24;11;530
28;2025-11-24;12;629
28;2025-11-24;13;643
28;2025-11-24;14;584
28;2025-11-24;15;619
28;2025-11-24;16;788
28;2025-11-24;17;890
28;2025-11-24;18;911
28;2025-11-24;19;704
28;2025-11-24;20;487
28;2025-11-24;21;302
28;2025-11-24;22;131
28;2025-11-24;23;12
28;2025-11-25;0;0
28;2025-11-25;1;0
28;2025-11-25;2;0
28;2025-11-25;3;0
28;2025-11-25;4;2
28;2025-11-25;5;83
28;2025-11-25;6;274
28;2025-11-25;7;823
28;2025-11-25;8;1208
28;2025-11-25;9;882
28;2025-11-25;10;658
28;2025-11-25;11;583
28;2025-11-25;12;674
28;2025-11-25;13;735
28;2025-11-25;14;668
28;2025-11-25;15;673
28;2025-11-25;16;815
28;2025-11-25;17;976
28;2025-11-25;18;945
28;2025-11-25;19;779
28;2025-11-25;20;546
28;2025-11-25;21;340
28;2025-11-25;22;155
28;2025-11-25;23;15
28;2025-11-26;0;0
28;2025-11-26;1;0
28;2025-11-26;2;0
28;2025-11-26;3;0
28;2025-11-26;4;2
28;2025-11-26;5;88
28;2025-11-26;6;279
28;2025-11-26;7;731
28;2025-11-26;8;1153
28;2025-11-26;9;809
28;2025-11-26;10;595
28;2025-11-26;11;579
28;2025-11-26;12;669
28;2025-11-26;13;712
28;2025-11-26;14;621
28;2025-11-26;15;672
28;2025-11-26;16;829
28;2025-11-26;17;930
28;2025-11-26;18;959
28;2025-11-26;19;726
28;2025-11-26;20;509
28;2025-11-26;21;341
28;2025-11-26;22;150
28;2025-11-26;23;15
28;2025-11-27;0;0
28;2025-11-27;1;0
28;2025-11-27;2;0
28;2025-11-27;3;0
28;2025-11-27;4;2
28;2025-11-27;5;82
28;2025-11-27;6;271
28;2025-11-27;7;764
28;2025-11-27;8;1107
28;2025-11-27;9;828
28;2025-11-27;10;596
28;2025-11-27;11;542
28;2025-11-27;12;645
28;2025-11-27;13;681
28;2025-11-27;14;607
28;2025-11-27;15;631
28;2025-11-27;16;801
28;2025-11-27;17;936
28;2025-11-27;18;966
28;2025-11-27;19;725
28;2025-11-27;20;529
28;2025-11-27;21;329
28;2025-11-27;22;148
28;2025-11-27;23;14
28;2025-11-28;0;0
28;2025-11-28;1;0
28;2025-11-28;2;0
28;2025-11-28;3;0
28;2025-11-28;4;2
28;2025-11-28;5;83
28;2025-11-28;6;268
28;2025-11-28;7;754
28;2025-11-28;8;1137
28;2025-11-28;9;811
28;2025-11-28;10;586
28;2025-11-28;11;569
28;2025-11-28;12;666
28;2025-11-28;13;679
28;2025-11-28;14;658
28;2025-11-28;15;717
28;2025-11-28;16;899
28;2025-11-28;17;942
28;2025-11-28;18;818
28;2025-11-28;19;671
28;2025-11-28;20;501
28;2025-11-28;21;326
28;2025-11-28;22;161
28;2025-11-28;23;16
28;2025-11-29;0;0
28;2025-11-29;1;0
28;2025-11-29;2;0
28;2025-11-29;3;0
28;2025-11-29;4;1
28;2025-11-29;5;42
28;2025-11-29;6;110
28;2025-11-29;7;242
28;2025-11-29;8;379
28;2025-11-29;9;472
28;2025-11-29;10;482
28;2025-11-29;11;504
28;2025-11-29;12;575
28;2025-11-29;13;613
28;2025-11-29;14;582
28;2025-11-29;15;589
28;2025-11-29;16;553
28;2025-11-29;17;558
28;2025-11-29;18;501
28;2025-11-29;19;448
28;2025-11-29;20;338
28;2025-11-29;21;301
28;2025-11-29;22;150
28;2025-11-29;23;17
28;2025-11-30;0;0
28;2025-11-30;1;0
28;2025-11-30;2;0
28;2025-11-30;3;0
28;2025-11-30;4;0
28;2025-11-30;5;34
28;2025-11-30;6;90
28;2025-11-30;7;158
28;2025-11-30;8;264
28;2025-11-30;9;342
28;2025-11-30;10;383
28;2025-11-30;11;413
28;2025-11-30;12;465
28;2025-11-30;13;508
28;2025-11-30;14;508
28;2025-11-30;15;518
28;2025-11-30;16;495
28;2025-11-30;17;484
28;2025-11-30;18;450
28;2025-11-30;19;383
28;2025-11-30;20;320
28;2025-11-30;21;262
28;2025-11-30;22;124
28;2025-11-30;23;13
28;2025-12-01;0;0
28;2025-12-01;1;0
28;2025-12-01;2;0
28;2025-12-01;3;0
28;2025-12-01;4;2
28;2025-12-01;5;90
28;2025-12-01;6;290
28;2025-12-01;7;813
28;2025-12-01;8;1218
28;2025-12-01;9;896
28;2025-12-01;10;635
28;2025-12-01;11;581
28;2025-12-01;12;690
28;2025-12-01;13;706
28;2025-12-01;14;641
28;2025-12-01;15;680
28;2025-12-01;16;865
28;2025-12-01;17;976
28;2025-12-01;18;999
28;2025-12-01;19;773
28;2025-12-01;20;535
28;2025-12-01;21;331
28;2025-12-01;22;144
28;2025-12-01;23;13
28;2025-12-02;0;0
28;2025-12-02;1;0
28;2025-12-02;2;0
28;2025-12-02;3;0
28;2025-12-02;4;2
28;2025-12-02;5;85
28;2025-12-02;6;281
28;2025-12-02;7;845
28;2025-12-02;8;1240
28;2025-12-02;9;906
28;2025-12-02;10;675
28;2025-12-02;11;598
28;2025-12-02;12;692
28;2025-12-02;13;754
28;2025-12-02;14;686
28;2025-12-02;15;690
28;2025-12-02;16;836
28;2025-12-02;17;1002
28;2025-12-02;18;970
28;2025-12-02;19;799
28;2025-12-02;20;560
28;2025-12-02;21;349
28;2025-12-02;22;159
28;2025-12-02;23;15
28;2025-12-03;0;0
28;2025-12-03;1;0
28;2025-12-03;2;0
28;2025-12-03;3;0
28;2025-12-03;4;2
28;2025-12-03;5;95
28;2025-12-03;6;301
28;2025-12-03;7;788
28;2025-12-03;8;1243
28;2025-12-03;9;872
28;2025-12-03;10;641
28;2025-12-03;11;624
28;2025-12-03;12;721
28;2025-12-03;13;767
28;2025-12-03;14;669
28;2025-12-03;15;724
28;2025-12-03;16;893
28;2025-12-03;17;1003
28;2025-12-03;18;1034
28;2025-12-03;19;783
28;2025-12-03;20;549
28;2025-12-03;21;368
28;2025-12-03;22;162
28;2025-12-03;23;16
28;2025-12-04;0;0
28;2025-12-04;1;0
28;2025-12-04;2;0
28;2025-12-04;3;0
28;2025-12-04;4;2
28;2025-12-04;5;88
28;2025-12-04;6;291
28;2025-12-04;7;820
28;2025-12-04;8;1188
28;2025-12-04;9;888
28;2025-12-04;10;639
28;2025-12-04;11;582
28;2025-12-04;12;692
28;2025-12-04;13;731
28;2025-12-04;14;652
28;2025-12-04;15;677
28;2025-12-04;16;859
28;2025-12-04;17;1005
28;2025-12-04;18;1037
28;2025-12-04;19;778
28;2025-12-04;20;567
28;2025-12-04;21;353
28;2025-12-04;22;159
28;2025-12-04;23;15
28;2025-12-05;0;0
28;2025-12-05;1;0
28;2025-12-05;2;0
28;2025-12-05;3;0
28;2025-12-05;4;2
28;2025-12-05;5;88
28;2025-12-05;6;286
28;2025-12-05;7;804
28;2025-12-05;8;1212
28;2025-12-05;9;865
28;2025-12-05;10;625
28;2025-12-05;11;607
28;2025-12-05;12;710
28;2025-12-05;13;724
28;2025-12-05;14;701
28;2025-12-05;15;764
28;2025-12-05;16;959
28;2025-12-05;17;1004
28;2025-12-05;18;872
28;2025-12-05;19;715
28;2025-12-05;20;534
28;2025-12-05;21;348
28;2025-12-05;22;172
28;2025-12-05;23;17
28;2025-12-06;0;0
28;2025-12-06;1;0
28;2025-12-06;2;0
28;2025-12-06;3;0
28;2025-12-06;4;1
28;2025-12-06;5;43
28;2025-12-06;6;113
28;2025-12-06;7;248
28;2025-12-06;8;388
28;2025-12-06;9;484
28;2025-12-06;10;494
28;2025-12-06;11;517
28;2025-12-06;12;589
28;2025-12-06;13;629
28;2025-12-06;14;597
28;2025-12-06;15;604
28;2025-12-06;16;567
28;2025-12-06;17;573
28;2025-12-06;18;514
28;2025-12-06;19;459
28;2025-12-06;20;347
28;2025-12-06;21;309
28;2025-12-06;22;154
28;2025-12-06;23;17
28;2025-12-07;0;0
28;2025-12-07;1;0
28;2025-12-07;2;0
28;2025-12-07;3;0
28;2025-12-07;4;0
28;2025-12-07;5;34
28;2025-12-07;6;91
28;2025-12-07;7;161
28;2025-12-07;8;268
28;2025-12-07;9;347
28;2025-12-07;10;389
28;2025-12-07;11;419
28;2025-12-07;12;473
28;2025-12-07;13;516
28;2025-12-07;14;516
28;2025-12-07;15;527
28;2025-12-07;16;503
28;2025-12-07;17;491
28;2025-12-07;18;457
28;2025-12-07;19;389
28;2025-12-07;20;325
28;2025-12-07;21;266
28;2025-12-07;22;126
28;2025-12-07;23;13
28;2025-12-08;0;0
28;2025-12-08;1;0
28;2025-12-08;2;0
28;2025-12-08;3;0
28;2025-12-08;4;2
28;2025-12-08;5;89
28;2025-12-08;6;288
28;2025-12-08;7;808
28;2025-12-08;8;1209
28;2025-12-08;9;890
28;2025-12-08;10;630
28;2025-12-08;11;577
28;2025-12-08;12;685
28;2025-12-08;13;701
28;2025-12-08;14;637
28;2025-12-08;15;675
28;2025-12-08;16;859
28;2025-12-08;17;969
28;2025-12-08;18;992
28;2025-12-08;19;767
28;2025-12-08;20;531
28;2025-12-08;21;329
28;2025-12-08;22;143
28;2025-12-08;23;13
28;2025-12-09;0;0
28;2025-12-09;1;0
28;2025-12-09;2;0
28;2025-12-09;3;0
28;2025-12-09;4;2
28;2025-12-09;5;84
28;2025-12-09;6;279
28;2025-12-09;7;837
28;2025-12-09;8;1228
28;2025-12-09;9;897
28;2025-12-09;10;669
28;2025-12-09;11;592
28;2025-12-09;12;686
28;2025-12-09;13;747
28;2025-12-09;14;679
28;2025-12-09;15;684
28;2025-12-09;16;829
28;2025-12-09;17;992
28;2025-12-09;18;961
28;2025-12-09;19;792
28;2025-12-09;20;555
28;2025-12-09;21;346
28;2025-12-09;22;158
28;2025-12-09;23;15
28;2025-12-10;0;0
28;2025-12-10;1;0
28;2025-12-10;2;0
28;2025-12-10;3;0
28;2025-12-10;4;2
28;2025-12-10;5;93
28;2025-12-10;6;294
28;2025-12-10;7;771
28;2025-12-10;8;1216
28;2025-12-10;9;853
28;2025-12-10;10;627
28;2025-12-10;11;611
28;2025-12-10;12;706
28;2025-12-10;13;751
28;2025-12-10;14;654
28;2025-12-10;15;709
28;2025-12-10;16;874
28;2025-12-10;17;981
28;2025-12-10;18;1011
28;2025-12-10;19;766
28;2025-12-10;20;537
28;2025-12-10;21;360
28;2025-12-10;22;158
28;2025-12-10;23;16
28;2025-12-11;0;0
28;2025-12-11;1;0
28;2025-12-11;2;0
28;2025-12-11;3;0
28;2025-12-11;4;2
28;2025-12-11;5;85
28;2025-12-11;6;281
28;2025-12-11;7;792
28;2025-12-11;8;1147
28;2025-12-11;9;857
28;2025-12-11;10;617
28;2025-12-11;11;562
28;2025-12-11;12;668
28;2025-12-11;13;706
28;2025-12-11;14;629
28;2025-12-11;15;654
28;2025-12-11;16;829
28;2025-12-11;17;970
28;2025-12-11;18;1001
28;2025-12-11;19;751
28;2025-12-11;20;547
28;2025-12-11;21;341
28;2025-12-11;22;153
28;2025-12-11;23;14
28;2025-12-12;0;0
28;2025-12-12;1;0
28;2025-12-12;2;0
28;2025-12-12;3;0
28;2025-12-12;4;2
28;2025-12-12;5;85
28;2025-12-12;6;275
28;2025-12-12;7;772
28;2025-12-12;8;1165
28;2025-12-12;9;831
28;2025-12-12;10;601
28;2025-12-12;11;583
28;2025-12-12;12;682
28;2025-12-12;13;695
28;2025-12-12;14;674
28;2025-12-12;15;735
28;2025-12-12;16;921
28;2025-12-12;17;966
28;2025-12-12;18;839
28;2025-12-12;19;688
28;2025-12-12;20;514
28;2025-12-12;21;334
28;2025-12-12;22;165
28;2025-12-12;23;17
28;2025-12-13;0;0
28;2025-12-13;1;0
28;2025-12-13;2;0
28;2025-12-13;3;0
28;2025-12-13;4;1
28;2025-12-13;5;42
28;2025-12-13;6;111
28;2025-12-13;7;244
28;2025-12-13;8;382
28;2025-12-13;9;477
28;2025-12-13;10;486
28;2025-12-13;11;509
28;2025-12-13;12;580
28;2025-12-13;13;619
28;2025-12-13;14;587
28;2025-12-13;15;594
28;2025-12-13;16;558
28;2025-12-13;17;564
28;2025-12-13;18;506
28;2025-12-13;19;452
28;2025-12-13;20;341
28;2025-12-13;21;304
28;2025-12-13;22;151
28;2025-12-13;23;17
28;2025-12-14;0;0
28;2025-12-14;1;0
28;2025-12-14;2;0
28;2025-12-14;3;0
28;2025-12-14;4;0
28;2025-12-14;5;34
28;2025-12-14;6;91
28;2025-12-14;7;160
28;2025-12-14;8;266
28;2025-12-14;9;345
28;2025-12-14;10;387
28;2025-12-14;11;417
28;2025-12-14;12;470
28;2025-12-14;13;513
28;2025-12-14;14;514
28;2025-12-14;15;524
28;2025-12-14;16;501
28;2025-12-14;17;489
28;2025-12-14;18;454
28;2025-12-14;19;387
28;2025-12-14;20;323
28;2025-12-14;21;264
28;2025-12-14;22;125
28;2025-12-14;23;13
28;2025-12-15;0;0
28;2025-12-15;1;0
28;2025-12-15;2;0
28;2025-12-15;3;0
28;2025-12-15;4;2
28;2025-12-15;5;89
28;2025-12-15;6;288
28;2025-12-15;7;807
28;2025-12-15;8;1208
28;2025-12-15;9;889
28;2025-12-15;10;630
28;2025-12-15;11;576
28;2025-12-15;12;684
28;2025-12-15;13;700
28;2025-12-15;14;636
28;2025-12-15;15;674
28;2025-12-15;16;858
28;2025-12-15;17;968
28;2025-12-15;18;991
28;2025-12-15;19;766
28;2025-12-15;20;530
28;2025-12-15;21;329
28;2025-12-15;22;142
28;2025-12-15;23;13
28;2025-12-16;0;0
28;2025-12-16;1;0
28;2025-12-16;2;0
28;2025-12-16;3;0
28;2025-12-16;4;2
28;2025-12-16;5;83
28;2025-12-16;6;275
28;2025-12-16;7;826
28;2025-12-16;8;1212
28;2025-12-16;9;885
28;2025-12-16;10;660
28;2025-12-16;11;585
28;2025-12-16;12;677
28;2025-12-16;13;737
28;2025-12-16;14;670
28;2025-12-16;15;675
28;2025-12-16;16;818
28;2025-12-16;17;979
28;2025-12-16;18;948
28;2025-12-16;19;782
28;2025-12-16;20;548
28;2025-12-16;21;341
28;2025-12-16;22;156
28;2025-12-16;23;15
28;2025-12-17;0;0
28;2025-12-17;1;0
28;2025-12-17;2;0
28;2025-12-17;3;0
28;2025-12-17;4;2
28;2025-12-17;5;94
28;2025-12-17;6;298
28;2025-12-17;7;780
28;2025-12-17;8;1230
28;2025-12-17;9;863
28;2025-12-17;10;635
28;2025-12-17;11;618
28;2025-12-17;12;714
28;2025-12-17;13;760
28;2025-12-17;14;662
28;2025-12-17;15;717
28;2025-12-17;16;884
28;2025-12-17;17;993
28;2025-12-17;18;1023
28;2025-12-17;19;775
28;2025-12-17;20;543
28;2025-12-17;21;364
28;2025-12-17;22;160
28;2025-12-17;23;16
28;2025-12-18;0;0
28;2025-12-18;1;0
28;2025-12-18;2;0
28;2025-12-18;3;0
28;2025-12-18;4;2
28;2025-12-18;5;87
28;2025-12-18;6;288
28;2025-12-18;7;811
28;2025-12-18;8;1175
28;2025-12-18;9;879
28;2025-12-18;10;632
28;2025-12-18;11;576
28;2025-12-18;12;684
28;2025-12-18;13;723
28;2025-12-18;14;644
28;2025-12-18;15;670
28;2025-12-18;16;850
28;2025-12-18;17;993
28;2025-12-18;18;1025
28;2025-12-18;19;770
28;2025-12-18;20;561
28;2025-12-18;21;349
28;2025-12-18;22;157
28;2025-12-18;23;15
28;2025-12-19;0;0
28;2025-12-19;1;0
28;2025-12-19;2;0
28;2025-12-19;3;0
28;2025-12-19;4;2
28;2025-12-19;5;87
28;2025-12-19;6;281
28;2025-12-19;7;789
28;2025-12-19;8;1191
28;2025-12-19;9;850
28;2025-12-19;10;614
28;2025-12-19;11;596
28;2025-12-19;12;697
28;2025-12-19;13;711
28;2025-12-19;14;689
28;2025-12-19;15;751
28;2025-12-19;16;942
28;2025-12-19;17;987
28;2025-12-19;18;857
28;2025-12-19;19;703
28;2025-12-19;20;525
28;2025-12-19;21;341
28;2025-12-19;22;169
28;2025-12-19;23;17
28;2025-12-20;0;0
28;2025-12-20;1;0
28;2025-12-20;2;0
28;2025-12-20;3;0
28;2025-12-20;4;1
28;2025-12-20;5;43
28;2025-12-20;6;112
28;2025-12-20;7;246
28;2025-12-20;8;386
28;2025-12-20;9;481
28;2025-12-20;10;491
28;2025-12-20;11;514
28;2025-12-20;12;586
28;2025-12-20;13;625
28;2025-12-20;14;593
28;2025-12-20;15;600
28;2025-12-20;16;563
28;2025-12-20;17;569
28;2025-12-20;18;511
28;2025-12-20;19;456
28;2025-12-20;20;345
28;2025-12-20;21;307
28;2025-12-20;22;153
28;2025-12-20;23;17
28;2025-12-21;0;0
28;2025-12-21;1;0
28;2025-12-21;2;0
28;2025-12-21;3;0
28;2025-12-21;4;0
28;2025-12-21;5;34
28;2025-12-21;6;90
28;2025-12-21;7;160
28;2025-12-21;8;266
28;2025-12-21;9;345
28;2025-12-21;10;386
28;2025-12-21;11;417
28;2025-12-21;12;470
28;2025-12-21;13;513
28;2025-12-21;14;513
28;2025-12-21;15;523
28;2025-12-21;16;500
28;2025-12-21;17;488
28;2025-12-21;18;454
28;2025-12-21;19;386
28;2025-12-21;20;323
28;2025-12-21;21;264
28;2025-12-21;22;125
28;2025-12-21;23;13
28;2025-12-22;0;0
28;2025-12-22;1;0
28;2025-12-22;2;0
28;2025-12-22;3;0
28;2025-12-22;4;2
28;2025-12-22;5;87
28;2025-12-22;6;283
28;2025-12-22;7;791
28;2025-12-22;8;1185
28;2025-12-22;9;872
28;2025-12-22;10;617
28;2025-12-22;11;565
28;2025-12-22;12;671
28;2025-12-22;13;686
28;2025-12-22;14;624
28;2025-12-22;15;661
28;2025-12-22;16;841
28;2025-12-22;17;949
28;2025-12-22;18;972
28;2025-12-22;19;752
28;2025-12-22;20;520
28;2025-12-22;21;322
28;2025-12-22;22;140
28;2025-12-22;23;13
28;2025-12-23;0;0
28;2025-12-23;1;0
28;2025-12-23;2;0
28;2025-12-23;3;0
28;2025-12-23;4;2
28;2025-12-23;5;85
28;2025-12-23;6;281
28;2025-12-23;7;842
28;2025-12-23;8;1236
28;2025-12-23;9;903
28;2025-12-23;10;673
28;2025-12-23;11;596
28;2025-12-23;12;690
28;2025-12-23;13;752
28;2025-12-23;14;684
28;2025-12-23;15;688
28;2025-12-23;16;834
28;2025-12-23;17;999
28;2025-12-23;18;967
28;2025-12-23;19;797
28;2025-12-23;20;559
28;2025-12-23;21;348
28;2025-12-23;22;159
28;2025-12-23;23;15
28;2025-12-24;0;0
28;2025-12-24;1;0
28;2025-12-24;2;0
28;2025-12-24;3;0
28;2025-12-24;4;2
28;2025-12-24;5;93
28;2025-12-24;6;296
28;2025-12-24;7;776
28;2025-12-24;8;1225
28;2025-12-24;9;859
28;2025-12-24;10;632
28;2025-12-24;11;615
28;2025-12-24;12;711
28;2025-12-24;13;756
28;2025-12-24;14;659
28;2025-12-24;15;714
28;2025-12-24;16;880
28;2025-12-24;17;988
28;2025-12-24;18;1019
28;2025-12-24;19;771
28;2025-12-24;20;541
28;2025-12-24;21;362
28;2025-12-24;22;159
28;2025-12-24;23;16
28;2025-12-25;0;0
28;2025-12-25;1;0
28;2025-12-25;2;0
28;2025-12-25;3;0
28;2025-12-25;4;2
28;2025-12-25;5;86
28;2025-12-25;6;284
28;2025-12-25;7;800
28;2025-12-25;8;1158
28;2025-12-25;9;866
28;2025-12-25;10;623
28;2025-12-25;11;568
28;2025-12-25;12;675
28;2025-12-25;13;713
28;2025-12-25;14;635
28;2025-12-25;15;660
28;2025-12-25;16;838
28;2025-12-25;17;979
28;2025-12-25;18;1011
28;2025-12-25;19;759
28;2025-12-25;20;553
28;2025-12-25;21;344
28;2025-12-25;22;155
28;2025-12-25;23;14
28;2025-12-26;0;0
28;2025-12-26;1;0
28;2025-12-26;2;0
28;2025-12-26;3;0
28;2025-12-26;4;2
28;2025-12-26;5;84
28;2025-12-26;6;272
28;2025-12-26;7;764
28;2025-12-26;8;1152
28;2025-12-26;9;822
28;2025-12-26;10;594
28;2025-12-26;11;577
28;2025-12-26;12;675
28;2025-12-26;13;688
28;2025-12-26;14;667
28;2025-12-26;15;727
28;2025-12-26;16;911
28;2025-12-26;17;955
28;2025-12-26;18;829
28;2025-12-26;19;680
28;2025-12-26;20;508
28;2025-12-26;21;330
28;2025-12-26;22;163
28;2025-12-26;23;16
28;2025-12-27;0;0
28;2025-12-27;1;0
28;2025-12-27;2;0
28;2025-12-27;3;0
28;2025-12-27;4;1
28;2025-12-27;5;42
28;2025-12-27;6;111
28;2025-12-27;7;243
28;2025-12-27;8;381
28;2025-12-27;9;475
28;2025-12-27;10;484
28;2025-12-27;11;507
28;2025-12-27;12;578
28;2025-12-27;13;617
28;2025-12-27;14;585
28;2025-12-27;15;592
28;2025-12-27;16;556
28;2025-12-27;17;562
28;2025-12-27;18;504
28;2025-12-27;19;450
28;2025-12-27;20;340
28;2025-12-27;21;303
28;2025-12-27;22;151
28;2025-12-27;23;17
28;2025-12-28;0;0
28;2025-12-28;1;0
28;2025-12-28;2;0
28;2025-12-28;3;0
28;2025-12-28;4;0
28;2025-12-28;5;34
28;2025-12-28;6;90
28;2025-12-28;7;158
28;2025-12-28;8;263
28;2025-12-28;9;341
28;2025-12-28;10;382
28;2025-12-28;11;412
28;2025-12-28;12;465
28;2025-12-28;13;507
28;2025-12-28;14;508
28;2025-12-28;15;518
28;2025-12-28;16;495
28;2025-12-28;17;483
28;2025-12-28;18;449
28;2025-12-28;19;382
28;2025-12-28;20;320
28;2025-12-28;21;262
28;2025-12-28;22;124
28;2025-12-28;23;13
28;2025-12-29;0;0
28;2025-12-29;1;0
28;2025-12-29;2;0
28;2025-12-29;3;0
28;2025-12-29;4;2
28;2025-12-29;5;88
28;2025-12-29;6;285
28;2025-12-29;7;797
28;2025-12-29;8;1194
28;2025-12-29;9;878
28;2025-12-29;10;622
28;2025-12-29;11;569
28;2025-12-29;12;676
28;2025-12-29;13;692
28;2025-12-29;14;628
28;2025-12-29;15;666
28;2025-12-29;16;847
28;2025-12-29;17;956
28;2025-12-29;18;979
28;2025-12-29;19;757
28;2025-12-29;20;524
28;2025-12-29;21;325
28;2025-12-29;22;141
28;2025-12-29;23;13
28;2025-12-30;0;0
28;2025-12-30;1;0
28;2025-12-30;2;0
28;2025-12-30;3;0
28;2025-12-30;4;2
28;2025-12-30;5;82
28;2025-12-30;6;273
28;2025-12-30;7;821
28;2025-12-30;8;1204
28;2025-12-30;9;880
28;2025-12-30;10;656
28;2025-12-30;11;581
28;2025-12-30;12;672
28;2025-12-30;13;732
28;2025-12-30;14;666
28;2025-12-30;15;671
28;2025-12-30;16;812
28;2025-12-30;17;973
28;2025-12-30;18;942
28;2025-12-30;19;777
28;2025-12-30;20;544
28;2025-12-30;21;339
28;2025-12-30;22;155
28;2025-12-30;23;15
28;2025-12-31;0;0
28;2025-12-31;1;0
28;2025-12-31;2;0
28;2025-12-31;3;0
28;2025-12-31;4;1
28;2025-12-31;5;33
28;2025-12-31;6;92
28;2025-12-31;7;165
28;2025-12-31;8;248
28;2025-12-31;9;339
28;2025-12-31;10;352
28;2025-12-31;11;373
28;2025-12-31;12;440
28;2025-12-31;13;459
28;2025-12-31;14;472
28;2025-12-31;15;465
28;2025-12-31;16;440
28;2025-12-31;17;451
28;2025-12-31;18;432
28;2025-12-31;19;354
28;2025-12-31;20;308
28;2025-12-31;21;255
28;2025-12-31;22;119
28;2025-12-31;23;11
50;2025-11-01;0;45
50;2025-11-01;1;3
50;2025-11-01;2;0
50;2025-11-01;3;0
50;2025-11-01;4;3
50;2025-11-01;5;74
50;2025-11-01;6;588
50;2025-11-01;7;1808
50;2025-11-01;8;2777
50;2025-11-01;9;2090
50;2025-11-01;10;1642
50;2025-11-01;11;1614
50;2025-11-01;12;1569
50;2025-11-01;13;1536
50;2025-11-01;14;1454
50;2025-11-01;15;1764
50;2025-11-01;16;2146
50;2025-11-01;17;2183
50;2025-11-01;18;1938
50;2025-11-01;19;1314
50;2025-11-01;20;874
50;2025-11-01;21;638
50;2025-11-01;22;340
50;2025-11-01;23;195
50;2025-11-02;0;51
50;2025-11-02;1;4
50;2025-11-02;2;0
50;2025-11-02;3;0
50;2025-11-02;4;0
50;2025-11-02;5;29
50;2025-11-02;6;152
50;2025-11-02;7;288
50;2025-11-02;8;425
50;2025-11-02;9;499
50;2025-11-02;10;510
50;2025-11-02;11;634
50;2025-11-02;12;671
50;2025-11-02;13;741
50;2025-11-02;14;754
50;2025-11-02;15;671
50;2025-11-02;16;695
50;2025-11-02;17;710
50;2025-11-02;18;671
50;2025-11-02;19;622
50;2025-11-02;20;475
50;2025-11-02;21;396
50;2025-11-02;22;223
50;2025-11-02;23;143
50;2025-11-03;0;50
50;2025-11-03;1;4
50;2025-11-03;2;0
50;2025-11-03;3;0
50;2025-11-03;4;0
50;2025-11-03;5;29
50;2025-11-03;6;149
50;2025-11-03;7;283
50;2025-11-03;8;418
50;2025-11-03;9;491
50;2025-11-03;10;502
50;2025-11-03;11;624
50;2025-11-03;12;660
50;2025-11-03;13;729
50;2025-11-03;14;742
50;2025-11-03;15;660
50;2025-11-03;16;683
50;2025-11-03;17;699
50;2025-11-03;18;660
50;2025-11-03;19;612
50;2025-11-03;20;467
50;2025-11-03;21;389
50;2025-11-03;22;219
50;2025-11-03;23;141
50;2025-11-04;0;49
50;2025-11-04;1;4
50;2025-11-04;2;0
50;2025-11-04;3;0
50;2025-11-04;4;0
50;2025-11-04;5;28
50;2025-11-04;6;148
50;2025-11-04;7;281
50;2025-11-04;8;414
50;2025-11-04;9;487
50;2025-11-04;10;498
50;2025-11-04;11;619
50;2025-11-04;12;655
50;2025-11-04;13;723
50;2025-11-04;14;736
50;2025-11-04;15;654
50;2025-11-04;16;678
50;2025-11-04;17;693
50;2025-11-04;18;655
50;2025-11-04;19;607
50;2025-11-04;20;464
50;2025-11-04;21;386
50;2025-11-04;22;218
50;2025-11-04;23;140
50;2025-11-05;0;37
50;2025-11-05;1;3
50;2025-11-05;2;0
50;2025-11-05;3;0
50;2025-11-05;4;3
50;2025-11-05;5;75
50;2025-11-05;6;566
50;2025-11-05;7;1775
50;2025-11-05;8;2743
50;2025-11-05;9;2178
50;2025-11-05;10;1653
50;2025-11-05;11;1550
50;2025-11-05;12;1433
50;2025-11-05;13;1423
50;2025-11-05;14;1426
50;2025-11-05;15;1589
50;2025-11-05;16;1702
50;2025-11-05;17;2336
50;2025-11-05;18;2476
50;2025-11-05;19;1568
50;2025-11-05;20;951
50;2025-11-05;21;665
50;2025-11-05;22;320
50;2025-11-05;23;153
50;2025-11-06;0;42
50;2025-11-06;1;3
50;2025-11-06;2;0
50;2025-11-06;3;0
50;2025-11-06;4;2
50;2025-11-06;5;74
50;2025-11-06;6;569
50;2025-11-06;7;1830
50;2025-11-06;8;2687
50;2025-11-06;9;2166
50;2025-11-06;10;1674
50;2025-11-06;11;1576
50;2025-11-06;12;1463
50;2025-11-06;13;1416
50;2025-11-06;14;1353
50;2025-11-06;15;1547
50;2025-11-06;16;1713
50;2025-11-06;17;2308
50;2025-11-06;18;2535
50;2025-11-06;19;1525
50;2025-11-06;20;972
50;2025-11-06;21;735
50;2025-11-06;22;322
50;2025-11-06;23;171
50;2025-11-07;0;44
50;2025-11-07;1;3
50;2025-11-07;2;0
50;2025-11-07;3;0
50;2025-11-07;4;2
50;2025-11-07;5;72
50;2025-11-07;6;568
50;2025-11-07;7;1746
50;2025-11-07;8;2683
50;2025-11-07;9;2019
50;2025-11-07;10;1587
50;2025-11-07;11;1559
50;2025-11-07;12;1515
50;2025-11-07;13;1484
50;2025-11-07;14;1405
50;2025-11-07;15;1704
50;2025-11-07;16;2073
50;2025-11-07;17;2109
50;2025-11-07;18;1873
50;2025-11-07;19;1269
50;2025-11-07;20;845
50;2025-11-07;21;616
50;2025-11-07;22;328
50;2025-11-07;23;188
50;2025-11-08;0;74
50;2025-11-08;1;5
50;2025-11-08;2;0
50;2025-11-08;3;0
50;2025-11-08;4;1
50;2025-11-08;5;33
50;2025-11-08;6;188
50;2025-11-08;7;432
50;2025-11-08;8;636
50;2025-11-08;9;692
50;2025-11-08;10;688
50;2025-11-08;11;828
50;2025-11-08;12;862
50;2025-11-08;13;869
50;2025-11-08;14;893
50;2025-11-08;15;821
50;2025-11-08;16;822
50;2025-11-08;17;820
50;2025-11-08;18;752
50;2025-11-08;19;693
50;2025-11-08;20;514
50;2025-11-08;21;446
50;2025-11-08;22;269
50;2025-11-08;23;160
50;2025-11-09;0;56
50;2025-11-09;1;5
50;2025-11-09;2;0
50;2025-11-09;3;0
50;2025-11-09;4;0
50;2025-11-09;5;29
50;2025-11-09;6;135
50;2025-11-09;7;267
50;2025-11-09;8;390
50;2025-11-09;9;470
50;2025-11-09;10;517
50;2025-11-09;11;644
50;2025-11-09;12;677
50;2025-11-09;13;770
50;2025-11-09;14;780
50;2025-11-09;15;708
50;2025-11-09;16;730
50;2025-11-09;17;750
50;2025-11-09;18;699
50;2025-11-09;19;595
50;2025-11-09;20;508
50;2025-11-09;21;403
50;2025-11-09;22;245
50;2025-11-09;23;117
50;2025-11-10;0;37
50;2025-11-10;1;4
50;2025-11-10;2;0
50;2025-11-10;3;0
50;2025-11-10;4;2
50;2025-11-10;5;73
50;2025-11-10;6;567
50;2025-11-10;7;1842
50;2025-11-10;8;2758
50;2025-11-10;9;2172
50;2025-11-10;10;1626
50;2025-11-10;11;1546
50;2025-11-10;12;1393
50;2025-11-10;13;1432
50;2025-11-10;14;1357
50;2025-11-10;15;1601
50;2025-11-10;16;1593
50;2025-11-10;17;2305
50;2025-11-10;18;2541
50;2025-11-10;19;1514
50;2025-11-10;20;925
50;2025-11-10;21;621
50;2025-11-10;22;283
50;2025-11-10;23;136
50;2025-11-11;0;36
50;2025-11-11;1;3
50;2025-11-11;2;0
50;2025-11-11;3;0
50;2025-11-11;4;2
50;2025-11-11;5;76
50;2025-11-11;6;614
50;2025-11-11;7;1898
50;2025-11-11;8;2878
50;2025-11-11;9;2202
50;2025-11-11;10;1705
50;2025-11-11;11;1589
50;2025-11-11;12;1482
50;2025-11-11;13;1473
50;2025-11-11;14;1392
50;2025-11-11;15;1589
50;2025-11-11;16;1644
50;2025-11-11;17;2411
50;2025-11-11;18;2607
50;2025-11-11;19;1538
50;2025-11-11;20;986
50;2025-11-11;21;670
50;2025-11-11;22;307
50;2025-11-11;23;144
50;2025-11-12;0;37
50;2025-11-12;1;3
50;2025-11-12;2;0
50;2025-11-12;3;0
50;2025-11-12;4;2
50;2025-11-12;5;75
50;2025-11-12;6;560
50;2025-11-12;7;1754
50;2025-11-12;8;2711
50;2025-11-12;9;2152
50;2025-11-12;10;1634
50;2025-11-12;11;1532
50;2025-11-12;12;1416
50;2025-11-12;13;1407
50;2025-11-12;14;1409
50;2025-11-12;15;1570
50;2025-11-12;16;1682
50;2025-11-12;17;2308
50;2025-11-12;18;2447
50;2025-11-12;19;1550
50;2025-11-12;20;940
50;2025-11-12;21;657
50;2025-11-12;22;317
50;2025-11-12;23;151
50;2025-11-13;0;43
50;2025-11-13;1;3
50;2025-11-13;2;0
50;2025-11-13;3;0
50;2025-11-13;4;2
50;2025-11-13;5;75
50;2025-11-13;6;579
50;2025-11-13;7;1861
50;2025-11-13;8;2732
50;2025-11-13;9;2203
50;2025-11-13;10;1703
50;2025-11-13;11;1603
50;2025-11-13;12;1488
50;2025-11-13;13;1440
50;2025-11-13;14;1376
50;2025-11-13;15;1573
50;2025-11-13;16;1742
50;2025-11-13;17;2348
50;2025-11-13;18;2578
50;2025-11-13;19;1551
50;2025-11-13;20;989
50;2025-11-13;21;747
50;2025-11-13;22;328
50;2025-11-13;23;174
50;2025-11-14;0;44
50;2025-11-14;1;3
50;2025-11-14;2;0
50;2025-11-14;3;0
50;2025-11-14;4;3
50;2025-11-14;5;73
50;2025-11-14;6;575
50;2025-11-14;7;1769
50;2025-11-14;8;2717
50;2025-11-14;9;2045
50;2025-11-14;10;1607
50;2025-11-14;11;1579
50;2025-11-14;12;1535
50;2025-11-14;13;1502
50;2025-11-14;14;1423
50;2025-11-14;15;1726
50;2025-11-14;16;2099
50;2025-11-14;17;2136
50;2025-11-14;18;1897
50;2025-11-14;19;1285
50;2025-11-14;20;855
50;2025-11-14;21;624
50;2025-11-14;22;333
50;2025-11-14;23;191
50;2025-11-15;0;69
50;2025-11-15;1;4
50;2025-11-15;2;0
50;2025-11-15;3;0
50;2025-11-15;4;1
50;2025-11-15;5;30
50;2025-11-15;6;173
50;2025-11-15;7;399
50;2025-11-15;8;588
50;2025-11-15;9;639
50;2025-11-15;10;636
50;2025-11-15;11;765
50;2025-11-15;12;797
50;2025-11-15;13;802
50;2025-11-15;14;825
50;2025-11-15;15;759
50;2025-11-15;16;759
50;2025-11-15;17;757
50;2025-11-15;18;695
50;2025-11-15;19;640
50;2025-11-15;20;475
50;2025-11-15;21;412
50;2025-11-15;22;249
50;2025-11-15;23;148
50;2025-11-16;0;56
50;2025-11-16;1;5
50;2025-11-16;2;0
50;2025-11-16;3;0
50;2025-11-16;4;0
50;2025-11-16;5;29
50;2025-11-16;6;136
50;2025-11-16;7;269
50;2025-11-16;8;393
50;2025-11-16;9;473
50;2025-11-16;10;522
50;2025-11-16;11;650
50;2025-11-16;12;683
50;2025-11-16;13;776
50;2025-11-16;14;787
50;2025-11-16;15;714
50;2025-11-16;16;736
50;2025-11-16;17;756
50;2025-11-16;18;705
50;2025-11-16;19;600
50;2025-11-16;20;512
50;2025-11-16;21;407
50;2025-11-16;22;247
50;2025-11-16;23;118
50;2025-11-17;0;37
50;2025-11-17;1;4
50;2025-11-17;2;0
50;2025-11-17;3;0
50;2025-11-17;4;2
50;2025-11-17;5;71
50;2025-11-17;6;558
50;2025-11-17;7;1814
50;2025-11-17;8;2715
50;2025-11-17;9;2138
50;2025-11-17;10;1601
50;2025-11-17;11;1523
50;2025-11-17;12;1371
50;2025-11-17;13;1409
50;2025-11-17;14;1336
50;2025-11-17;15;1576
50;2025-11-17;16;1569
50;2025-11-17;17;2269
50;2025-11-17;18;2502
50;2025-11-17;19;1490
50;2025-11-17;20;911
50;2025-11-17;21;611
50;2025-11-17;22;278
50;2025-11-17;23;134
50;2025-11-18;0;35
50;2025-11-18;1;3
50;2025-11-18;2;0
50;2025-11-18;3;0
50;2025-11-18;4;2
50;2025-11-18;5;73
50;2025-11-18;6;592
50;2025-11-18;7;1831
50;2025-11-18;8;2777
50;2025-11-18;9;2125
50;2025-11-18;10;1645
50;2025-11-18;11;1533
50;2025-11-18;12;1430
50;2025-11-18;13;1422
50;2025-11-18;14;1344
50;2025-11-18;15;1534
50;2025-11-18;16;1586
50;2025-11-18;17;2327
50;2025-11-18;18;2515
50;2025-11-18;19;1484
50;2025-11-18;20;952
50;2025-11-18;21;646
50;2025-11-18;22;296
50;2025-11-18;23;139
50;2025-11-19;0;37
50;2025-11-19;1;3
50;2025-11-19;2;0
50;2025-11-19;3;0
50;2025-11-19;4;3
50;2025-11-19;5;76
50;2025-11-19;6;568
50;2025-11-19;7;1782
50;2025-11-19;8;2753
50;2025-11-19;9;2186
50;2025-11-19;10;1660
50;2025-11-19;11;1556
50;2025-11-19;12;1438
50;2025-11-19;13;1429
50;2025-11-19;14;1431
50;2025-11-19;15;1595
50;2025-11-19;16;1709
50;2025-11-19;17;2345
50;2025-11-19;18;2485
50;2025-11-19;19;1574
50;2025-11-19;20;955
50;2025-11-19;21;667
50;2025-11-19;22;322
50;2025-11-19;23;153
50;2025-11-20;0;43
50;2025-11-20;1;3
50;2025-11-20;2;0
50;2025-11-20;3;0
50;2025-11-20;4;2
50;2025-11-20;5;76
50;2025-11-20;6;583
50;2025-11-20;7;1876
50;2025-11-20;8;2754
50;2025-11-20;9;2221
50;2025-11-20;10;1716
50;2025-11-20;11;1616
50;2025-11-20;12;1500
50;2025-11-20;13;1452
50;2025-11-20;14;1387
50;2025-11-20;15;1586
50;2025-11-20;16;1756
50;2025-11-20;17;2366
50;2025-11-20;18;2598
50;2025-11-20;19;1564
50;2025-11-20;20;997
50;2025-11-20;21;753
50;2025-11-20;22;331
50;2025-11-20;23;175
50;2025-11-21;0;44
50;2025-11-21;1;3
50;2025-11-21;2;0
50;2025-11-21;3;0
50;2025-11-21;4;3
50;2025-11-21;5;73
50;2025-11-21;6;579
50;2025-11-21;7;1780
50;2025-11-21;8;2735
50;2025-11-21;9;2058
50;2025-11-21;10;1617
50;2025-11-21;11;1590
50;2025-11-21;12;1545
50;2025-11-21;13;1512
50;2025-11-21;14;1432
50;2025-11-21;15;1737
50;2025-11-21;16;2113
50;2025-11-21;17;2149
50;2025-11-21;18;1909
50;2025-11-21;19;1293
50;2025-11-21;20;861
50;2025-11-21;21;628
50;2025-11-21;22;335
50;2025-11-21;23;192
50;2025-11-22;0;72
50;2025-11-22;1;5
50;2025-11-22;2;0
50;2025-11-22;3;0
50;2025-11-22;4;1
50;2025-11-22;5;32
50;2025-11-22;6;181
50;2025-11-22;7;417
50;2025-11-22;8;615
50;2025-11-22;9;668
50;2025-11-22;10;665
50;2025-11-22;11;800
50;2025-11-22;12;833
50;2025-11-22;13;839
50;2025-11-22;14;862
50;2025-11-22;15;793
50;2025-11-22;16;794
50;2025-11-22;17;792
50;2025-11-22;18;727
50;2025-11-22;19;670
50;2025-11-22;20;496
50;2025-11-22;21;431
50;2025-11-22;22;260
50;2025-11-22;23;155
50;2025-11-23;0;56
50;2025-11-23;1;5
50;2025-11-23;2;0
50;2025-11-23;3;0
50;2025-11-23;4;0
50;2025-11-23;5;29
50;2025-11-23;6;137
50;2025-11-23;7;270
50;2025-11-23;8;393
50;2025-11-23;9;474
50;2025-11-23;10;522
50;2025-11-23;11;651
50;2025-11-23;12;684
50;2025-11-23;13;777
50;2025-11-23;14;788
50;2025-11-23;15;715
50;2025-11-23;16;737
50;2025-11-23;17;757
50;2025-11-23;18;706
50;2025-11-23;19;601
50;2025-11-23;20;513
50;2025-11-23;21;407
50;2025-11-23;22;248
50;2025-11-23;23;119
50;2025-11-24;0;36
50;2025-11-24;1;4
50;2025-11-24;2;0
50;2025-11-24;3;0
50;2025-11-24;4;2
50;2025-11-24;5;70
50;2025-11-24;6;545
50;2025-11-24;7;1772
50;2025-11-24;8;2652
50;2025-11-24;9;2089
50;2025-11-24;10;1563
50;2025-11-24;11;1487
50;2025-11-24;12;1339
50;2025-11-24;13;1377
50;2025-11-24;14;1305
50;2025-11-24;15;1540
50;2025-11-24;16;1532
50;2025-11-24;17;2216
50;2025-11-24;18;2444
50;2025-11-24;19;1455
50;2025-11-24;20;890
50;2025-11-24;21;597
50;2025-11-24;22;272
50;2025-11-24;23;131
50;2025-11-25;0;36
50;2025-11-25;1;3
50;2025-11-25;2;0
50;2025-11-25;3;0
50;2025-11-25;4;2
50;2025-11-25;5;76
50;2025-11-25;6;619
50;2025-11-25;7;1913
50;2025-11-25;8;2902
50;2025-11-25;9;2221
50;2025-11-25;10;1719
50;2025-11-25;11;1602
50;2025-11-25;12;1495
50;2025-11-25;13;1486
50;2025-11-25;14;1404
50;2025-11-25;15;1603
50;2025-11-25;16;1657
50;2025-11-25;17;2431
50;2025-11-25;18;2629
50;2025-11-25;19;1550
50;2025-11-25;20;995
50;2025-11-25;21;675
50;2025-11-25;22;309
50;2025-11-25;23;146
50;2025-11-26;0;36
50;2025-11-26;1;3
50;2025-11-26;2;0
50;2025-11-26;3;0
50;2025-11-26;4;2
50;2025-11-26;5;73
50;2025-11-26;6;546
50;2025-11-26;7;1712
50;2025-11-26;8;2645
50;2025-11-26;9;2100
50;2025-11-26;10;1594
50;2025-11-26;11;1495
50;2025-11-26;12;1382
50;2025-11-26;13;1373
50;2025-11-26;14;1375
50;2025-11-26;15;1532
50;2025-11-26;16;1642
50;2025-11-26;17;2252
50;2025-11-26;18;2387
50;2025-11-26;19;1512
50;2025-11-26;20;918
50;2025-11-26;21;641
50;2025-11-26;22;309
50;2025-11-26;23;147
50;2025-11-27;0;42
50;2025-11-27;1;3
50;2025-11-27;2;0
50;2025-11-27;3;0
50;2025-11-27;4;2
50;2025-11-27;5;73
50;2025-11-27;6;564
50;2025-11-27;7;1813
50;2025-11-27;8;2662
50;2025-11-27;9;2146
50;2025-11-27;10;1659
50;2025-11-27;11;1561
50;2025-11-27;12;1449
50;2025-11-27;13;1403
50;2025-11-27;14;1340
50;2025-11-27;15;1533
50;2025-11-27;16;1697
50;2025-11-27;17;2287
50;2025-11-27;18;2511
50;2025-11-27;19;1511
50;2025-11-27;20;963
50;2025-11-27;21;728
50;2025-11-27;22;319
50;2025-11-27;23;169
50;2025-11-28;0;43
50;2025-11-28;1;3
50;2025-11-28;2;0
50;2025-11-28;3;0
50;2025-11-28;4;2
50;2025-11-28;5;71
50;2025-11-28;6;564
50;2025-11-28;7;1735
50;2025-11-28;8;2666
50;2025-11-28;9;2006
50;2025-11-28;10;1577
50;2025-11-28;11;1550
50;2025-11-28;12;1506
50;2025-11-28;13;1474
50;2025-11-28;14;1396
50;2025-11-28;15;1693
50;2025-11-28;16;2060
50;2025-11-28;17;2095
50;2025-11-28;18;1861
50;2025-11-28;19;1261
50;2025-11-28;20;839
50;2025-11-28;21;613
50;2025-11-28;22;326
50;2025-11-28;23;187
50;2025-11-29;0;76
50;2025-11-29;1;5
50;2025-11-29;2;0
50;2025-11-29;3;0
50;2025-11-29;4;1
50;2025-11-29;5;33
50;2025-11-29;6;190
50;2025-11-29;7;438
50;2025-11-29;8;645
50;2025-11-29;9;702
50;2025-11-29;10;698
50;2025-11-29;11;840
50;2025-11-29;12;875
50;2025-11-29;13;881
50;2025-11-29;14;906
50;2025-11-29;15;833
50;2025-11-29;16;834
50;2025-11-29;17;832
50;2025-11-29;18;763
50;2025-11-29;19;703
50;2025-11-29;20;521
50;2025-11-29;21;452
50;2025-11-29;22;273
50;2025-11-29;23;162
50;2025-11-30;0;56
50;2025-11-30;1;5
50;2025-11-30;2;0
50;2025-11-30;3;0
50;2025-11-30;4;0
50;2025-11-30;5;29
50;2025-11-30;6;136
50;2025-11-30;7;269
50;2025-11-30;8;393
50;2025-11-30;9;474
50;2025-11-30;10;522
50;2025-11-30;11;650
50;2025-11-30;12;683
50;2025-11-30;13;776
50;2025-11-30;14;787
50;2025-11-30;15;714
50;2025-11-30;16;736
50;2025-11-30;17;756
50;2025-11-30;18;705
50;2025-11-30;19;600
50;2025-11-30;20;513
50;2025-11-30;21;407
50;2025-11-30;22;247
50;2025-11-30;23;118
50;2025-12-01;0;39
50;2025-12-01;1;4
50;2025-12-01;2;0
50;2025-12-01;3;0
50;2025-12-01;4;2
50;2025-12-01;5;75
50;2025-12-01;6;589
50;2025-12-01;7;1913
50;2025-12-01;8;2864
50;2025-12-01;9;2256
50;2025-12-01;10;1688
50;2025-12-01;11;1606
50;2025-12-01;12;1447
50;2025-12-01;13;1487
50;2025-12-01;14;1410
50;2025-12-01;15;1663
50;2025-12-01;16;1654
50;2025-12-01;17;2394
50;2025-12-01;18;2639
50;2025-12-01;19;1572
50;2025-12-01;20;961
50;2025-12-01;21;645
50;2025-12-01;22;294
50;2025-12-01;23;141
50;2025-12-02;0;37
50;2025-12-02;1;3
50;2025-12-02;2;0
50;2025-12-02;3;0
50;2025-12-02;4;2
50;2025-12-02;5;78
50;2025-12-02;6;631
50;2025-12-02;7;1949
50;2025-12-02;8;2956
50;2025-12-02;9;2262
50;2025-12-02;10;1751
50;2025-12-02;11;1632
50;2025-12-02;12;1523
50;2025-12-02;13;1513
50;2025-12-02;14;1430
50;2025-12-02;15;1632
50;2025-12-02;16;1688
50;2025-12-02;17;2477
50;2025-12-02;18;2677
50;2025-12-02;19;1579
50;2025-12-02;20;1013
50;2025-12-02;21;688
50;2025-12-02;22;315
50;2025-12-02;23;148
50;2025-12-03;0;38
50;2025-12-03;1;3
50;2025-12-03;2;0
50;2025-12-03;3;0
50;2025-12-03;4;3
50;2025-12-03;5;78
50;2025-12-03;6;582
50;2025-12-03;7;1824
50;2025-12-03;8;2818
50;2025-12-03;9;2238
50;2025-12-03;10;1699
50;2025-12-03;11;1593
50;2025-12-03;12;1472
50;2025-12-03;13;1462
50;2025-12-03;14;1465
50;2025-12-03;15;1633
50;2025-12-03;16;1749
50;2025-12-03;17;2400
50;2025-12-03;18;2544
50;2025-12-03;19;1611
50;2025-12-03;20;978
50;2025-12-03;21;683
50;2025-12-03;22;329
50;2025-12-03;23;157
50;2025-12-04;0;44
50;2025-12-04;1;3
50;2025-12-04;2;0
50;2025-12-04;3;0
50;2025-12-04;4;2
50;2025-12-04;5;77
50;2025-12-04;6;595
50;2025-12-04;7;1912
50;2025-12-04;8;2807
50;2025-12-04;9;2264
50;2025-12-04;10;1750
50;2025-12-04;11;1647
50;2025-12-04;12;1529
50;2025-12-04;13;1480
50;2025-12-04;14;1413
50;2025-12-04;15;1616
50;2025-12-04;16;1790
50;2025-12-04;17;2412
50;2025-12-04;18;2648
50;2025-12-04;19;1594
50;2025-12-04;20;1016
50;2025-12-04;21;768
50;2025-12-04;22;337
50;2025-12-04;23;178
50;2025-12-05;0;46
50;2025-12-05;1;3
50;2025-12-05;2;0
50;2025-12-05;3;0
50;2025-12-05;4;3
50;2025-12-05;5;75
50;2025-12-05;6;594
50;2025-12-05;7;1828
50;2025-12-05;8;2808
50;2025-12-05;9;2113
50;2025-12-05;10;1660
50;2025-12-05;11;1632
50;2025-12-05;12;1586
50;2025-12-05;13;1552
50;2025-12-05;14;1470
50;2025-12-05;15;1783
50;2025-12-05;16;2169
50;2025-12-05;17;2207
50;2025-12-05;18;1960
50;2025-12-05;19;1328
50;2025-12-05;20;884
50;2025-12-05;21;645
50;2025-12-05;22;344
50;2025-12-05;23;197
50;2025-12-06;0;78
50;2025-12-06;1;5
50;2025-12-06;2;0
50;2025-12-06;3;0
50;2025-12-06;4;1
50;2025-12-06;5;34
50;2025-12-06;6;196
50;2025-12-06;7;451
50;2025-12-06;8;664
50;2025-12-06;9;722
50;2025-12-06;10;719
50;2025-12-06;11;865
50;2025-12-06;12;901
50;2025-12-06;13;907
50;2025-12-06;14;932
50;2025-12-06;15;858
50;2025-12-06;16;858
50;2025-12-06;17;856
50;2025-12-06;18;786
50;2025-12-06;19;724
50;2025-12-06;20;537
50;2025-12-06;21;465
50;2025-12-06;22;281
50;2025-12-06;23;167
50;2025-12-07;0;58
50;2025-12-07;1;5
50;2025-12-07;2;0
50;2025-12-07;3;0
50;2025-12-07;4;0
50;2025-12-07;5;30
50;2025-12-07;6;140
50;2025-12-07;7;277
50;2025-12-07;8;404
50;2025-12-07;9;487
50;2025-12-07;10;537
50;2025-12-07;11;669
50;2025-12-07;12;702
50;2025-12-07;13;799
50;2025-12-07;14;809
50;2025-12-07;15;735
50;2025-12-07;16;757
50;2025-12-07;17;778
50;2025-12-07;18;726
50;2025-12-07;19;617
50;2025-12-07;20;527
50;2025-12-07;21;418
50;2025-12-07;22;254
50;2025-12-07;23;122
50;2025-12-08;0;38
50;2025-12-08;1;4
50;2025-12-08;2;0
50;2025-12-08;3;0
50;2025-12-08;4;2
50;2025-12-08;5;75
50;2025-12-08;6;584
50;2025-12-08;7;1899
50;2025-12-08;8;2842
50;2025-12-08;9;2238
50;2025-12-08;10;1675
50;2025-12-08;11;1594
50;2025-12-08;12;1435
50;2025-12-08;13;1475
50;2025-12-08;14;1399
50;2025-12-08;15;1650
50;2025-12-08;16;1642
50;2025-12-08;17;2375
50;2025-12-08;18;2619
50;2025-12-08;19;1560
50;2025-12-08;20;953
50;2025-12-08;21;640
50;2025-12-08;22;291
50;2025-12-08;23;140
50;2025-12-09;0;37
50;2025-12-09;1;3
50;2025-12-09;2;0
50;2025-12-09;3;0
50;2025-12-09;4;2
50;2025-12-09;5;78
50;2025-12-09;6;631
50;2025-12-09;7;1949
50;2025-12-09;8;2957
50;2025-12-09;9;2263
50;2025-12-09;10;1751
50;2025-12-09;11;1632
50;2025-12-09;12;1523
50;2025-12-09;13;1514
50;2025-12-09;14;1430
50;2025-12-09;15;1633
50;2025-12-09;16;1688
50;2025-12-09;17;2477
50;2025-12-09;18;2678
50;2025-12-09;19;1579
50;2025-12-09;20;1013
50;2025-12-09;21;688
50;2025-12-09;22;315
50;2025-12-09;23;148
50;2025-12-10;0;38
50;2025-12-10;1;3
50;2025-12-10;2;0
50;2025-12-10;3;0
50;2025-12-10;4;3
50;2025-12-10;5;77
50;2025-12-10;6;575
50;2025-12-10;7;1802
50;2025-12-10;8;2785
50;2025-12-10;9;2211
50;2025-12-10;10;1679
50;2025-12-10;11;1574
50;2025-12-10;12;1455
50;2025-12-10;13;1445
50;2025-12-10;14;1448
50;2025-12-10;15;1613
50;2025-12-10;16;1728
50;2025-12-10;17;2372
50;2025-12-10;18;2514
50;2025-12-10;19;1592
50;2025-12-10;20;966
50;2025-12-10;21;675
50;2025-12-10;22;325
50;2025-12-10;23;155
50;2025-12-11;0;43
50;2025-12-11;1;3
50;2025-12-11;2;0
50;2025-12-11;3;0
50;2025-12-11;4;2
50;2025-12-11;5;75
50;2025-12-11;6;580
50;2025-12-11;7;1864
50;2025-12-11;8;2737
50;2025-12-11;9;2207
50;2025-12-11;10;1706
50;2025-12-11;11;1606
50;2025-12-11;12;1490
50;2025-12-11;13;1443
50;2025-12-11;14;1378
50;2025-12-11;15;1576
50;2025-12-11;16;1745
50;2025-12-11;17;2352
50;2025-12-11;18;2582
50;2025-12-11;19;1554
50;2025-12-11;20;991
50;2025-12-11;21;748
50;2025-12-11;22;328
50;2025-12-11;23;174
50;2025-12-12;0;44
50;2025-12-12;1;3
50;2025-12-12;2;0
50;2025-12-12;3;0
50;2025-12-12;4;3
50;2025-12-12;5;73
50;2025-12-12;6;579
50;2025-12-12;7;1779
50;2025-12-12;8;2734
50;2025-12-12;9;2057
50;2025-12-12;10;1617
50;2025-12-12;11;1589
50;2025-12-12;12;1544
50;2025-12-12;13;1512
50;2025-12-12;14;1431
50;2025-12-12;15;1736
50;2025-12-12;16;2112
50;2025-12-12;17;2149
50;2025-12-12;18;1908
50;2025-12-12;19;1293
50;2025-12-12;20;861
50;2025-12-12;21;628
50;2025-12-12;22;335
50;2025-12-12;23;192
50;2025-12-13;0;77
50;2025-12-13;1;5
50;2025-12-13;2;0
50;2025-12-13;3;0
50;2025-12-13;4;1
50;2025-12-13;5;34
50;2025-12-13;6;193
50;2025-12-13;7;445
50;2025-12-13;8;655
50;2025-12-13;9;712
50;2025-12-13;10;708
50;2025-12-13;11;852
50;2025-12-13;12;888
50;2025-12-13;13;894
50;2025-12-13;14;919
50;2025-12-13;15;845
50;2025-12-13;16;846
50;2025-12-13;17;844
50;2025-12-13;18;774
50;2025-12-13;19;713
50;2025-12-13;20;529
50;2025-12-13;21;459
50;2025-12-13;22;277
50;2025-12-13;23;165
50;2025-12-14;0;58
50;2025-12-14;1;5
50;2025-12-14;2;0
50;2025-12-14;3;0
50;2025-12-14;4;0
50;2025-12-14;5;30
50;2025-12-14;6;140
50;2025-12-14;7;276
50;2025-12-14;8;402
50;2025-12-14;9;484
50;2025-12-14;10;534
50;2025-12-14;11;665
50;2025-12-14;12;699
50;2025-12-14;13;794
50;2025-12-14;14;805
50;2025-12-14;15;731
50;2025-12-14;16;753
50;2025-12-14;17;774
50;2025-12-14;18;722
50;2025-12-14;19;614
50;2025-12-14;20;524
50;2025-12-14;21;416
50;2025-12-14;22;253
50;2025-12-14;23;121
50;2025-12-15;0;38
50;2025-12-15;1;4
50;2025-12-15;2;0
50;2025-12-15;3;0
50;2025-12-15;4;2
50;2025-12-15;5;75
50;2025-12-15;6;584
50;2025-12-15;7;1897
50;2025-12-15;8;2840
50;2025-12-15;9;2237
50;2025-12-15;10;1674
50;2025-12-15;11;1593
50;2025-12-15;12;1435
50;2025-12-15;13;1474
50;2025-12-15;14;1398
50;2025-12-15;15;1649
50;2025-12-15;16;1641
50;2025-12-15;17;2374
50;2025-12-15;18;2617
50;2025-12-15;19;1559
50;2025-12-15;20;953
50;2025-12-15;21;640
50;2025-12-15;22;291
50;2025-12-15;23;140
50;2025-12-16;0;36
50;2025-12-16;1;3
50;2025-12-16;2;0
50;2025-12-16;3;0
50;2025-12-16;4;2
50;2025-12-16;5;77
50;2025-12-16;6;624
50;2025-12-16;7;1929
50;2025-12-16;8;2927
50;2025-12-16;9;2239
50;2025-12-16;10;1733
50;2025-12-16;11;1616
50;2025-12-16;12;1507
50;2025-12-16;13;1498
50;2025-12-16;14;1416
50;2025-12-16;15;1616
50;2025-12-16;16;1671
50;2025-12-16;17;2452
50;2025-12-16;18;2651
50;2025-12-16;19;1563
50;2025-12-16;20;1003
50;2025-12-16;21;681
50;2025-12-16;22;312
50;2025-12-16;23;147
50;2025-12-17;0;38
50;2025-12-17;1;3
50;2025-12-17;2;0
50;2025-12-17;3;0
50;2025-12-17;4;3
50;2025-12-17;5;77
50;2025-12-17;6;578
50;2025-12-17;7;1811
50;2025-12-17;8;2799
50;2025-12-17;9;2222
50;2025-12-17;10;1687
50;2025-12-17;11;1582
50;2025-12-17;12;1462
50;2025-12-17;13;1452
50;2025-12-17;14;1455
50;2025-12-17;15;1621
50;2025-12-17;16;1737
50;2025-12-17;17;2383
50;2025-12-17;18;2526
50;2025-12-17;19;1600
50;2025-12-17;20;971
50;2025-12-17;21;678
50;2025-12-17;22;327
50;2025-12-17;23;156
50;2025-12-18;0;44
50;2025-12-18;1;3
50;2025-12-18;2;0
50;2025-12-18;3;0
50;2025-12-18;4;2
50;2025-12-18;5;78
50;2025-12-18;6;601
50;2025-12-18;7;1933
50;2025-12-18;8;2838
50;2025-12-18;9;2289
50;2025-12-18;10;1769
50;2025-12-18;11;1665
50;2025-12-18;12;1545
50;2025-12-18;13;1496
50;2025-12-18;14;1429
50;2025-12-18;15;1634
50;2025-12-18;16;1809
50;2025-12-18;17;2439
50;2025-12-18;18;2678
50;2025-12-18;19;1611
50;2025-12-18;20;1027
50;2025-12-18;21;776
50;2025-12-18;22;341
50;2025-12-18;23;180
50;2025-12-19;0;46
50;2025-12-19;1;3
50;2025-12-19;2;0
50;2025-12-19;3;0
50;2025-12-19;4;3
50;2025-12-19;5;75
50;2025-12-19;6;594
50;2025-12-19;7;1825
50;2025-12-19;8;2804
50;2025-12-19;9;2110
50;2025-12-19;10;1659
50;2025-12-19;11;1630
50;2025-12-19;12;1584
50;2025-12-19;13;1551
50;2025-12-19;14;1468
50;2025-12-19;15;1781
50;2025-12-19;16;2167
50;2025-12-19;17;2204
50;2025-12-19;18;1957
50;2025-12-19;19;1326
50;2025-12-19;20;883
50;2025-12-19;21;644
50;2025-12-19;22;343
50;2025-12-19;23;197
50;2025-12-20;0;78
50;2025-12-20;1;5
50;2025-12-20;2;0
50;2025-12-20;3;0
50;2025-12-20;4;1
50;2025-12-20;5;34
50;2025-12-20;6;195
50;2025-12-20;7;450
50;2025-12-20;8;663
50;2025-12-20;9;721
50;2025-12-20;10;717
50;2025-12-20;11;863
50;2025-12-20;12;898
50;2025-12-20;13;905
50;2025-12-20;14;930
50;2025-12-20;15;856
50;2025-12-20;16;856
50;2025-12-20;17;854
50;2025-12-20;18;784
50;2025-12-20;19;722
50;2025-12-20;20;535
50;2025-12-20;21;464
50;2025-12-20;22;280
50;2025-12-20;23;167
50;2025-12-21;0;57
50;2025-12-21;1;5
50;2025-12-21;2;0
50;2025-12-21;3;0
50;2025-12-21;4;0
50;2025-12-21;5;30
50;2025-12-21;6;139
50;2025-12-21;7;274
50;2025-12-21;8;400
50;2025-12-21;9;482
50;2025-12-21;10;532
50;2025-12-21;11;662
50;2025-12-21;12;696
50;2025-12-21;13;791
50;2025-12-21;14;802
50;2025-12-21;15;728
50;2025-12-21;16;750
50;2025-12-21;17;770
50;2025-12-21;18;719
50;2025-12-21;19;611
50;2025-12-21;20;522
50;2025-12-21;21;414
50;2025-12-21;22;252
50;2025-12-21;23;121
50;2025-12-22;0;38
50;2025-12-22;1;4
50;2025-12-22;2;0
50;2025-12-22;3;0
50;2025-12-22;4;2
50;2025-12-22;5;73
50;2025-12-22;6;574
50;2025-12-22;7;1866
50;2025-12-22;8;2794
50;2025-12-22;9;2200
50;2025-12-22;10;1647
50;2025-12-22;11;1566
50;2025-12-22;12;1411
50;2025-12-22;13;1450
50;2025-12-22;14;1375
50;2025-12-22;15;1622
50;2025-12-22;16;1614
50;2025-12-22;17;2335
50;2025-12-22;18;2574
50;2025-12-22;19;1533
50;2025-12-22;20;937
50;2025-12-22;21;629
50;2025-12-22;22;286
50;2025-12-22;23;138
50;2025-12-23;0;37
50;2025-12-23;1;3
50;2025-12-23;2;0
50;2025-12-23;3;0
50;2025-12-23;4;2
50;2025-12-23;5;78
50;2025-12-23;6;634
50;2025-12-23;7;1960
50;2025-12-23;8;2974
50;2025-12-23;9;2275
50;2025-12-23;10;1761
50;2025-12-23;11;1642
50;2025-12-23;12;1532
50;2025-12-23;13;1522
50;2025-12-23;14;1439
50;2025-12-23;15;1642
50;2025-12-23;16;1698
50;2025-12-23;17;2491
50;2025-12-23;18;2693
50;2025-12-23;19;1588
50;2025-12-23;20;1019
50;2025-12-23;21;692
50;2025-12-23;22;317
50;2025-12-23;23;149
50;2025-12-24;0;38
50;2025-12-24;1;3
50;2025-12-24;2;0
50;2025-12-24;3;0
50;2025-12-24;4;3
50;2025-12-24;5;77
50;2025-12-24;6;579
50;2025-12-24;7;1816
50;2025-12-24;8;2805
50;2025-12-24;9;2227
50;2025-12-24;10;1691
50;2025-12-24;11;1585
50;2025-12-24;12;1465
50;2025-12-24;13;1456
50;2025-12-24;14;1459
50;2025-12-24;15;1625
50;2025-12-24;16;1741
50;2025-12-24;17;2389
50;2025-12-24;18;2532
50;2025-12-24;19;1604
50;2025-12-24;20;973
50;2025-12-24;21;680
50;2025-12-24;22;328
50;2025-12-24;23;156
50;2025-12-25;0;44
50;2025-12-25;1;3
50;2025-12-25;2;0
50;2025-12-25;3;0
50;2025-12-25;4;2
50;2025-12-25;5;77
50;2025-12-25;6;593
50;2025-12-25;7;1907
50;2025-12-25;8;2800
50;2025-12-25;9;2258
50;2025-12-25;10;1745
50;2025-12-25;11;1643
50;2025-12-25;12;1525
50;2025-12-25;13;1476
50;2025-12-25;14;1410
50;2025-12-25;15;1612
50;2025-12-25;16;1785
50;2025-12-25;17;2406
50;2025-12-25;18;2642
50;2025-12-25;19;1590
50;2025-12-25;20;1013
50;2025-12-25;21;766
50;2025-12-25;22;336
50;2025-12-25;23;178
50;2025-12-26;0;44
50;2025-12-26;1;3
50;2025-12-26;2;0
50;2025-12-26;3;0
50;2025-12-26;4;3
50;2025-12-26;5;73
50;2025-12-26;6;574
50;2025-12-26;7;1764
50;2025-12-26;8;2711
50;2025-12-26;9;2040
50;2025-12-26;10;1603
50;2025-12-26;11;1576
50;2025-12-26;12;1531
50;2025-12-26;13;1499
50;2025-12-26;14;1419
50;2025-12-26;15;1722
50;2025-12-26;16;2094
50;2025-12-26;17;2131
50;2025-12-26;18;1892
50;2025-12-26;19;1282
50;2025-12-26;20;853
50;2025-12-26;21;623
50;2025-12-26;22;332
50;2025-12-26;23;190
50;2025-12-27;0;77
50;2025-12-27;1;5
50;2025-12-27;2;0
50;2025-12-27;3;0
50;2025-12-27;4;1
50;2025-12-27;5;34
50;2025-12-27;6;193
50;2025-12-27;7;445
50;2025-12-27;8;655
50;2025-12-27;9;712
50;2025-12-27;10;709
50;2025-12-27;11;853
50;2025-12-27;12;888
50;2025-12-27;13;894
50;2025-12-27;14;919
50;2025-12-27;15;846
50;2025-12-27;16;847
50;2025-12-27;17;844
50;2025-12-27;18;775
50;2025-12-27;19;714
50;2025-12-27;20;529
50;2025-12-27;21;459
50;2025-12-27;22;277
50;2025-12-27;23;165
50;2025-12-28;0;57
50;2025-12-28;1;5
50;2025-12-28;2;0
50;2025-12-28;3;0
50;2025-12-28;4;0
50;2025-12-28;5;29
50;2025-12-28;6;138
50;2025-12-28;7;273
50;2025-12-28;8;398
50;2025-12-28;9;480
50;2025-12-28;10;529
50;2025-12-28;11;659
50;2025-12-28;12;692
50;2025-12-28;13;787
50;2025-12-28;14;798
50;2025-12-28;15;724
50;2025-12-28;16;746
50;2025-12-28;17;767
50;2025-12-28;18;715
50;2025-12-28;19;608
50;2025-12-28;20;520
50;2025-12-28;21;412
50;2025-12-28;22;251
50;2025-12-28;23;120
50;2025-12-29;0;38
50;2025-12-29;1;4
50;2025-12-29;2;0
50;2025-12-29;3;0
50;2025-12-29;4;2
50;2025-12-29;5;74
50;2025-12-29;6;578
50;2025-12-29;7;1880
50;2025-12-29;8;2814
50;2025-12-29;9;2216
50;2025-12-29;10;1659
50;2025-12-29;11;1578
50;2025-12-29;12;1421
50;2025-12-29;13;1461
50;2025-12-29;14;1385
50;2025-12-29;15;1634
50;2025-12-29;16;1625
50;2025-12-29;17;2352
50;2025-12-29;18;2593
50;2025-12-29;19;1544
50;2025-12-29;20;944
50;2025-12-29;21;634
50;2025-12-29;22;289
50;2025-12-29;23;138
50;2025-12-30;0;36
50;2025-12-30;1;3
50;2025-12-30;2;0
50;2025-12-30;3;0
50;2025-12-30;4;2
50;2025-12-30;5;76
50;2025-12-30;6;620
50;2025-12-30;7;1915
50;2025-12-30;8;2904
50;2025-12-30;9;2222
50;2025-12-30;10;1720
50;2025-12-30;11;1603
50;2025-12-30;12;1496
50;2025-12-30;13;1487
50;2025-12-30;14;1405
50;2025-12-30;15;1604
50;2025-12-30;16;1658
50;2025-12-30;17;2433
50;2025-12-30;18;2630
50;2025-12-30;19;1551
50;2025-12-30;20;995
50;2025-12-30;21;676
50;2025-12-30;22;310
50;2025-12-30;23;146
50;2025-12-31;0;52
50;2025-12-31;1;4
50;2025-12-31;2;0
50;2025-12-31;3;0
50;2025-12-31;4;0
50;2025-12-31;5;30
50;2025-12-31;6;156
50;2025-12-31;7;296
50;2025-12-31;8;437
50;2025-12-31;9;513
50;2025-12-31;10;525
50;2025-12-31;11;652
50;2025-12-31;12;690
50;2025-12-31;13;762
50;2025-12-31;14;776
50;2025-12-31;15;690
50;2025-12-31;16;715
50;2025-12-31;17;730
50;2025-12-31;18;690
50;2025-12-31;19;640
50;2025-12-31;20;489
50;2025-12-31;21;407
50;2025-12-31;22;229
50;2025-12-31;23;147
